"../../../Engine/Content/EditorResources/S_Actor.ubulk" 0
"../../../Engine/Content/EditorResources/S_Actor.uasset" 1
"../../../Engine/Content/EditorResources/S_Actor.uexp" 2
"../../../Engine/Content/EditorResources/S_BoxReflectionCapture.uasset" 3
"../../../Engine/Content/EditorResources/S_BoxReflectionCapture.uexp" 4
"../../../Engine/Content/EngineResources/DefaultTexture.ubulk" 5
"../../../Engine/Content/EngineResources/DefaultTexture.uasset" 6
"../../../Engine/Content/EngineResources/DefaultTexture.uexp" 7
"../../../Engine/Content/EngineResources/DefaultTextureCube.uasset" 8
"../../../Engine/Content/EngineResources/DefaultTextureCube.uexp" 9
"../../../Engine/Content/EngineResources/DefaultVolumeTexture2D.uasset" 10
"../../../Engine/Content/EngineResources/DefaultVolumeTexture2D.uexp" 11
"../../../Engine/Content/EngineResources/DefaultVolumeTexture.uasset" 12
"../../../Engine/Content/EngineResources/DefaultVolumeTexture.uexp" 13
"../../../Engine/Content/EditorResources/S_Trigger.ubulk" 14
"../../../Engine/Content/EditorResources/S_Trigger.uasset" 15
"../../../Engine/Content/EditorResources/S_Trigger.uexp" 16
"../../../Engine/Content/EditorResources/S_TriggerBox.uasset" 17
"../../../Engine/Content/EditorResources/S_TriggerBox.uexp" 18
"../../../Engine/Content/EditorResources/S_TriggerCapsule.uasset" 19
"../../../Engine/Content/EditorResources/S_TriggerCapsule.uexp" 20
"../../../Engine/Content/EditorResources/S_TriggerSphere.uasset" 21
"../../../Engine/Content/EditorResources/S_TriggerSphere.uexp" 22
"../../../Engine/Content/EngineMeshes/Sphere.ubulk" 23
"../../../Engine/Content/EngineMeshes/Sphere.uasset" 24
"../../../Engine/Content/EngineMeshes/Sphere.uexp" 25
"../../../Engine/Content/EngineResources/GradientTexture0.uasset" 26
"../../../Engine/Content/EngineResources/GradientTexture0.uexp" 27
"../../../Engine/Content/EngineResources/Black.uasset" 28
"../../../Engine/Content/EngineResources/Black.uexp" 29
"../../../Engine/Content/VREditor/LaserPointer/VR_LaserPower_01.ubulk" 30
"../../../Engine/Content/VREditor/LaserPointer/VR_LaserPower_01.uasset" 31
"../../../Engine/Content/VREditor/LaserPointer/VR_LaserPower_01.uexp" 32
"../../../Engine/Content/VREditor/TransformGizmo/TransformGizmoMaterial.uasset" 33
"../../../Engine/Content/VREditor/TransformGizmo/TransformGizmoMaterial.uexp" 34
"../../../Engine/Content/VREditor/TransformGizmo/TranslucentTransformGizmoMaterial.uasset" 35
"../../../Engine/Content/VREditor/TransformGizmo/TranslucentTransformGizmoMaterial.uexp" 36
"../../../Engine/Content/VREditor/TransformGizmo/BoundingBoxCorner.ubulk" 37
"../../../Engine/Content/VREditor/TransformGizmo/BoundingBoxCorner.uasset" 38
"../../../Engine/Content/VREditor/TransformGizmo/BoundingBoxCorner.uexp" 39
"../../../Engine/Content/VREditor/TransformGizmo/BoundingBoxEdge.ubulk" 40
"../../../Engine/Content/VREditor/TransformGizmo/BoundingBoxEdge.uasset" 41
"../../../Engine/Content/VREditor/TransformGizmo/BoundingBoxEdge.uexp" 42
"../../../Engine/Content/VREditor/TransformGizmo/Main.uasset" 43
"../../../Engine/Content/VREditor/TransformGizmo/Main.uexp" 44
"../../../Engine/Content/VREditor/TransformGizmo/Xray.uasset" 45
"../../../Engine/Content/VREditor/TransformGizmo/Xray.uexp" 46
"../../../Engine/Content/VREditor/TransformGizmo/SM_Sequencer_Node.ubulk" 47
"../../../Engine/Content/VREditor/TransformGizmo/SM_Sequencer_Node.uasset" 48
"../../../Engine/Content/VREditor/TransformGizmo/SM_Sequencer_Node.uexp" 49
"../../../Engine/Content/EditorResources/S_Solver.ubulk" 50
"../../../Engine/Content/EditorResources/S_Solver.uasset" 51
"../../../Engine/Content/EditorResources/S_Solver.uexp" 52
"../../../Engine/Content/EditorMaterials/Camera/CineMat.uasset" 53
"../../../Engine/Content/EditorMaterials/Camera/CineMat.uexp" 54
"../../../Engine/Content/EditorMaterials/Camera/MI_CineMat_Rig.uasset" 55
"../../../Engine/Content/EditorMaterials/Camera/MI_CineMat_Rig.uexp" 56
"../../../Engine/Content/EditorMeshes/Camera/SM_CraneRig_Base.ubulk" 57
"../../../Engine/Content/EditorMeshes/Camera/SM_CraneRig_Base.uasset" 58
"../../../Engine/Content/EditorMeshes/Camera/SM_CraneRig_Base.uexp" 59
"../../../Engine/Content/EditorMeshes/Camera/SM_CraneRig_Arm.ubulk" 60
"../../../Engine/Content/EditorMeshes/Camera/SM_CraneRig_Arm.uasset" 61
"../../../Engine/Content/EditorMeshes/Camera/SM_CraneRig_Arm.uexp" 62
"../../../Engine/Content/EditorMeshes/Camera/SM_CraneRig_Mount.ubulk" 63
"../../../Engine/Content/EditorMeshes/Camera/SM_CraneRig_Mount.uasset" 64
"../../../Engine/Content/EditorMeshes/Camera/SM_CraneRig_Mount.uexp" 65
"../../../Engine/Content/EditorMeshes/Camera/SM_CraneRig_Body.ubulk" 66
"../../../Engine/Content/EditorMeshes/Camera/SM_CraneRig_Body.uasset" 67
"../../../Engine/Content/EditorMeshes/Camera/SM_CraneRig_Body.uexp" 68
"../../../Engine/Content/EditorMeshes/Camera/SM_RailRig_Track.ubulk" 69
"../../../Engine/Content/EditorMeshes/Camera/SM_RailRig_Track.uasset" 70
"../../../Engine/Content/EditorMeshes/Camera/SM_RailRig_Track.uexp" 71
"../../../Engine/Content/EditorMeshes/Camera/SM_RailRig_Mount.ubulk" 72
"../../../Engine/Content/EditorMeshes/Camera/SM_RailRig_Mount.uasset" 73
"../../../Engine/Content/EditorMeshes/Camera/SM_RailRig_Mount.uexp" 74
"../../../Engine/Content/EngineMaterials/T_Default_Material_Grid_M.ubulk" 75
"../../../Engine/Content/EngineMaterials/T_Default_Material_Grid_M.uasset" 76
"../../../Engine/Content/EngineMaterials/T_Default_Material_Grid_M.uexp" 77
"../../../Engine/Content/EngineMaterials/T_Default_Material_Grid_N.ubulk" 78
"../../../Engine/Content/EngineMaterials/T_Default_Material_Grid_N.uasset" 79
"../../../Engine/Content/EngineMaterials/T_Default_Material_Grid_N.uexp" 80
"../../../Engine/Content/Functions/Engine_MaterialFunctions01/Opacity/CameraDepthFade.uasset" 81
"../../../Engine/Content/Functions/Engine_MaterialFunctions01/Opacity/CameraDepthFade.uexp" 82
"../../../Engine/Content/EngineMaterials/WorldGridMaterial.uasset" 83
"../../../Engine/Content/EngineMaterials/WorldGridMaterial.uexp" 84
"../../../Engine/Content/ArtTools/RenderToTexture/Meshes/S_1_Unit_Plane.ubulk" 85
"../../../Engine/Content/ArtTools/RenderToTexture/Meshes/S_1_Unit_Plane.uasset" 86
"../../../Engine/Content/ArtTools/RenderToTexture/Meshes/S_1_Unit_Plane.uexp" 87
"../../../Engine/Content/EditorMaterials/ParticleSystems/PSysThumbnail_NoImage.ubulk" 88
"../../../Engine/Content/EditorMaterials/ParticleSystems/PSysThumbnail_NoImage.uasset" 89
"../../../Engine/Content/EditorMaterials/ParticleSystems/PSysThumbnail_NoImage.uexp" 90
"../../../Engine/Content/EditorMaterials/ParticleSystems/PSysThumbnail_OOD.ubulk" 91
"../../../Engine/Content/EditorMaterials/ParticleSystems/PSysThumbnail_OOD.uasset" 92
"../../../Engine/Content/EditorMaterials/ParticleSystems/PSysThumbnail_OOD.uexp" 93
"../../../Engine/Content/EditorLandscapeResources/SplineEditorMeshMat.uasset" 94
"../../../Engine/Content/EditorLandscapeResources/SplineEditorMeshMat.uexp" 95
"../../../Engine/Content/EditorLandscapeResources/SplineEditorMesh.ubulk" 96
"../../../Engine/Content/EditorLandscapeResources/SplineEditorMesh.uasset" 97
"../../../Engine/Content/EditorLandscapeResources/SplineEditorMesh.uexp" 98
"../../../Engine/Plugins/Media/MediaPlate/Content/SM_MediaPlateScreen.ubulk" 99
"../../../Engine/Plugins/Media/MediaPlate/Content/SM_MediaPlateScreen.uasset" 100
"../../../Engine/Plugins/Media/MediaPlate/Content/SM_MediaPlateScreen.uexp" 101
"../../../Engine/Content/EngineMaterials/DefaultBokeh.uasset" 102
"../../../Engine/Content/EngineMaterials/DefaultBokeh.uexp" 103
"../../../Engine/Content/EngineMaterials/MiniFont.uasset" 104
"../../../Engine/Content/EngineMaterials/MiniFont.uexp" 105
"../../../Engine/Content/EngineMaterials/WeightMapPlaceholderTexture.uasset" 106
"../../../Engine/Content/EngineMaterials/WeightMapPlaceholderTexture.uexp" 107
"../../../Engine/Content/EngineMaterials/WeightMapArrayPlaceholderTexture.uasset" 108
"../../../Engine/Content/EngineMaterials/WeightMapArrayPlaceholderTexture.uexp" 109
"../../../Engine/Content/EngineMaterials/DefaultWhiteGrid.ubulk" 110
"../../../Engine/Content/EngineMaterials/DefaultWhiteGrid.uasset" 111
"../../../Engine/Content/EngineMaterials/DefaultWhiteGrid.uexp" 112
"../../../Engine/Content/EngineMaterials/PreintegratedSkinBRDF.uasset" 113
"../../../Engine/Content/EngineMaterials/PreintegratedSkinBRDF.uexp" 114
"../../../Engine/Content/Functions/Engine_MaterialFunctions02/WorldPositionOffset/CameraOffset.uasset" 115
"../../../Engine/Content/Functions/Engine_MaterialFunctions02/WorldPositionOffset/CameraOffset.uexp" 116
"../../../Engine/Plugins/Animation/ControlRig/Content/M_Manip.uasset" 117
"../../../Engine/Plugins/Animation/ControlRig/Content/M_Manip.uexp" 118
"../../../Engine/Plugins/Animation/ACLPlugin/Content/ACLAnimCurveCompressionSettings.uasset" 119
"../../../Engine/Plugins/Animation/ACLPlugin/Content/ACLAnimCurveCompressionSettings.uexp" 120
"../../../Engine/Plugins/Animation/ACLPlugin/Content/ACLAnimBoneCompressionSettings.uasset" 121
"../../../Engine/Plugins/Animation/ACLPlugin/Content/ACLAnimBoneCompressionSettings.uexp" 122
"../../../Engine/Plugins/2D/Paper2D/Content/PlaceholderTextures/DummySpriteTexture.ubulk" 123
"../../../Engine/Plugins/2D/Paper2D/Content/PlaceholderTextures/DummySpriteTexture.uasset" 124
"../../../Engine/Plugins/2D/Paper2D/Content/PlaceholderTextures/DummySpriteTexture.uexp" 125
"../../../Engine/Plugins/2D/Paper2D/Content/DefaultSpriteMaterial.uasset" 126
"../../../Engine/Plugins/2D/Paper2D/Content/DefaultSpriteMaterial.uexp" 127
"../../../Engine/Plugins/2D/Paper2D/Content/OpaqueUnlitSpriteMaterial.uasset" 128
"../../../Engine/Plugins/2D/Paper2D/Content/OpaqueUnlitSpriteMaterial.uexp" 129
"../../../Engine/Plugins/2D/Paper2D/Content/MaskedUnlitSpriteMaterial.uasset" 130
"../../../Engine/Plugins/2D/Paper2D/Content/MaskedUnlitSpriteMaterial.uexp" 131
"../../../Engine/Plugins/2D/Paper2D/Content/DummySprite.uasset" 132
"../../../Engine/Plugins/2D/Paper2D/Content/DummySprite.uexp" 133
"../../../Engine/Plugins/2D/Paper2D/Content/DefaultPaperTerrainMaterial.uasset" 134
"../../../Engine/Plugins/2D/Paper2D/Content/DefaultPaperTerrainMaterial.uexp" 135
"C:/Users/bruwu/OneDrive/Documentos/GitHub/MotoresComerciales/MotoresComerciales/Content/Luz.uasset" 136
"C:/Users/bruwu/OneDrive/Documentos/GitHub/MotoresComerciales/MotoresComerciales/Content/Luz.uexp" 137
"../../../Engine/Plugins/Runtime/MeshModelingToolset/Content/Materials/M_DynamicMeshComponentVtxColor.uasset" 138
"../../../Engine/Plugins/Runtime/MeshModelingToolset/Content/Materials/M_DynamicMeshComponentVtxColor.uexp" 139
"../../../Engine/Plugins/Interchange/Runtime/Content/Pipelines/DefaultTexturePipeline.uasset" 140
"../../../Engine/Plugins/Interchange/Runtime/Content/Pipelines/DefaultTexturePipeline.uexp" 141
"../../../Engine/Plugins/Interchange/Runtime/Content/Pipelines/DefaultSceneLevelPipeline.uasset" 142
"../../../Engine/Plugins/Interchange/Runtime/Content/Pipelines/DefaultSceneLevelPipeline.uexp" 143
"../../../Engine/Plugins/Interchange/Runtime/Content/Pipelines/DefaultSceneAssetsPipeline.uasset" 144
"../../../Engine/Plugins/Interchange/Runtime/Content/Pipelines/DefaultSceneAssetsPipeline.uexp" 145
"../../../Engine/Plugins/Interchange/Runtime/Content/Pipelines/DefaultMaterialXPipeline.uasset" 146
"../../../Engine/Plugins/Interchange/Runtime/Content/Pipelines/DefaultMaterialXPipeline.uexp" 147
"../../../Engine/Plugins/Interchange/Runtime/Content/Pipelines/DefaultMaterialPipeline.uasset" 148
"../../../Engine/Plugins/Interchange/Runtime/Content/Pipelines/DefaultMaterialPipeline.uexp" 149
"../../../Engine/Plugins/Interchange/Runtime/Content/Pipelines/DefaultGLTFSceneAssetsPipeline.uasset" 150
"../../../Engine/Plugins/Interchange/Runtime/Content/Pipelines/DefaultGLTFSceneAssetsPipeline.uexp" 151
"../../../Engine/Plugins/Interchange/Runtime/Content/Pipelines/DefaultGLTFPipeline.uasset" 152
"../../../Engine/Plugins/Interchange/Runtime/Content/Pipelines/DefaultGLTFPipeline.uexp" 153
"../../../Engine/Plugins/Interchange/Runtime/Content/Pipelines/DefaultGLTFAssetsPipeline.uasset" 154
"../../../Engine/Plugins/Interchange/Runtime/Content/Pipelines/DefaultGLTFAssetsPipeline.uexp" 155
"../../../Engine/Plugins/Interchange/Runtime/Content/Pipelines/DefaultAssetsPipeline.uasset" 156
"../../../Engine/Plugins/Interchange/Runtime/Content/Pipelines/DefaultAssetsPipeline.uexp" 157
"../../../Engine/Plugins/Interchange/Runtime/Content/Functions/MX_UsdPreviewSurface.uasset" 158
"../../../Engine/Plugins/Interchange/Runtime/Content/Functions/MX_UsdPreviewSurface.uexp" 159
"../../../Engine/Plugins/Interchange/Runtime/Content/Functions/MX_UniformEDF.uasset" 160
"../../../Engine/Plugins/Interchange/Runtime/Content/Functions/MX_UniformEDF.uexp" 161
"../../../Engine/Plugins/Interchange/Runtime/Content/Functions/MX_TranslucentBSDF.uasset" 162
"../../../Engine/Plugins/Interchange/Runtime/Content/Functions/MX_TranslucentBSDF.uexp" 163
"../../../Engine/Plugins/Interchange/Runtime/Content/Functions/MX_ThinFilmBSDF.uasset" 164
"../../../Engine/Plugins/Interchange/Runtime/Content/Functions/MX_ThinFilmBSDF.uexp" 165
"../../../Engine/Plugins/Interchange/Runtime/Content/Functions/MX_SurfaceUnlit.uasset" 166
"../../../Engine/Plugins/Interchange/Runtime/Content/Functions/MX_SurfaceUnlit.uexp" 167
"../../../Engine/Plugins/Interchange/Runtime/Content/Functions/MX_Surface.uasset" 168
"../../../Engine/Plugins/Interchange/Runtime/Content/Functions/MX_Surface.uexp" 169
"../../../Engine/Plugins/Interchange/Runtime/Content/Functions/MX_SubsurfaceBSDF.uasset" 170
"../../../Engine/Plugins/Interchange/Runtime/Content/Functions/MX_SubsurfaceBSDF.uexp" 171
"../../../Engine/Plugins/Interchange/Runtime/Content/Functions/MX_SheenBSDF.uasset" 172
"../../../Engine/Plugins/Interchange/Runtime/Content/Functions/MX_SheenBSDF.uexp" 173
"../../../Engine/Plugins/Interchange/Runtime/Content/Functions/MX_OrenNayarBSDF.uasset" 174
"../../../Engine/Plugins/Interchange/Runtime/Content/Functions/MX_OrenNayarBSDF.uexp" 175
"../../../Engine/Content/Functions/Engine_MaterialFunctions02/Utility/CameraDirectionVector.uasset" 176
"../../../Engine/Content/Functions/Engine_MaterialFunctions02/Utility/CameraDirectionVector.uexp" 177
"../../../Engine/Content/Functions/Engine_MaterialFunctions01/Volumetrics/BeersLaw.uasset" 178
"../../../Engine/Content/Functions/Engine_MaterialFunctions01/Volumetrics/BeersLaw.uexp" 179
"../../../Engine/Content/EngineMaterials/Good64x64TilingNoiseHighFreq.uasset" 180
"../../../Engine/Content/EngineMaterials/Good64x64TilingNoiseHighFreq.uexp" 181
"../../../Engine/Content/Functions/Engine_MaterialFunctions02/Texturing/ScreenAlignedPixelToPixelUVs.uasset" 182
"../../../Engine/Content/Functions/Engine_MaterialFunctions02/Texturing/ScreenAlignedPixelToPixelUVs.uexp" 183
"../../../Engine/Plugins/Interchange/Runtime/Content/gltf/MaterialFunctions/MF_Temporal_Blur.uasset" 184
"../../../Engine/Plugins/Interchange/Runtime/Content/gltf/MaterialFunctions/MF_Temporal_Blur.uexp" 185
"../../../Engine/Plugins/Interchange/Runtime/Content/gltf/MaterialFunctions/MF_Fresnel_DS.uasset" 186
"../../../Engine/Plugins/Interchange/Runtime/Content/gltf/MaterialFunctions/MF_Fresnel_DS.uexp" 187
"../../../Engine/Content/Functions/Engine_MaterialFunctions02/Utility/BreakOutFloat3Components.uasset" 188
"../../../Engine/Content/Functions/Engine_MaterialFunctions02/Utility/BreakOutFloat3Components.uexp" 189
"../../../Engine/Plugins/Interchange/Runtime/Content/Functions/MX_Transmission.uasset" 190
"../../../Engine/Plugins/Interchange/Runtime/Content/Functions/MX_Transmission.uexp" 191
"../../../Engine/Plugins/Interchange/Runtime/Content/Functions/MF_OrenNayerView.uasset" 192
"../../../Engine/Plugins/Interchange/Runtime/Content/Functions/MF_OrenNayerView.uexp" 193
"../../../Engine/Plugins/Interchange/Runtime/Content/Functions/MF_SchlickApprox.uasset" 194
"../../../Engine/Plugins/Interchange/Runtime/Content/Functions/MF_SchlickApprox.uexp" 195
"../../../Engine/Plugins/Interchange/Runtime/Content/Utilities/New_LUT.uasset" 196
"../../../Engine/Plugins/Interchange/Runtime/Content/Utilities/New_LUT.uexp" 197
"../../../Engine/Content/Functions/Engine_MaterialFunctions03/Math/RemapValueRange.uasset" 198
"../../../Engine/Content/Functions/Engine_MaterialFunctions03/Math/RemapValueRange.uexp" 199
"../../../Engine/Plugins/Interchange/Runtime/Content/Functions/MF_Iridescence.uasset" 200
"../../../Engine/Plugins/Interchange/Runtime/Content/Functions/MF_Iridescence.uexp" 201
"../../../Engine/Plugins/Interchange/Runtime/Content/Functions/MX_StandardSurface.uasset" 202
"../../../Engine/Plugins/Interchange/Runtime/Content/Functions/MX_StandardSurface.uexp" 203
"../../../Engine/Plugins/Interchange/Runtime/Content/Functions/MX_TransmissionSurface.uasset" 204
"../../../Engine/Plugins/Interchange/Runtime/Content/Functions/MX_TransmissionSurface.uexp" 205
"../../../Engine/Plugins/Interchange/Runtime/Content/Functions/MX_OpenPBR_Translucent.uasset" 206
"../../../Engine/Plugins/Interchange/Runtime/Content/Functions/MX_OpenPBR_Translucent.uexp" 207
"../../../Engine/Plugins/Interchange/Runtime/Content/Functions/MX_OpenPBR_Opaque.uasset" 208
"../../../Engine/Plugins/Interchange/Runtime/Content/Functions/MX_OpenPBR_Opaque.uexp" 209
"../../../Engine/Plugins/Interchange/Runtime/Content/Functions/MX_MeasuredEDF.uasset" 210
"../../../Engine/Plugins/Interchange/Runtime/Content/Functions/MX_MeasuredEDF.uexp" 211
"../../../Engine/Plugins/Interchange/Runtime/Content/Functions/MX_GeneralizedSchlickBSDF.uasset" 212
"../../../Engine/Plugins/Interchange/Runtime/Content/Functions/MX_GeneralizedSchlickBSDF.uexp" 213
"../../../Engine/Plugins/Interchange/Runtime/Content/Functions/MX_DielectricBSDF.uasset" 214
"../../../Engine/Plugins/Interchange/Runtime/Content/Functions/MX_DielectricBSDF.uexp" 215
"../../../Engine/Plugins/Interchange/Runtime/Content/Functions/MX_ConicalEDF.uasset" 216
"../../../Engine/Plugins/Interchange/Runtime/Content/Functions/MX_ConicalEDF.uexp" 217
"../../../Engine/Plugins/Interchange/Runtime/Content/Functions/MX_ConductorBSDF.uasset" 218
"../../../Engine/Plugins/Interchange/Runtime/Content/Functions/MX_ConductorBSDF.uexp" 219
"../../../Engine/Plugins/Interchange/Runtime/Content/Functions/MX_BurleyDiffuseBSDF.uasset" 220
"../../../Engine/Plugins/Interchange/Runtime/Content/Functions/MX_BurleyDiffuseBSDF.uexp" 221
"../../../Engine/Plugins/Interchange/Runtime/Content/Functions/MX_AnisotropicVDF.uasset" 222
"../../../Engine/Plugins/Interchange/Runtime/Content/Functions/MX_AnisotropicVDF.uexp" 223
"../../../Engine/Plugins/Interchange/Runtime/Content/Functions/MX_AbsorptionVDF.uasset" 224
"../../../Engine/Plugins/Interchange/Runtime/Content/Functions/MX_AbsorptionVDF.uexp" 225
"../../../Engine/Plugins/Editor/SpeedTreeImporter/Content/SpeedTree9/game_wind_noise.ubulk" 226
"../../../Engine/Plugins/Editor/SpeedTreeImporter/Content/SpeedTree9/game_wind_noise.uasset" 227
"../../../Engine/Plugins/Editor/SpeedTreeImporter/Content/SpeedTree9/game_wind_noise.uexp" 228
"../../../Engine/Plugins/Editor/SpeedTreeImporter/Content/SpeedTree9/UnpackDirection.uasset" 229
"../../../Engine/Plugins/Editor/SpeedTreeImporter/Content/SpeedTree9/UnpackDirection.uexp" 230
"../../../Engine/Content/Functions/Engine_MaterialFunctions02/ObjectLocalBounds.uasset" 231
"../../../Engine/Content/Functions/Engine_MaterialFunctions02/ObjectLocalBounds.uexp" 232
"../../../Engine/Content/Functions/Engine_MaterialFunctions02/UVs/BoundingBoxBased_0-1_UVW.uasset" 233
"../../../Engine/Content/Functions/Engine_MaterialFunctions02/UVs/BoundingBoxBased_0-1_UVW.uexp" 234
"../../../Engine/Content/Functions/Engine_MaterialFunctions02/Utility/VectorLength.uasset" 235
"../../../Engine/Content/Functions/Engine_MaterialFunctions02/Utility/VectorLength.uexp" 236
"../../../Engine/Plugins/Editor/SpeedTreeImporter/Content/SpeedTree9/UnpackInteger3.uasset" 237
"../../../Engine/Plugins/Editor/SpeedTreeImporter/Content/SpeedTree9/UnpackInteger3.uexp" 238
"../../../Engine/Plugins/Editor/SpeedTreeImporter/Content/SpeedTree9/SpeedTreeCameraFacing.uasset" 239
"../../../Engine/Plugins/Editor/SpeedTreeImporter/Content/SpeedTree9/SpeedTreeCameraFacing.uexp" 240
"../../../Engine/Content/Functions/Engine_MaterialFunctions02/WorldPositionOffset/ObjectScale.uasset" 241
"../../../Engine/Content/Functions/Engine_MaterialFunctions02/WorldPositionOffset/ObjectScale.uexp" 242
"../../../Engine/Content/Functions/Engine_MaterialFunctions02/SafeNormalize.uasset" 243
"../../../Engine/Content/Functions/Engine_MaterialFunctions02/SafeNormalize.uexp" 244
"../../../Engine/Plugins/Editor/SpeedTreeImporter/Content/SpeedTree9/SpeedTreeWindMotion.uasset" 245
"../../../Engine/Plugins/Editor/SpeedTreeImporter/Content/SpeedTree9/SpeedTreeWindMotion.uexp" 246
"../../../Engine/Plugins/Editor/SpeedTreeImporter/Content/SpeedTree9/SpeedTreeBranchMotion.uasset" 247
"../../../Engine/Plugins/Editor/SpeedTreeImporter/Content/SpeedTree9/SpeedTreeBranchMotion.uexp" 248
"../../../Engine/Plugins/Editor/SpeedTreeImporter/Content/SpeedTree9/SpeedTreeWind.uasset" 249
"../../../Engine/Plugins/Editor/SpeedTreeImporter/Content/SpeedTree9/SpeedTreeWind.uexp" 250
"../../../Engine/Plugins/Editor/SpeedTreeImporter/Content/SpeedTree9/EmptyNormal.uasset" 251
"../../../Engine/Plugins/Editor/SpeedTreeImporter/Content/SpeedTree9/EmptyNormal.uexp" 252
"../../../Engine/Plugins/Editor/SpeedTreeImporter/Content/SpeedTree9/Empty.uasset" 253
"../../../Engine/Plugins/Editor/SpeedTreeImporter/Content/SpeedTree9/Empty.uexp" 254
"../../../Engine/Plugins/Editor/SpeedTreeImporter/Content/SpeedTree9/SpeedTreeMaster.uasset" 255
"../../../Engine/Plugins/Editor/SpeedTreeImporter/Content/SpeedTree9/SpeedTreeMaster.uexp" 256
"../../../Engine/Plugins/Editor/SpeedTreeImporter/Content/SpeedTree9/SpeedTreeBillboard.uasset" 257
"../../../Engine/Plugins/Editor/SpeedTreeImporter/Content/SpeedTree9/SpeedTreeBillboard.uexp" 258
"../../../Engine/Plugins/Editor/SpeedTreeImporter/Content/SpeedTree9/SpeedTreeBillboardMaster.uasset" 259
"../../../Engine/Plugins/Editor/SpeedTreeImporter/Content/SpeedTree9/SpeedTreeBillboardMaster.uexp" 260
"../../../Engine/Plugins/Animation/ControlRig/Content/Controls/ControlRigXRayMaterial.uasset" 261
"../../../Engine/Plugins/Animation/ControlRig/Content/Controls/ControlRigXRayMaterial.uexp" 262
"../../../Engine/Plugins/Animation/ControlRig/Content/Controls/ControlRigGizmoMaterial.uasset" 263
"../../../Engine/Plugins/Animation/ControlRig/Content/Controls/ControlRigGizmoMaterial.uexp" 264
"../../../Engine/Plugins/Animation/ControlRig/Content/Controls/ControlRig_Wedge_solid.ubulk" 265
"../../../Engine/Plugins/Animation/ControlRig/Content/Controls/ControlRig_Wedge_solid.uasset" 266
"../../../Engine/Plugins/Animation/ControlRig/Content/Controls/ControlRig_Wedge_solid.uexp" 267
"../../../Engine/Plugins/Animation/ControlRig/Content/Controls/ControlRig_Wedge_3mm.ubulk" 268
"../../../Engine/Plugins/Animation/ControlRig/Content/Controls/ControlRig_Wedge_3mm.uasset" 269
"../../../Engine/Plugins/Animation/ControlRig/Content/Controls/ControlRig_Wedge_3mm.uexp" 270
"../../../Engine/Plugins/Animation/ControlRig/Content/Controls/ControlRig_Wedge_1mm.ubulk" 271
"../../../Engine/Plugins/Animation/ControlRig/Content/Controls/ControlRig_Wedge_1mm.uasset" 272
"../../../Engine/Plugins/Animation/ControlRig/Content/Controls/ControlRig_Wedge_1mm.uexp" 273
"../../../Engine/Plugins/Animation/ControlRig/Content/Controls/ControlRig_Triangle_solid.ubulk" 274
"../../../Engine/Plugins/Animation/ControlRig/Content/Controls/ControlRig_Triangle_solid.uasset" 275
"../../../Engine/Plugins/Animation/ControlRig/Content/Controls/ControlRig_Triangle_solid.uexp" 276
"../../../Engine/Plugins/Animation/ControlRig/Content/Controls/ControlRig_Triangle_3mm.ubulk" 277
"../../../Engine/Plugins/Animation/ControlRig/Content/Controls/ControlRig_Triangle_3mm.uasset" 278
"../../../Engine/Plugins/Animation/ControlRig/Content/Controls/ControlRig_Triangle_3mm.uexp" 279
"../../../Engine/Plugins/Animation/ControlRig/Content/Controls/ControlRig_Triangle_1mm.ubulk" 280
"../../../Engine/Plugins/Animation/ControlRig/Content/Controls/ControlRig_Triangle_1mm.uasset" 281
"../../../Engine/Plugins/Animation/ControlRig/Content/Controls/ControlRig_Triangle_1mm.uexp" 282
"../../../Engine/Plugins/Animation/ControlRig/Content/Controls/ControlRig_Star4_solid.ubulk" 283
"../../../Engine/Plugins/Animation/ControlRig/Content/Controls/ControlRig_Star4_solid.uasset" 284
"../../../Engine/Plugins/Animation/ControlRig/Content/Controls/ControlRig_Star4_solid.uexp" 285
"../../../Engine/Plugins/Animation/ControlRig/Content/Controls/ControlRig_Star4_3mm.ubulk" 286
"../../../Engine/Plugins/Animation/ControlRig/Content/Controls/ControlRig_Star4_3mm.uasset" 287
"../../../Engine/Plugins/Animation/ControlRig/Content/Controls/ControlRig_Star4_3mm.uexp" 288
"../../../Engine/Plugins/Animation/ControlRig/Content/Controls/ControlRig_Star4_1mm.ubulk" 289
"../../../Engine/Plugins/Animation/ControlRig/Content/Controls/ControlRig_Star4_1mm.uasset" 290
"../../../Engine/Plugins/Animation/ControlRig/Content/Controls/ControlRig_Star4_1mm.uexp" 291
"../../../Engine/Plugins/Animation/ControlRig/Content/Controls/ControlRig_Square_solid.ubulk" 292
"../../../Engine/Plugins/Animation/ControlRig/Content/Controls/ControlRig_Square_solid.uasset" 293
"../../../Engine/Plugins/Animation/ControlRig/Content/Controls/ControlRig_Square_solid.uexp" 294
"../../../Engine/Plugins/Animation/ControlRig/Content/Controls/ControlRig_Square_3mm.ubulk" 295
"../../../Engine/Plugins/Animation/ControlRig/Content/Controls/ControlRig_Square_3mm.uasset" 296
"../../../Engine/Plugins/Animation/ControlRig/Content/Controls/ControlRig_Square_3mm.uexp" 297
"../../../Engine/Plugins/Animation/ControlRig/Content/Controls/ControlRig_Square_1mm.ubulk" 298
"../../../Engine/Plugins/Animation/ControlRig/Content/Controls/ControlRig_Square_1mm.uasset" 299
"../../../Engine/Plugins/Animation/ControlRig/Content/Controls/ControlRig_Square_1mm.uexp" 300
"../../../Engine/Plugins/Animation/ControlRig/Content/Controls/ControlRig_Sphere_solid.ubulk" 301
"../../../Engine/Plugins/Animation/ControlRig/Content/Controls/ControlRig_Sphere_solid.uasset" 302
"../../../Engine/Plugins/Animation/ControlRig/Content/Controls/ControlRig_Sphere_solid.uexp" 303
"../../../Engine/Plugins/Animation/ControlRig/Content/Controls/ControlRig_Sphere_3mm.ubulk" 304
"../../../Engine/Plugins/Animation/ControlRig/Content/Controls/ControlRig_Sphere_3mm.uasset" 305
"../../../Engine/Plugins/Animation/ControlRig/Content/Controls/ControlRig_Sphere_3mm.uexp" 306
"../../../Engine/Plugins/Animation/ControlRig/Content/Controls/ControlRig_Sphere_1mm.ubulk" 307
"../../../Engine/Plugins/Animation/ControlRig/Content/Controls/ControlRig_Sphere_1mm.uasset" 308
"../../../Engine/Plugins/Animation/ControlRig/Content/Controls/ControlRig_Sphere_1mm.uexp" 309
"../../../Engine/Plugins/Animation/ControlRig/Content/Controls/ControlRig_RoundedTriangle_solid.ubulk" 310
"../../../Engine/Plugins/Animation/ControlRig/Content/Controls/ControlRig_RoundedTriangle_solid.uasset" 311
"../../../Engine/Plugins/Animation/ControlRig/Content/Controls/ControlRig_RoundedTriangle_solid.uexp" 312
"../../../Engine/Plugins/Animation/ControlRig/Content/Controls/ControlRig_RoundedTriangle_3mm.ubulk" 313
"../../../Engine/Plugins/Animation/ControlRig/Content/Controls/ControlRig_RoundedTriangle_3mm.uasset" 314
"../../../Engine/Plugins/Animation/ControlRig/Content/Controls/ControlRig_RoundedTriangle_3mm.uexp" 315
"../../../Engine/Plugins/Animation/ControlRig/Content/Controls/ControlRig_RoundedTriangle_1mm.ubulk" 316
"../../../Engine/Plugins/Animation/ControlRig/Content/Controls/ControlRig_RoundedTriangle_1mm.uasset" 317
"../../../Engine/Plugins/Animation/ControlRig/Content/Controls/ControlRig_RoundedTriangle_1mm.uexp" 318
"../../../Engine/Plugins/Animation/ControlRig/Content/Controls/ControlRig_RoundedSquare_solid.ubulk" 319
"../../../Engine/Plugins/Animation/ControlRig/Content/Controls/ControlRig_RoundedSquare_solid.uasset" 320
"../../../Engine/Plugins/Animation/ControlRig/Content/Controls/ControlRig_RoundedSquare_solid.uexp" 321
"../../../Engine/Plugins/Animation/ControlRig/Content/Controls/ControlRig_RoundedSquare_3mm.ubulk" 322
"../../../Engine/Plugins/Animation/ControlRig/Content/Controls/ControlRig_RoundedSquare_3mm.uasset" 323
"../../../Engine/Plugins/Animation/ControlRig/Content/Controls/ControlRig_RoundedSquare_3mm.uexp" 324
"../../../Engine/Plugins/Animation/ControlRig/Content/Controls/ControlRig_RoundedSquare_1mm.ubulk" 325
"../../../Engine/Plugins/Animation/ControlRig/Content/Controls/ControlRig_RoundedSquare_1mm.uasset" 326
"../../../Engine/Plugins/Animation/ControlRig/Content/Controls/ControlRig_RoundedSquare_1mm.uexp" 327
"../../../Engine/Plugins/Animation/ControlRig/Content/Controls/ControlRig_QuarterCircle_solid.ubulk" 328
"../../../Engine/Plugins/Animation/ControlRig/Content/Controls/ControlRig_QuarterCircle_solid.uasset" 329
"../../../Engine/Plugins/Animation/ControlRig/Content/Controls/ControlRig_QuarterCircle_solid.uexp" 330
"../../../Engine/Plugins/Animation/ControlRig/Content/Controls/ControlRig_QuarterCircle_3mm.ubulk" 331
"../../../Engine/Plugins/Animation/ControlRig/Content/Controls/ControlRig_QuarterCircle_3mm.uasset" 332
"../../../Engine/Plugins/Animation/ControlRig/Content/Controls/ControlRig_QuarterCircle_3mm.uexp" 333
"../../../Engine/Plugins/Animation/ControlRig/Content/Controls/ControlRig_QuarterCircle_1mm.ubulk" 334
"../../../Engine/Plugins/Animation/ControlRig/Content/Controls/ControlRig_QuarterCircle_1mm.uasset" 335
"../../../Engine/Plugins/Animation/ControlRig/Content/Controls/ControlRig_QuarterCircle_1mm.uexp" 336
"../../../Engine/Plugins/Animation/ControlRig/Content/Controls/ControlRig_Pyramid_solid.ubulk" 337
"../../../Engine/Plugins/Animation/ControlRig/Content/Controls/ControlRig_Pyramid_solid.uasset" 338
"../../../Engine/Plugins/Animation/ControlRig/Content/Controls/ControlRig_Pyramid_solid.uexp" 339
"../../../Engine/Plugins/Animation/ControlRig/Content/Controls/ControlRig_Pyramid_3mm.ubulk" 340
"../../../Engine/Plugins/Animation/ControlRig/Content/Controls/ControlRig_Pyramid_3mm.uasset" 341
"../../../Engine/Plugins/Animation/ControlRig/Content/Controls/ControlRig_Pyramid_3mm.uexp" 342
"../../../Engine/Plugins/Animation/ControlRig/Content/Controls/ControlRig_Pyramid_1mm.ubulk" 343
"../../../Engine/Plugins/Animation/ControlRig/Content/Controls/ControlRig_Pyramid_1mm.uasset" 344
"../../../Engine/Plugins/Animation/ControlRig/Content/Controls/ControlRig_Pyramid_1mm.uexp" 345
"../../../Engine/Plugins/Animation/ControlRig/Content/Controls/ControlRig_Octagon_solid.ubulk" 346
"../../../Engine/Plugins/Animation/ControlRig/Content/Controls/ControlRig_Octagon_solid.uasset" 347
"../../../Engine/Plugins/Animation/ControlRig/Content/Controls/ControlRig_Octagon_solid.uexp" 348
"../../../Engine/Plugins/Animation/ControlRig/Content/Controls/ControlRig_Octagon_3mm.ubulk" 349
"../../../Engine/Plugins/Animation/ControlRig/Content/Controls/ControlRig_Octagon_3mm.uasset" 350
"../../../Engine/Plugins/Animation/ControlRig/Content/Controls/ControlRig_Octagon_3mm.uexp" 351
"../../../Engine/Plugins/Animation/ControlRig/Content/Controls/ControlRig_Octagon_1mm.ubulk" 352
"../../../Engine/Plugins/Animation/ControlRig/Content/Controls/ControlRig_Octagon_1mm.uasset" 353
"../../../Engine/Plugins/Animation/ControlRig/Content/Controls/ControlRig_Octagon_1mm.uexp" 354
"../../../Engine/Plugins/Animation/ControlRig/Content/Controls/ControlRig_Hexagon_solid.ubulk" 355
"../../../Engine/Plugins/Animation/ControlRig/Content/Controls/ControlRig_Hexagon_solid.uasset" 356
"../../../Engine/Plugins/Animation/ControlRig/Content/Controls/ControlRig_Hexagon_solid.uexp" 357
"../../../Engine/Plugins/Animation/ControlRig/Content/Controls/ControlRig_Hexagon_3mm.ubulk" 358
"../../../Engine/Plugins/Animation/ControlRig/Content/Controls/ControlRig_Hexagon_3mm.uasset" 359
"../../../Engine/Plugins/Animation/ControlRig/Content/Controls/ControlRig_Hexagon_3mm.uexp" 360
"../../../Engine/Plugins/Animation/ControlRig/Content/Controls/ControlRig_Hexagon_1mm.ubulk" 361
"../../../Engine/Plugins/Animation/ControlRig/Content/Controls/ControlRig_Hexagon_1mm.uasset" 362
"../../../Engine/Plugins/Animation/ControlRig/Content/Controls/ControlRig_Hexagon_1mm.uexp" 363
"../../../Engine/Plugins/Animation/ControlRig/Content/Controls/ControlRig_HalfCircle_solid.ubulk" 364
"../../../Engine/Plugins/Animation/ControlRig/Content/Controls/ControlRig_HalfCircle_solid.uasset" 365
"../../../Engine/Plugins/Animation/ControlRig/Content/Controls/ControlRig_HalfCircle_solid.uexp" 366
"../../../Engine/Plugins/Animation/ControlRig/Content/Controls/ControlRig_HalfCircle_3mm.ubulk" 367
"../../../Engine/Plugins/Animation/ControlRig/Content/Controls/ControlRig_HalfCircle_3mm.uasset" 368
"../../../Engine/Plugins/Animation/ControlRig/Content/Controls/ControlRig_HalfCircle_3mm.uexp" 369
"../../../Engine/Plugins/Animation/ControlRig/Content/Controls/ControlRig_HalfCircle_1mm.ubulk" 370
"../../../Engine/Plugins/Animation/ControlRig/Content/Controls/ControlRig_HalfCircle_1mm.uasset" 371
"../../../Engine/Plugins/Animation/ControlRig/Content/Controls/ControlRig_HalfCircle_1mm.uexp" 372
"../../../Engine/Plugins/Animation/ControlRig/Content/Controls/ControlRig_Diamond_solid.ubulk" 373
"../../../Engine/Plugins/Animation/ControlRig/Content/Controls/ControlRig_Diamond_solid.uasset" 374
"../../../Engine/Plugins/Animation/ControlRig/Content/Controls/ControlRig_Diamond_solid.uexp" 375
"../../../Engine/Plugins/Animation/ControlRig/Content/Controls/ControlRig_Diamond_3mm.ubulk" 376
"../../../Engine/Plugins/Animation/ControlRig/Content/Controls/ControlRig_Diamond_3mm.uasset" 377
"../../../Engine/Plugins/Animation/ControlRig/Content/Controls/ControlRig_Diamond_3mm.uexp" 378
"../../../Engine/Plugins/Animation/ControlRig/Content/Controls/ControlRig_Diamond_1mm.ubulk" 379
"../../../Engine/Plugins/Animation/ControlRig/Content/Controls/ControlRig_Diamond_1mm.uasset" 380
"../../../Engine/Plugins/Animation/ControlRig/Content/Controls/ControlRig_Diamond_1mm.uexp" 381
"../../../Engine/Plugins/Animation/ControlRig/Content/Controls/ControlRig_Circle_solid.ubulk" 382
"../../../Engine/Plugins/Animation/ControlRig/Content/Controls/ControlRig_Circle_solid.uasset" 383
"../../../Engine/Plugins/Animation/ControlRig/Content/Controls/ControlRig_Circle_solid.uexp" 384
"../../../Engine/Plugins/Animation/ControlRig/Content/Controls/ControlRig_Circle_3mm.ubulk" 385
"../../../Engine/Plugins/Animation/ControlRig/Content/Controls/ControlRig_Circle_3mm.uasset" 386
"../../../Engine/Plugins/Animation/ControlRig/Content/Controls/ControlRig_Circle_3mm.uexp" 387
"../../../Engine/Plugins/Animation/ControlRig/Content/Controls/ControlRig_Circle_1mm.ubulk" 388
"../../../Engine/Plugins/Animation/ControlRig/Content/Controls/ControlRig_Circle_1mm.uasset" 389
"../../../Engine/Plugins/Animation/ControlRig/Content/Controls/ControlRig_Circle_1mm.uexp" 390
"../../../Engine/Plugins/Animation/ControlRig/Content/Controls/ControlRig_Box_solid.ubulk" 391
"../../../Engine/Plugins/Animation/ControlRig/Content/Controls/ControlRig_Box_solid.uasset" 392
"../../../Engine/Plugins/Animation/ControlRig/Content/Controls/ControlRig_Box_solid.uexp" 393
"../../../Engine/Plugins/Animation/ControlRig/Content/Controls/ControlRig_Box_3mm.ubulk" 394
"../../../Engine/Plugins/Animation/ControlRig/Content/Controls/ControlRig_Box_3mm.uasset" 395
"../../../Engine/Plugins/Animation/ControlRig/Content/Controls/ControlRig_Box_3mm.uexp" 396
"../../../Engine/Plugins/Animation/ControlRig/Content/Controls/ControlRig_Box_1mm.ubulk" 397
"../../../Engine/Plugins/Animation/ControlRig/Content/Controls/ControlRig_Box_1mm.uasset" 398
"../../../Engine/Plugins/Animation/ControlRig/Content/Controls/ControlRig_Box_1mm.uexp" 399
"../../../Engine/Plugins/Animation/ControlRig/Content/Controls/ControlRig_Arrow_solid.ubulk" 400
"../../../Engine/Plugins/Animation/ControlRig/Content/Controls/ControlRig_Arrow_solid.uasset" 401
"../../../Engine/Plugins/Animation/ControlRig/Content/Controls/ControlRig_Arrow_solid.uexp" 402
"../../../Engine/Plugins/Animation/ControlRig/Content/Controls/ControlRig_Arrow_3mm.ubulk" 403
"../../../Engine/Plugins/Animation/ControlRig/Content/Controls/ControlRig_Arrow_3mm.uasset" 404
"../../../Engine/Plugins/Animation/ControlRig/Content/Controls/ControlRig_Arrow_3mm.uexp" 405
"../../../Engine/Plugins/Animation/ControlRig/Content/Controls/ControlRig_Arrow_1mm.ubulk" 406
"../../../Engine/Plugins/Animation/ControlRig/Content/Controls/ControlRig_Arrow_1mm.uasset" 407
"../../../Engine/Plugins/Animation/ControlRig/Content/Controls/ControlRig_Arrow_1mm.uexp" 408
"../../../Engine/Plugins/Animation/ControlRig/Content/Controls/ControlRig_Arrow4_solid.ubulk" 409
"../../../Engine/Plugins/Animation/ControlRig/Content/Controls/ControlRig_Arrow4_solid.uasset" 410
"../../../Engine/Plugins/Animation/ControlRig/Content/Controls/ControlRig_Arrow4_solid.uexp" 411
"../../../Engine/Plugins/Animation/ControlRig/Content/Controls/ControlRig_Arrow4_3mm.ubulk" 412
"../../../Engine/Plugins/Animation/ControlRig/Content/Controls/ControlRig_Arrow4_3mm.uasset" 413
"../../../Engine/Plugins/Animation/ControlRig/Content/Controls/ControlRig_Arrow4_3mm.uexp" 414
"../../../Engine/Plugins/Animation/ControlRig/Content/Controls/ControlRig_Arrow4_1mm.ubulk" 415
"../../../Engine/Plugins/Animation/ControlRig/Content/Controls/ControlRig_Arrow4_1mm.uasset" 416
"../../../Engine/Plugins/Animation/ControlRig/Content/Controls/ControlRig_Arrow4_1mm.uexp" 417
"../../../Engine/Plugins/Animation/ControlRig/Content/Controls/ControlRig_Arrow2_solid.ubulk" 418
"../../../Engine/Plugins/Animation/ControlRig/Content/Controls/ControlRig_Arrow2_solid.uasset" 419
"../../../Engine/Plugins/Animation/ControlRig/Content/Controls/ControlRig_Arrow2_solid.uexp" 420
"../../../Engine/Plugins/Animation/ControlRig/Content/Controls/ControlRig_Arrow2_3mm.ubulk" 421
"../../../Engine/Plugins/Animation/ControlRig/Content/Controls/ControlRig_Arrow2_3mm.uasset" 422
"../../../Engine/Plugins/Animation/ControlRig/Content/Controls/ControlRig_Arrow2_3mm.uexp" 423
"../../../Engine/Plugins/Animation/ControlRig/Content/Controls/ControlRig_Arrow2_1mm.ubulk" 424
"../../../Engine/Plugins/Animation/ControlRig/Content/Controls/ControlRig_Arrow2_1mm.uasset" 425
"../../../Engine/Plugins/Animation/ControlRig/Content/Controls/ControlRig_Arrow2_1mm.uexp" 426
"../../../Engine/Content/VREditor/TransformGizmo/StartRotationHandleIndicator.ubulk" 427
"../../../Engine/Content/VREditor/TransformGizmo/StartRotationHandleIndicator.uasset" 428
"../../../Engine/Content/VREditor/TransformGizmo/StartRotationHandleIndicator.uexp" 429
"../../../Engine/Content/VREditor/Sounds/UI/Drop_Item_From_ContentBrowser.ubulk" 430
"../../../Engine/Content/VREditor/Sounds/UI/Drop_Item_From_ContentBrowser.uasset" 431
"../../../Engine/Content/VREditor/Sounds/UI/Drop_Item_From_ContentBrowser.uexp" 432
"../../../Engine/Content/VREditor/TransformGizmo/PlaneTranslationHandle.ubulk" 433
"../../../Engine/Content/VREditor/TransformGizmo/PlaneTranslationHandle.uasset" 434
"../../../Engine/Content/VREditor/TransformGizmo/PlaneTranslationHandle.uexp" 435
"../../../Engine/Content/VREditor/Sounds/UI/Object_Snaps_To_Grid.ubulk" 436
"../../../Engine/Content/VREditor/Sounds/UI/Object_Snaps_To_Grid.uasset" 437
"../../../Engine/Content/VREditor/Sounds/UI/Object_Snaps_To_Grid.uexp" 438
"../../../Engine/Content/VREditor/Sounds/UI/Selection_Changes.ubulk" 439
"../../../Engine/Content/VREditor/Sounds/UI/Selection_Changes.uasset" 440
"../../../Engine/Content/VREditor/Sounds/UI/Selection_Changes.uexp" 441
"../../../Engine/Content/VREditor/Sounds/UI/Object_Snaps_To_Another_Actor.ubulk" 442
"../../../Engine/Content/VREditor/Sounds/UI/Object_Snaps_To_Another_Actor.uasset" 443
"../../../Engine/Content/VREditor/Sounds/UI/Object_Snaps_To_Another_Actor.uexp" 444
"../../../Engine/Content/VREditor/TransformGizmo/TranslucentTransformGizmoMaterial_Inst.uasset" 445
"../../../Engine/Content/VREditor/TransformGizmo/TranslucentTransformGizmoMaterial_Inst.uexp" 446
"../../../Engine/Content/VREditor/TransformGizmo/TransformGizmoFreeRotation.ubulk" 447
"../../../Engine/Content/VREditor/TransformGizmo/TransformGizmoFreeRotation.uasset" 448
"../../../Engine/Content/VREditor/TransformGizmo/TransformGizmoFreeRotation.uexp" 449
"../../../Engine/Content/VREditor/Sounds/UI/Scaling_Down.ubulk" 450
"../../../Engine/Content/VREditor/Sounds/UI/Scaling_Down.uasset" 451
"../../../Engine/Content/VREditor/Sounds/UI/Scaling_Down.uexp" 452
"../../../Engine/Content/Functions/Engine_MaterialFunctions02/Math/Transform3x3Matrix.uasset" 453
"../../../Engine/Content/Functions/Engine_MaterialFunctions02/Math/Transform3x3Matrix.uexp" 454
"../../../Engine/Content/Functions/Engine_MaterialFunctions02/SplitComponents.uasset" 455
"../../../Engine/Content/Functions/Engine_MaterialFunctions02/SplitComponents.uexp" 456
"../../../Engine/Content/Functions/Engine_MaterialFunctions02/Utility/MakeFloat3.uasset" 457
"../../../Engine/Content/Functions/Engine_MaterialFunctions02/Utility/MakeFloat3.uexp" 458
"../../../Engine/Content/VREditor/SnapGrid/SnapGridMaterial.uasset" 459
"../../../Engine/Content/VREditor/SnapGrid/SnapGridMaterial.uexp" 460
"../../../Engine/Content/VREditor/SnapGrid/SnapGridPlaneMesh.ubulk" 461
"../../../Engine/Content/VREditor/SnapGrid/SnapGridPlaneMesh.uasset" 462
"../../../Engine/Content/VREditor/SnapGrid/SnapGridPlaneMesh.uexp" 463
"../../../Engine/Content/VREditor/Sounds/UI/Scaling_Up.ubulk" 464
"../../../Engine/Content/VREditor/Sounds/UI/Scaling_Up.uasset" 465
"../../../Engine/Content/VREditor/Sounds/UI/Scaling_Up.uexp" 466
"../../../Engine/Content/VREditor/TransformGizmo/TransformGizmoMaterial_Inst.uasset" 467
"../../../Engine/Content/VREditor/TransformGizmo/TransformGizmoMaterial_Inst.uexp" 468
"../../../Engine/Content/VREditor/Sounds/UI/Gizmo_Handle_Clicked.ubulk" 469
"../../../Engine/Content/VREditor/Sounds/UI/Gizmo_Handle_Clicked.uasset" 470
"../../../Engine/Content/VREditor/Sounds/UI/Gizmo_Handle_Clicked.uexp" 471
"../../../Engine/Content/VREditor/TransformGizmo/RotationHandleQuarter.ubulk" 472
"../../../Engine/Content/VREditor/TransformGizmo/RotationHandleQuarter.uasset" 473
"../../../Engine/Content/VREditor/TransformGizmo/RotationHandleQuarter.uexp" 474
"../../../Engine/Content/VREditor/TransformGizmo/TranslateArrowHandle.ubulk" 475
"../../../Engine/Content/VREditor/TransformGizmo/TranslateArrowHandle.uasset" 476
"../../../Engine/Content/VREditor/TransformGizmo/TranslateArrowHandle.uexp" 477
"../../../Engine/Content/VREditor/TransformGizmo/RotationHandleIndicator.ubulk" 478
"../../../Engine/Content/VREditor/TransformGizmo/RotationHandleIndicator.uasset" 479
"../../../Engine/Content/VREditor/TransformGizmo/RotationHandleIndicator.uexp" 480
"../../../Engine/Content/VREditor/TransformGizmo/UniformScaleHandle.ubulk" 481
"../../../Engine/Content/VREditor/TransformGizmo/UniformScaleHandle.uasset" 482
"../../../Engine/Content/VREditor/TransformGizmo/UniformScaleHandle.uexp" 483
"../../../Engine/Content/VREditor/TransformGizmo/RotationHandleFull.ubulk" 484
"../../../Engine/Content/VREditor/TransformGizmo/RotationHandleFull.uasset" 485
"../../../Engine/Content/VREditor/TransformGizmo/RotationHandleFull.uexp" 486
"../../../Engine/Content/VREditor/Sounds/UI/Object_PickUp.ubulk" 487
"../../../Engine/Content/VREditor/Sounds/UI/Object_PickUp.uasset" 488
"../../../Engine/Content/VREditor/Sounds/UI/Object_PickUp.uexp" 489
"../../../Engine/Content/EngineSounds/Master.uasset" 490
"../../../Engine/Content/EngineSounds/Master.uexp" 491
"../../../Engine/Content/EngineResources/WhiteSquareTexture.uasset" 492
"../../../Engine/Content/EngineResources/WhiteSquareTexture.uexp" 493
"../../../Engine/Content/EngineMaterials/Widget3DPassThrough.uasset" 494
"../../../Engine/Content/EngineMaterials/Widget3DPassThrough.uexp" 495
"../../../Engine/Content/EngineMaterials/Widget3DPassThrough_Translucent.uasset" 496
"../../../Engine/Content/EngineMaterials/Widget3DPassThrough_Translucent.uexp" 497
"../../../Engine/Content/EngineMaterials/Widget3DPassThrough_Translucent_OneSided.uasset" 498
"../../../Engine/Content/EngineMaterials/Widget3DPassThrough_Translucent_OneSided.uexp" 499
"../../../Engine/Content/EngineMaterials/Widget3DPassThrough_Opaque.uasset" 500
"../../../Engine/Content/EngineMaterials/Widget3DPassThrough_Opaque.uexp" 501
"../../../Engine/Content/EngineMaterials/Widget3DPassThrough_Opaque_OneSided.uasset" 502
"../../../Engine/Content/EngineMaterials/Widget3DPassThrough_Opaque_OneSided.uexp" 503
"../../../Engine/Content/EngineMaterials/Widget3DPassThrough_Masked_OneSided.uasset" 504
"../../../Engine/Content/EngineMaterials/Widget3DPassThrough_Masked_OneSided.uexp" 505
"../../../Engine/Content/EngineMaterials/Widget3DPassThrough_Masked.uasset" 506
"../../../Engine/Content/EngineMaterials/Widget3DPassThrough_Masked.uexp" 507
"../../../Engine/Content/EngineMaterials/STBlueNoise_vec2_128x128x64.uasset" 508
"../../../Engine/Content/EngineMaterials/STBlueNoise_vec2_128x128x64.uexp" 509
"../../../Engine/Content/EngineMaterials/STBlueNoise_scalar_128x128x64.uasset" 510
"../../../Engine/Content/EngineMaterials/STBlueNoise_scalar_128x128x64.uexp" 511
"../../../Engine/Content/EngineMaterials/RemoveSurfaceMaterial.uasset" 512
"../../../Engine/Content/EngineMaterials/RemoveSurfaceMaterial.uexp" 513
"../../../Engine/Content/EngineMaterials/DefaultCalibrationGrayscale.uasset" 514
"../../../Engine/Content/EngineMaterials/DefaultCalibrationGrayscale.uexp" 515
"../../../Engine/Content/EngineMaterials/PPM_DefaultCalibrationGrayscale.uasset" 516
"../../../Engine/Content/EngineMaterials/PPM_DefaultCalibrationGrayscale.uexp" 517
"../../../Engine/Content/EngineMaterials/DefaultCalibrationColor.uasset" 518
"../../../Engine/Content/EngineMaterials/DefaultCalibrationColor.uexp" 519
"../../../Engine/Content/EngineMaterials/PPM_DefaultCalibrationColor.uasset" 520
"../../../Engine/Content/EngineMaterials/PPM_DefaultCalibrationColor.uexp" 521
"../../../Engine/Content/EngineMaterials/PhAT_JointLimitMaterial.uasset" 522
"../../../Engine/Content/EngineMaterials/PhAT_JointLimitMaterial.uexp" 523
"../../../Engine/Content/EngineMaterials/NaniteHiddenSectionMaterial.uasset" 524
"../../../Engine/Content/EngineMaterials/NaniteHiddenSectionMaterial.uexp" 525
"../../../Engine/Content/EngineMaterials/InvalidLightmapSettings.ubulk" 526
"../../../Engine/Content/EngineMaterials/InvalidLightmapSettings.uasset" 527
"../../../Engine/Content/EngineMaterials/InvalidLightmapSettings.uexp" 528
"../../../Engine/Content/EngineMaterials/M_InvalidLightmapSettings.uasset" 529
"../../../Engine/Content/EngineMaterials/M_InvalidLightmapSettings.uexp" 530
"../../../Engine/Content/EngineMaterials/GizmoMaterial.uasset" 531
"../../../Engine/Content/EngineMaterials/GizmoMaterial.uexp" 532
"../../../Engine/Content/EngineMaterials/BaseFlattenEmissiveMap_VT.uasset" 533
"../../../Engine/Content/EngineMaterials/BaseFlattenEmissiveMap_VT.uexp" 534
"../../../Engine/Content/EngineMaterials/BaseFlattenGrayscaleMap_VT.uasset" 535
"../../../Engine/Content/EngineMaterials/BaseFlattenGrayscaleMap_VT.uexp" 536
"../../../Engine/Content/EngineMaterials/BaseFlattenLinearColor_VT.uasset" 537
"../../../Engine/Content/EngineMaterials/BaseFlattenLinearColor_VT.uexp" 538
"../../../Engine/Content/EngineMaterials/Black_1x1_EXR_Texture_VT.uasset" 539
"../../../Engine/Content/EngineMaterials/Black_1x1_EXR_Texture_VT.uexp" 540
"../../../Engine/Content/EngineMaterials/BaseFlattenDiffuseMap_VT.uasset" 541
"../../../Engine/Content/EngineMaterials/BaseFlattenDiffuseMap_VT.uexp" 542
"../../../Engine/Content/EngineMaterials/BaseFlattenNormalMap_VT.uasset" 543
"../../../Engine/Content/EngineMaterials/BaseFlattenNormalMap_VT.uexp" 544
"../../../Engine/Content/EngineMaterials/FlattenMaterial_WS_Normal_VT.uasset" 545
"../../../Engine/Content/EngineMaterials/FlattenMaterial_WS_Normal_VT.uexp" 546
"../../../Engine/Content/EngineMaterials/FlattenMaterial_VT.uasset" 547
"../../../Engine/Content/EngineMaterials/FlattenMaterial_VT.uexp" 548
"../../../Engine/Content/EngineMaterials/BaseFlattenNormalMap.uasset" 549
"../../../Engine/Content/EngineMaterials/BaseFlattenNormalMap.uexp" 550
"../../../Engine/Content/EngineMaterials/BaseFlattenGrayscaleMap.uasset" 551
"../../../Engine/Content/EngineMaterials/BaseFlattenGrayscaleMap.uexp" 552
"../../../Engine/Content/EngineMaterials/BaseFlattenDiffuseMap.uasset" 553
"../../../Engine/Content/EngineMaterials/BaseFlattenDiffuseMap.uexp" 554
"../../../Engine/Content/Functions/Engine_MaterialFunctions02/PivotPainter2/Black_1x1_EXR_Texture.uasset" 555
"../../../Engine/Content/Functions/Engine_MaterialFunctions02/PivotPainter2/Black_1x1_EXR_Texture.uexp" 556
"../../../Engine/Content/EngineMaterials/BaseFlattenEmissiveMap.uasset" 557
"../../../Engine/Content/EngineMaterials/BaseFlattenEmissiveMap.uexp" 558
"../../../Engine/Content/EngineMaterials/BaseFlattenLinearColor.uasset" 559
"../../../Engine/Content/EngineMaterials/BaseFlattenLinearColor.uexp" 560
"../../../Engine/Content/EngineMaterials/FlattenMaterial.uasset" 561
"../../../Engine/Content/EngineMaterials/FlattenMaterial.uexp" 562
"../../../Engine/Content/EngineMaterials/DefaultWhiteGrid_Low.uasset" 563
"../../../Engine/Content/EngineMaterials/DefaultWhiteGrid_Low.uexp" 564
"../../../Engine/Content/EngineMaterials/EmissiveMeshMaterial.uasset" 565
"../../../Engine/Content/EngineMaterials/EmissiveMeshMaterial.uexp" 566
"../../../Engine/Content/EngineFonts/RobotoDistanceField.uasset" 567
"../../../Engine/Content/EngineFonts/RobotoDistanceField.uexp" 568
"../../../Engine/Content/EngineMaterials/DefaultTextMaterialOpaque.uasset" 569
"../../../Engine/Content/EngineMaterials/DefaultTextMaterialOpaque.uexp" 570
"../../../Engine/Content/EngineMaterials/DefaultDiffuse.ubulk" 571
"../../../Engine/Content/EngineMaterials/DefaultDiffuse.uasset" 572
"../../../Engine/Content/EngineMaterials/DefaultDiffuse.uexp" 573
"../../../Engine/Content/Functions/Engine_MaterialFunctions02/Utility/BreakOutFloat2Components.uasset" 574
"../../../Engine/Content/Functions/Engine_MaterialFunctions02/Utility/BreakOutFloat2Components.uexp" 575
"../../../Engine/Content/EngineMaterials/DefaultPostProcessMaterial.uasset" 576
"../../../Engine/Content/EngineMaterials/DefaultPostProcessMaterial.uexp" 577
"../../../Engine/Content/EngineMaterials/DefaultLightFunctionMaterial.uasset" 578
"../../../Engine/Content/EngineMaterials/DefaultLightFunctionMaterial.uexp" 579
"../../../Engine/Content/EngineMaterials/DefaultDestructiblePhysicalMaterial.uasset" 580
"../../../Engine/Content/EngineMaterials/DefaultDestructiblePhysicalMaterial.uexp" 581
"../../../Engine/Content/EngineMaterials/DefaultDeferredDecalMaterial.uasset" 582
"../../../Engine/Content/EngineMaterials/DefaultDeferredDecalMaterial.uexp" 583
"../../../Engine/Content/EngineFonts/Faces/RobotoLight.uexp" 584
"../../../Engine/Content/EngineFonts/Faces/RobotoLight.uasset" 585
"../../../Engine/Content/EngineFonts/Faces/RobotoLight.ufont" 586
"../../../Engine/Content/EngineFonts/Faces/RobotoBold.uexp" 587
"../../../Engine/Content/EngineFonts/Faces/RobotoBold.uasset" 588
"../../../Engine/Content/EngineFonts/Faces/RobotoBold.ufont" 589
"../../../Engine/Content/EngineFonts/Faces/RobotoRegular.uexp" 590
"../../../Engine/Content/EngineFonts/Faces/RobotoRegular.uasset" 591
"../../../Engine/Content/EngineFonts/Faces/RobotoRegular.ufont" 592
"../../../Engine/Content/EngineFonts/Faces/DroidSansFallback.uexp" 593
"../../../Engine/Content/EngineFonts/Faces/DroidSansFallback.uasset" 594
"../../../Engine/Content/EngineFonts/Faces/DroidSansFallback.ufont" 595
"../../../Engine/Content/EngineFonts/Faces/RobotoItalic.uexp" 596
"../../../Engine/Content/EngineFonts/Faces/RobotoItalic.uasset" 597
"../../../Engine/Content/EngineFonts/Faces/RobotoItalic.ufont" 598
"../../../Engine/Content/EngineFonts/Faces/RobotoBoldItalic.uexp" 599
"../../../Engine/Content/EngineFonts/Faces/RobotoBoldItalic.uasset" 600
"../../../Engine/Content/EngineFonts/Faces/RobotoBoldItalic.ufont" 601
"../../../Engine/Content/EngineFonts/Roboto.uasset" 602
"../../../Engine/Content/EngineFonts/Roboto.uexp" 603
"../../../Engine/Content/EngineDebugMaterials/VolumeToRender.uasset" 604
"../../../Engine/Content/EngineDebugMaterials/VolumeToRender.uexp" 605
"../../../Engine/Content/EngineDebugMaterials/M_VolumeRenderSphereTracePP.uasset" 606
"../../../Engine/Content/EngineDebugMaterials/M_VolumeRenderSphereTracePP.uexp" 607
"../../../Engine/Content/EngineDebugMaterials/M_SimpleUnlitTranslucent.uasset" 608
"../../../Engine/Content/EngineDebugMaterials/M_SimpleUnlitTranslucent.uexp" 609
"../../../Engine/Content/EngineDebugMaterials/DebugMeshMaterial.uasset" 610
"../../../Engine/Content/EngineDebugMaterials/DebugMeshMaterial.uexp" 611
"../../../Engine/Content/EngineDebugMaterials/DebugEditorMaterial.uasset" 612
"../../../Engine/Content/EngineDebugMaterials/DebugEditorMaterial.uexp" 613
"../../../Engine/Content/EngineDamageTypes/DmgTypeBP_Environmental.uasset" 614
"../../../Engine/Content/EngineDamageTypes/DmgTypeBP_Environmental.uexp" 615
"../../../Engine/Content/EditorResources/S_Terrain.ubulk" 616
"../../../Engine/Content/EditorResources/S_Terrain.uasset" 617
"../../../Engine/Content/EditorResources/S_Terrain.uexp" 618
"../../../Engine/Content/EditorResources/EmptyActor.uasset" 619
"../../../Engine/Content/EditorResources/EmptyActor.uexp" 620
"../../../Engine/Content/EditorResources/BSPVertex.uasset" 621
"../../../Engine/Content/EditorResources/BSPVertex.uexp" 622
"../../../Engine/Content/EditorMaterials/PreviewShadowIndicator.ubulk" 623
"../../../Engine/Content/EditorMaterials/PreviewShadowIndicator.uasset" 624
"../../../Engine/Content/EditorMaterials/PreviewShadowIndicator.uexp" 625
"../../../Engine/Content/EditorMaterials/PreviewShadowIndicatorMaterial.uasset" 626
"../../../Engine/Content/EditorMaterials/PreviewShadowIndicatorMaterial.uexp" 627
"../../../Engine/Content/EditorMaterials/PhAT_UnselectedMaterial.uasset" 628
"../../../Engine/Content/EditorMaterials/PhAT_UnselectedMaterial.uexp" 629
"../../../Engine/Content/EditorMaterials/PhAT_NoCollisionMaterial.uasset" 630
"../../../Engine/Content/EditorMaterials/PhAT_NoCollisionMaterial.uexp" 631
"../../../Engine/Content/EditorLandscapeResources/DefaultAlphaTexture.uasset" 632
"../../../Engine/Content/EditorLandscapeResources/DefaultAlphaTexture.uexp" 633
"../../../Engine/Content/EditorLandscapeResources/DataLayer.uasset" 634
"../../../Engine/Content/EditorLandscapeResources/DataLayer.uexp" 635
"../../../Engine/Content/BasicShapes/Cube.ubulk" 636
"../../../Engine/Content/BasicShapes/Cube.uasset" 637
"../../../Engine/Content/BasicShapes/Cube.uexp" 638
"../../../Engine/Content/EngineMaterials/DefaultMaterial.uasset" 639
"../../../Engine/Content/EngineMaterials/DefaultMaterial.uexp" 640
"../../../Engine/Content/BasicShapes/Cone.ubulk" 641
"../../../Engine/Content/BasicShapes/Cone.uasset" 642
"../../../Engine/Content/BasicShapes/Cone.uexp" 643
"../../../Engine/Plugins/Interchange/Runtime/Content/gltf/MaterialFunctions/MF_RotateV2.uasset" 644
"../../../Engine/Plugins/Interchange/Runtime/Content/gltf/MaterialFunctions/MF_RotateV2.uexp" 645
"../../../Engine/Plugins/Interchange/Runtime/Content/gltf/MaterialFunctions/MF_TransformUVs.uasset" 646
"../../../Engine/Plugins/Interchange/Runtime/Content/gltf/MaterialFunctions/MF_TransformUVs.uexp" 647
"../../../Engine/Plugins/Interchange/Runtime/Content/gltf/Textures/T_White_srgb.uasset" 648
"../../../Engine/Plugins/Interchange/Runtime/Content/gltf/Textures/T_White_srgb.uexp" 649
"../../../Engine/Plugins/Interchange/Runtime/Content/gltf/MaterialFunctions/MF_BaseColor.uasset" 650
"../../../Engine/Plugins/Interchange/Runtime/Content/gltf/MaterialFunctions/MF_BaseColor.uexp" 651
"../../../Engine/Plugins/Interchange/Runtime/Content/gltf/MaterialBodies/MF_Unlit_Body.uasset" 652
"../../../Engine/Plugins/Interchange/Runtime/Content/gltf/MaterialBodies/MF_Unlit_Body.uexp" 653
"../../../Engine/Plugins/Interchange/Runtime/Content/gltf/M_Unlit.uasset" 654
"../../../Engine/Plugins/Interchange/Runtime/Content/gltf/M_Unlit.uexp" 655
"../../../Engine/Plugins/Interchange/Runtime/Content/gltf/MaterialInstances/MI_Unlit_Opaque_DS.uasset" 656
"../../../Engine/Plugins/Interchange/Runtime/Content/gltf/MaterialInstances/MI_Unlit_Opaque_DS.uexp" 657
"../../../Engine/Plugins/Interchange/Runtime/Content/gltf/MaterialInstances/MI_Unlit_Opaque.uasset" 658
"../../../Engine/Plugins/Interchange/Runtime/Content/gltf/MaterialInstances/MI_Unlit_Opaque.uexp" 659
"../../../Engine/Plugins/Interchange/Runtime/Content/gltf/MaterialInstances/MI_Unlit_Mask_DS.uasset" 660
"../../../Engine/Plugins/Interchange/Runtime/Content/gltf/MaterialInstances/MI_Unlit_Mask_DS.uexp" 661
"../../../Engine/Plugins/Interchange/Runtime/Content/gltf/MaterialInstances/MI_Unlit_Mask.uasset" 662
"../../../Engine/Plugins/Interchange/Runtime/Content/gltf/MaterialInstances/MI_Unlit_Mask.uexp" 663
"../../../Engine/Plugins/Interchange/Runtime/Content/gltf/MaterialInstances/MI_Unlit_Blend_DS.uasset" 664
"../../../Engine/Plugins/Interchange/Runtime/Content/gltf/MaterialInstances/MI_Unlit_Blend_DS.uexp" 665
"../../../Engine/Plugins/Interchange/Runtime/Content/gltf/MaterialInstances/MI_Unlit_Blend.uasset" 666
"../../../Engine/Plugins/Interchange/Runtime/Content/gltf/MaterialInstances/MI_Unlit_Blend.uexp" 667
"../../../Engine/Plugins/Interchange/Runtime/Content/gltf/MaterialFunctions/MF_Iridescence.uasset" 668
"../../../Engine/Plugins/Interchange/Runtime/Content/gltf/MaterialFunctions/MF_Iridescence.uexp" 669
"../../../Engine/Plugins/Interchange/Runtime/Content/gltf/Textures/T_White_Linear.uasset" 670
"../../../Engine/Plugins/Interchange/Runtime/Content/gltf/Textures/T_White_Linear.uexp" 671
"../../../Engine/Plugins/Interchange/Runtime/Content/gltf/MaterialFunctions/MF_MetallicRoughness.uasset" 672
"../../../Engine/Plugins/Interchange/Runtime/Content/gltf/MaterialFunctions/MF_MetallicRoughness.uexp" 673
"../../../Engine/Plugins/Interchange/Runtime/Content/gltf/MaterialFunctions/MF_Transmission.uasset" 674
"../../../Engine/Plugins/Interchange/Runtime/Content/gltf/MaterialFunctions/MF_Transmission.uexp" 675
"../../../Engine/Plugins/Interchange/Runtime/Content/gltf/MaterialFunctions/MF_Occlusion.uasset" 676
"../../../Engine/Plugins/Interchange/Runtime/Content/gltf/MaterialFunctions/MF_Occlusion.uexp" 677
"../../../Engine/Plugins/Interchange/Runtime/Content/gltf/MaterialFunctions/MF_Specular.uasset" 678
"../../../Engine/Plugins/Interchange/Runtime/Content/gltf/MaterialFunctions/MF_Specular.uexp" 679
"../../../Engine/Plugins/Interchange/Runtime/Content/gltf/MaterialFunctions/MF_IOR.uasset" 680
"../../../Engine/Plugins/Interchange/Runtime/Content/gltf/MaterialFunctions/MF_IOR.uexp" 681
"../../../Engine/Plugins/Interchange/Runtime/Content/gltf/MaterialFunctions/MF_RotateNormals_TS.uasset" 682
"../../../Engine/Plugins/Interchange/Runtime/Content/gltf/MaterialFunctions/MF_RotateNormals_TS.uexp" 683
"../../../Engine/Plugins/Interchange/Runtime/Content/gltf/Textures/T_Generic_N.uasset" 684
"../../../Engine/Plugins/Interchange/Runtime/Content/gltf/Textures/T_Generic_N.uexp" 685
"../../../Engine/Plugins/Interchange/Runtime/Content/gltf/MaterialFunctions/MF_Normals.uasset" 686
"../../../Engine/Plugins/Interchange/Runtime/Content/gltf/MaterialFunctions/MF_Normals.uexp" 687
"../../../Engine/Plugins/Interchange/Runtime/Content/gltf/MaterialBodies/MF_Transmission_Body.uasset" 688
"../../../Engine/Plugins/Interchange/Runtime/Content/gltf/MaterialBodies/MF_Transmission_Body.uexp" 689
"../../../Engine/Plugins/Interchange/Runtime/Content/gltf/M_Transmission.uasset" 690
"../../../Engine/Plugins/Interchange/Runtime/Content/gltf/M_Transmission.uexp" 691
"../../../Engine/Plugins/Interchange/Runtime/Content/gltf/MaterialInstances/MI_Transmission_DS.uasset" 692
"../../../Engine/Plugins/Interchange/Runtime/Content/gltf/MaterialInstances/MI_Transmission_DS.uexp" 693
"../../../Engine/Plugins/Interchange/Runtime/Content/gltf/MaterialInstances/MI_Transmission.uasset" 694
"../../../Engine/Plugins/Interchange/Runtime/Content/gltf/MaterialInstances/MI_Transmission.uexp" 695
"../../../Engine/Plugins/Interchange/Runtime/Content/gltf/MaterialFunctions/MF_DiffuseSpecGloss.uasset" 696
"../../../Engine/Plugins/Interchange/Runtime/Content/gltf/MaterialFunctions/MF_DiffuseSpecGloss.uexp" 697
"../../../Engine/Content/Functions/Engine_MaterialFunctions02/Math/AddComponents.uasset" 698
"../../../Engine/Content/Functions/Engine_MaterialFunctions02/Math/AddComponents.uexp" 699
"../../../Engine/Plugins/Interchange/Runtime/Content/gltf/MaterialFunctions/MF_PerceivedBrightness.uasset" 700
"../../../Engine/Plugins/Interchange/Runtime/Content/gltf/MaterialFunctions/MF_PerceivedBrightness.uexp" 701
"../../../Engine/Plugins/Interchange/Runtime/Content/gltf/MaterialFunctions/MF_Emissive.uasset" 702
"../../../Engine/Plugins/Interchange/Runtime/Content/gltf/MaterialFunctions/MF_Emissive.uexp" 703
"../../../Engine/Plugins/Interchange/Runtime/Content/gltf/MaterialFunctions/MF_SpecGlossToMetalRoughness.uasset" 704
"../../../Engine/Plugins/Interchange/Runtime/Content/gltf/MaterialFunctions/MF_SpecGlossToMetalRoughness.uexp" 705
"../../../Engine/Plugins/Interchange/Runtime/Content/gltf/MaterialBodies/MF_SpecularGlossiness_Body.uasset" 706
"../../../Engine/Plugins/Interchange/Runtime/Content/gltf/MaterialBodies/MF_SpecularGlossiness_Body.uexp" 707
"../../../Engine/Plugins/Interchange/Runtime/Content/gltf/M_SpecularGlossiness.uasset" 708
"../../../Engine/Plugins/Interchange/Runtime/Content/gltf/M_SpecularGlossiness.uexp" 709
"../../../Engine/Plugins/Interchange/Runtime/Content/gltf/MaterialInstances/MI_SpecularGlossiness_Opaque_DS.uasset" 710
"../../../Engine/Plugins/Interchange/Runtime/Content/gltf/MaterialInstances/MI_SpecularGlossiness_Opaque_DS.uexp" 711
"../../../Engine/Plugins/Interchange/Runtime/Content/gltf/MaterialInstances/MI_SpecularGlossiness_Opaque.uasset" 712
"../../../Engine/Plugins/Interchange/Runtime/Content/gltf/MaterialInstances/MI_SpecularGlossiness_Opaque.uexp" 713
"../../../Engine/Plugins/Interchange/Runtime/Content/gltf/MaterialInstances/MI_SpecularGlossiness_Mask_DS.uasset" 714
"../../../Engine/Plugins/Interchange/Runtime/Content/gltf/MaterialInstances/MI_SpecularGlossiness_Mask_DS.uexp" 715
"../../../Engine/Plugins/Interchange/Runtime/Content/gltf/MaterialInstances/MI_SpecularGlossiness_Mask.uasset" 716
"../../../Engine/Plugins/Interchange/Runtime/Content/gltf/MaterialInstances/MI_SpecularGlossiness_Mask.uexp" 717
"../../../Engine/Plugins/Interchange/Runtime/Content/gltf/MaterialInstances/MI_SpecularGlossiness_Blend_DS.uasset" 718
"../../../Engine/Plugins/Interchange/Runtime/Content/gltf/MaterialInstances/MI_SpecularGlossiness_Blend_DS.uexp" 719
"../../../Engine/Plugins/Interchange/Runtime/Content/gltf/MaterialInstances/MI_SpecularGlossiness_Blend.uasset" 720
"../../../Engine/Plugins/Interchange/Runtime/Content/gltf/MaterialInstances/MI_SpecularGlossiness_Blend.uexp" 721
"../../../Engine/Plugins/Interchange/Runtime/Content/gltf/MaterialFunctions/MF_Sheen.uasset" 722
"../../../Engine/Plugins/Interchange/Runtime/Content/gltf/MaterialFunctions/MF_Sheen.uexp" 723
"../../../Engine/Plugins/Interchange/Runtime/Content/gltf/MaterialBodies/MF_Sheen_Body.uasset" 724
"../../../Engine/Plugins/Interchange/Runtime/Content/gltf/MaterialBodies/MF_Sheen_Body.uexp" 725
"../../../Engine/Plugins/Interchange/Runtime/Content/gltf/M_Sheen.uasset" 726
"../../../Engine/Plugins/Interchange/Runtime/Content/gltf/M_Sheen.uexp" 727
"../../../Engine/Plugins/Interchange/Runtime/Content/gltf/MaterialInstances/MI_Sheen_Opaque_DS.uasset" 728
"../../../Engine/Plugins/Interchange/Runtime/Content/gltf/MaterialInstances/MI_Sheen_Opaque_DS.uexp" 729
"../../../Engine/Plugins/Interchange/Runtime/Content/gltf/MaterialInstances/MI_Sheen_Opaque.uasset" 730
"../../../Engine/Plugins/Interchange/Runtime/Content/gltf/MaterialInstances/MI_Sheen_Opaque.uexp" 731
"../../../Engine/Plugins/Interchange/Runtime/Content/gltf/MaterialInstances/MI_Sheen_Mask_DS.uasset" 732
"../../../Engine/Plugins/Interchange/Runtime/Content/gltf/MaterialInstances/MI_Sheen_Mask_DS.uexp" 733
"../../../Engine/Plugins/Interchange/Runtime/Content/gltf/MaterialInstances/MI_Sheen_Mask.uasset" 734
"../../../Engine/Plugins/Interchange/Runtime/Content/gltf/MaterialInstances/MI_Sheen_Mask.uexp" 735
"../../../Engine/Plugins/Interchange/Runtime/Content/gltf/MaterialInstances/MI_Sheen_Blend_DS.uasset" 736
"../../../Engine/Plugins/Interchange/Runtime/Content/gltf/MaterialInstances/MI_Sheen_Blend_DS.uexp" 737
"../../../Engine/Plugins/Interchange/Runtime/Content/gltf/MaterialInstances/MI_Sheen_Blend.uasset" 738
"../../../Engine/Plugins/Interchange/Runtime/Content/gltf/MaterialInstances/MI_Sheen_Blend.uexp" 739
"../../../Engine/Plugins/Interchange/Runtime/Content/gltf/MaterialBodies/MF_Default_Body.uasset" 740
"../../../Engine/Plugins/Interchange/Runtime/Content/gltf/MaterialBodies/MF_Default_Body.uexp" 741
"../../../Engine/Plugins/Interchange/Runtime/Content/gltf/M_Default.uasset" 742
"../../../Engine/Plugins/Interchange/Runtime/Content/gltf/M_Default.uexp" 743
"../../../Engine/Plugins/Interchange/Runtime/Content/gltf/MaterialInstances/MI_Default_Opaque_DS.uasset" 744
"../../../Engine/Plugins/Interchange/Runtime/Content/gltf/MaterialInstances/MI_Default_Opaque_DS.uexp" 745
"../../../Engine/Plugins/Interchange/Runtime/Content/gltf/MaterialInstances/MI_Default_Opaque.uasset" 746
"../../../Engine/Plugins/Interchange/Runtime/Content/gltf/MaterialInstances/MI_Default_Opaque.uexp" 747
"../../../Engine/Plugins/Interchange/Runtime/Content/gltf/MaterialInstances/MI_Default_Mask_DS.uasset" 748
"../../../Engine/Plugins/Interchange/Runtime/Content/gltf/MaterialInstances/MI_Default_Mask_DS.uexp" 749
"../../../Engine/Plugins/Interchange/Runtime/Content/gltf/MaterialInstances/MI_Default_Mask.uasset" 750
"../../../Engine/Plugins/Interchange/Runtime/Content/gltf/MaterialInstances/MI_Default_Mask.uexp" 751
"../../../Engine/Plugins/Interchange/Runtime/Content/gltf/MaterialInstances/MI_Default_Blend_DS.uasset" 752
"../../../Engine/Plugins/Interchange/Runtime/Content/gltf/MaterialInstances/MI_Default_Blend_DS.uexp" 753
"../../../Engine/Plugins/Interchange/Runtime/Content/gltf/MaterialInstances/MI_Default_Blend.uasset" 754
"../../../Engine/Plugins/Interchange/Runtime/Content/gltf/MaterialInstances/MI_Default_Blend.uexp" 755
"../../../Engine/Content/Functions/Engine_MaterialFunctions01/Texturing/FlattenNormal.uasset" 756
"../../../Engine/Content/Functions/Engine_MaterialFunctions01/Texturing/FlattenNormal.uexp" 757
"../../../Engine/Plugins/Interchange/Runtime/Content/gltf/MaterialFunctions/MF_Clearcoat.uasset" 758
"../../../Engine/Plugins/Interchange/Runtime/Content/gltf/MaterialFunctions/MF_Clearcoat.uexp" 759
"../../../Engine/Plugins/Interchange/Runtime/Content/gltf/MaterialBodies/MF_ClearCoat_Body.uasset" 760
"../../../Engine/Plugins/Interchange/Runtime/Content/gltf/MaterialBodies/MF_ClearCoat_Body.uexp" 761
"../../../Engine/Plugins/Interchange/Runtime/Content/gltf/M_ClearCoat.uasset" 762
"../../../Engine/Plugins/Interchange/Runtime/Content/gltf/M_ClearCoat.uexp" 763
"../../../Engine/Plugins/Interchange/Runtime/Content/gltf/MaterialInstances/MI_ClearCoat_Opaque_DS.uasset" 764
"../../../Engine/Plugins/Interchange/Runtime/Content/gltf/MaterialInstances/MI_ClearCoat_Opaque_DS.uexp" 765
"../../../Engine/Plugins/Interchange/Runtime/Content/gltf/MaterialInstances/MI_ClearCoat_Opaque.uasset" 766
"../../../Engine/Plugins/Interchange/Runtime/Content/gltf/MaterialInstances/MI_ClearCoat_Opaque.uexp" 767
"../../../Engine/Plugins/Interchange/Runtime/Content/gltf/MaterialInstances/MI_ClearCoat_Mask_DS.uasset" 768
"../../../Engine/Plugins/Interchange/Runtime/Content/gltf/MaterialInstances/MI_ClearCoat_Mask_DS.uexp" 769
"../../../Engine/Plugins/Interchange/Runtime/Content/gltf/MaterialInstances/MI_ClearCoat_Mask.uasset" 770
"../../../Engine/Plugins/Interchange/Runtime/Content/gltf/MaterialInstances/MI_ClearCoat_Mask.uexp" 771
"../../../Engine/Plugins/Interchange/Runtime/Content/gltf/MaterialInstances/MI_ClearCoat_Blend_DS.uasset" 772
"../../../Engine/Plugins/Interchange/Runtime/Content/gltf/MaterialInstances/MI_ClearCoat_Blend_DS.uexp" 773
"../../../Engine/Plugins/Interchange/Runtime/Content/gltf/MaterialInstances/MI_ClearCoat_Blend.uasset" 774
"../../../Engine/Plugins/Interchange/Runtime/Content/gltf/MaterialInstances/MI_ClearCoat_Blend.uexp" 775
"../../../Engine/Content/MobileResources/HUD/VirtualJoystick_Background.uasset" 776
"../../../Engine/Content/MobileResources/HUD/VirtualJoystick_Background.uexp" 777
"../../../Engine/Content/MobileResources/HUD/VirtualJoystick_Thumb.uasset" 778
"../../../Engine/Content/MobileResources/HUD/VirtualJoystick_Thumb.uexp" 779
"../../../Engine/Content/MobileResources/HUD/DefaultVirtualJoysticks.uasset" 780
"../../../Engine/Content/MobileResources/HUD/DefaultVirtualJoysticks.uexp" 781
"../../../Engine/Content/EngineSky/VolumetricClouds/CloudWeatherTexture.uasset" 782
"../../../Engine/Content/EngineSky/VolumetricClouds/CloudWeatherTexture.uexp" 783
"../../../Engine/Content/Functions/Engine_MaterialFunctions02/Utility/MakeFloat2.uasset" 784
"../../../Engine/Content/Functions/Engine_MaterialFunctions02/Utility/MakeFloat2.uexp" 785
"../../../Engine/Content/EngineSky/VolumetricClouds/CloudGradientTexture.uasset" 786
"../../../Engine/Content/EngineSky/VolumetricClouds/CloudGradientTexture.uexp" 787
"../../../Engine/Content/EngineSky/VolumetricClouds/T_NoiseShape64.ubulk" 788
"../../../Engine/Content/EngineSky/VolumetricClouds/T_NoiseShape64.uasset" 789
"../../../Engine/Content/EngineSky/VolumetricClouds/T_NoiseShape64.uexp" 790
"../../../Engine/Content/EngineSky/VolumetricClouds/T_VolumeNoiseShape64.uasset" 791
"../../../Engine/Content/EngineSky/VolumetricClouds/T_VolumeNoiseShape64.uexp" 792
"../../../Engine/Content/EngineSky/VolumetricClouds/T_NoiseErosion.ubulk" 793
"../../../Engine/Content/EngineSky/VolumetricClouds/T_NoiseErosion.uasset" 794
"../../../Engine/Content/EngineSky/VolumetricClouds/T_NoiseErosion.uexp" 795
"../../../Engine/Content/EngineSky/VolumetricClouds/T_VolumeNoiseErosion32.uasset" 796
"../../../Engine/Content/EngineSky/VolumetricClouds/T_VolumeNoiseErosion32.uexp" 797
"../../../Engine/Content/EngineSky/VolumetricClouds/m_SimpleVolumetricCloud.uasset" 798
"../../../Engine/Content/EngineSky/VolumetricClouds/m_SimpleVolumetricCloud.uexp" 799
"../../../Engine/Content/EngineSky/VolumetricClouds/m_SimpleVolumetricCloud_Inst.uasset" 800
"../../../Engine/Content/EngineSky/VolumetricClouds/m_SimpleVolumetricCloud_Inst.uexp" 801
"../../../Engine/Content/EngineResources/FilmGrains/Marcie_Grain_v3_128_M2_000.uasset" 802
"../../../Engine/Content/EngineResources/FilmGrains/Marcie_Grain_v3_128_M2_000.uexp" 803
"../../../Engine/Content/EditorResources/SequenceRecorder/RecordingIndicator.uasset" 804
"../../../Engine/Content/EditorResources/SequenceRecorder/RecordingIndicator.uexp" 805
"../../../Engine/Content/EditorResources/SequenceRecorder/Countdown.uasset" 806
"../../../Engine/Content/EditorResources/SequenceRecorder/Countdown.uexp" 807
"../../../Engine/Content/EditorMaterials/Dataflow/DataflowVertexMaterial.uasset" 808
"../../../Engine/Content/EditorMaterials/Dataflow/DataflowVertexMaterial.uexp" 809
"../../../Engine/Content/EditorResources/BadHighlight.ubulk" 810
"../../../Engine/Content/EditorResources/BadHighlight.uasset" 811
"../../../Engine/Content/EditorResources/BadHighlight.uexp" 812
"C:/Users/bruwu/OneDrive/Documentos/GitHub/MotoresComerciales/MotoresComerciales/Content/VRS_LowPolyNatureEssentials/Materials/M_BaseTransparnet.uasset" 813
"C:/Users/bruwu/OneDrive/Documentos/GitHub/MotoresComerciales/MotoresComerciales/Content/VRS_LowPolyNatureEssentials/Materials/M_BaseTransparnet.uexp" 814
"C:/Users/bruwu/OneDrive/Documentos/GitHub/MotoresComerciales/MotoresComerciales/Content/VRS_LowPolyNatureEssentials/Textures/T_BaselinePalette.ubulk" 815
"C:/Users/bruwu/OneDrive/Documentos/GitHub/MotoresComerciales/MotoresComerciales/Content/VRS_LowPolyNatureEssentials/Textures/T_BaselinePalette.uasset" 816
"C:/Users/bruwu/OneDrive/Documentos/GitHub/MotoresComerciales/MotoresComerciales/Content/VRS_LowPolyNatureEssentials/Textures/T_BaselinePalette.uexp" 817
"C:/Users/bruwu/OneDrive/Documentos/GitHub/MotoresComerciales/MotoresComerciales/Content/VRS_LowPolyNatureEssentials/Materials/MI_BaseTransparent.uasset" 818
"C:/Users/bruwu/OneDrive/Documentos/GitHub/MotoresComerciales/MotoresComerciales/Content/VRS_LowPolyNatureEssentials/Materials/MI_BaseTransparent.uexp" 819
"C:/Users/bruwu/OneDrive/Documentos/GitHub/MotoresComerciales/MotoresComerciales/Content/VRS_LowPolyNatureEssentials/Materials/M_BaseMaterial.uasset" 820
"C:/Users/bruwu/OneDrive/Documentos/GitHub/MotoresComerciales/MotoresComerciales/Content/VRS_LowPolyNatureEssentials/Materials/M_BaseMaterial.uexp" 821
"C:/Users/bruwu/OneDrive/Documentos/GitHub/MotoresComerciales/MotoresComerciales/Content/VRS_LowPolyNatureEssentials/Materials/MI_BaseEmissive.uasset" 822
"C:/Users/bruwu/OneDrive/Documentos/GitHub/MotoresComerciales/MotoresComerciales/Content/VRS_LowPolyNatureEssentials/Materials/MI_BaseEmissive.uexp" 823
"C:/Users/bruwu/OneDrive/Documentos/GitHub/MotoresComerciales/MotoresComerciales/Content/ThirdPerson/Models/yonFBX/Black_001.uasset" 824
"C:/Users/bruwu/OneDrive/Documentos/GitHub/MotoresComerciales/MotoresComerciales/Content/ThirdPerson/Models/yonFBX/Black_001.uexp" 825
"../../../Engine/Content/Functions/Engine_MaterialFunctions01/Shading/MetallicShading.uasset" 826
"../../../Engine/Content/Functions/Engine_MaterialFunctions01/Shading/MetallicShading.uexp" 827
"C:/Users/bruwu/OneDrive/Documentos/GitHub/MotoresComerciales/MotoresComerciales/Content/ThirdPerson/Materials/BaseCanelite.uasset" 828
"C:/Users/bruwu/OneDrive/Documentos/GitHub/MotoresComerciales/MotoresComerciales/Content/ThirdPerson/Materials/BaseCanelite.uexp" 829
"C:/Users/bruwu/OneDrive/Documentos/GitHub/MotoresComerciales/MotoresComerciales/Content/ThirdPerson/Materials/MI_Rojo.uasset" 830
"C:/Users/bruwu/OneDrive/Documentos/GitHub/MotoresComerciales/MotoresComerciales/Content/ThirdPerson/Materials/MI_Rojo.uexp" 831
"C:/Users/bruwu/OneDrive/Documentos/GitHub/MotoresComerciales/MotoresComerciales/Content/ThirdPerson/Maps/ThirdPersonMap_BuiltData.ubulk" 832
"C:/Users/bruwu/OneDrive/Documentos/GitHub/MotoresComerciales/MotoresComerciales/Content/ThirdPerson/Maps/ThirdPersonMap_BuiltData.uasset" 833
"C:/Users/bruwu/OneDrive/Documentos/GitHub/MotoresComerciales/MotoresComerciales/Content/ThirdPerson/Maps/ThirdPersonMap_BuiltData.uexp" 834
"C:/Users/bruwu/OneDrive/Documentos/GitHub/MotoresComerciales/MotoresComerciales/Content/ThirdPerson/Fonts/OMORI_GAME.uexp" 835
"C:/Users/bruwu/OneDrive/Documentos/GitHub/MotoresComerciales/MotoresComerciales/Content/ThirdPerson/Fonts/OMORI_GAME.uasset" 836
"C:/Users/bruwu/OneDrive/Documentos/GitHub/MotoresComerciales/MotoresComerciales/Content/ThirdPerson/Fonts/OMORI_GAME.ufont" 837
"C:/Users/bruwu/OneDrive/Documentos/GitHub/MotoresComerciales/MotoresComerciales/Content/ThirdPerson/Fonts/OMORI_GAME_Font.uasset" 838
"C:/Users/bruwu/OneDrive/Documentos/GitHub/MotoresComerciales/MotoresComerciales/Content/ThirdPerson/Fonts/OMORI_GAME_Font.uexp" 839
"C:/Users/bruwu/OneDrive/Documentos/GitHub/MotoresComerciales/MotoresComerciales/Content/ThirdPerson/Audios/SFX_Ambience_Forest_Night_Loop.ubulk" 840
"C:/Users/bruwu/OneDrive/Documentos/GitHub/MotoresComerciales/MotoresComerciales/Content/ThirdPerson/Audios/SFX_Ambience_Forest_Night_Loop.uasset" 841
"C:/Users/bruwu/OneDrive/Documentos/GitHub/MotoresComerciales/MotoresComerciales/Content/ThirdPerson/Audios/SFX_Ambience_Forest_Night_Loop.uexp" 842
"C:/Users/bruwu/OneDrive/Documentos/GitHub/MotoresComerciales/MotoresComerciales/Content/Stylized_PBR_Nature/Terrain/M_Water_Basic.uasset" 843
"C:/Users/bruwu/OneDrive/Documentos/GitHub/MotoresComerciales/MotoresComerciales/Content/Stylized_PBR_Nature/Terrain/M_Water_Basic.uexp" 844
"C:/Users/bruwu/OneDrive/Documentos/GitHub/MotoresComerciales/MotoresComerciales/Content/Stylized_PBR_Nature/Terrain/T_Grass_1.ubulk" 845
"C:/Users/bruwu/OneDrive/Documentos/GitHub/MotoresComerciales/MotoresComerciales/Content/Stylized_PBR_Nature/Terrain/T_Grass_1.uasset" 846
"C:/Users/bruwu/OneDrive/Documentos/GitHub/MotoresComerciales/MotoresComerciales/Content/Stylized_PBR_Nature/Terrain/T_Grass_1.uexp" 847
"C:/Users/bruwu/OneDrive/Documentos/GitHub/MotoresComerciales/MotoresComerciales/Content/Stylized_PBR_Nature/Terrain/T_Grass_2.ubulk" 848
"C:/Users/bruwu/OneDrive/Documentos/GitHub/MotoresComerciales/MotoresComerciales/Content/Stylized_PBR_Nature/Terrain/T_Grass_2.uasset" 849
"C:/Users/bruwu/OneDrive/Documentos/GitHub/MotoresComerciales/MotoresComerciales/Content/Stylized_PBR_Nature/Terrain/T_Grass_2.uexp" 850
"C:/Users/bruwu/OneDrive/Documentos/GitHub/MotoresComerciales/MotoresComerciales/Content/Stylized_PBR_Nature/Terrain/T_Dirt.ubulk" 851
"C:/Users/bruwu/OneDrive/Documentos/GitHub/MotoresComerciales/MotoresComerciales/Content/Stylized_PBR_Nature/Terrain/T_Dirt.uasset" 852
"C:/Users/bruwu/OneDrive/Documentos/GitHub/MotoresComerciales/MotoresComerciales/Content/Stylized_PBR_Nature/Terrain/T_Dirt.uexp" 853
"C:/Users/bruwu/OneDrive/Documentos/GitHub/MotoresComerciales/MotoresComerciales/Content/Stylized_PBR_Nature/Terrain/T_rock.ubulk" 854
"C:/Users/bruwu/OneDrive/Documentos/GitHub/MotoresComerciales/MotoresComerciales/Content/Stylized_PBR_Nature/Terrain/T_rock.uasset" 855
"C:/Users/bruwu/OneDrive/Documentos/GitHub/MotoresComerciales/MotoresComerciales/Content/Stylized_PBR_Nature/Terrain/T_rock.uexp" 856
"C:/Users/bruwu/OneDrive/Documentos/GitHub/MotoresComerciales/MotoresComerciales/Content/Stylized_PBR_Nature/Terrain/M_Landscape.uasset" 857
"C:/Users/bruwu/OneDrive/Documentos/GitHub/MotoresComerciales/MotoresComerciales/Content/Stylized_PBR_Nature/Terrain/M_Landscape.uexp" 858
"C:/Users/bruwu/OneDrive/Documentos/GitHub/MotoresComerciales/MotoresComerciales/Content/Stylized_PBR_Nature/Maps/Rock_LayerInfo.uasset" 859
"C:/Users/bruwu/OneDrive/Documentos/GitHub/MotoresComerciales/MotoresComerciales/Content/Stylized_PBR_Nature/Maps/Rock_LayerInfo.uexp" 860
"C:/Users/bruwu/OneDrive/Documentos/GitHub/MotoresComerciales/MotoresComerciales/Content/Stylized_PBR_Nature/Maps/Grass_02_LayerInfo.uasset" 861
"C:/Users/bruwu/OneDrive/Documentos/GitHub/MotoresComerciales/MotoresComerciales/Content/Stylized_PBR_Nature/Maps/Grass_02_LayerInfo.uexp" 862
"C:/Users/bruwu/OneDrive/Documentos/GitHub/MotoresComerciales/MotoresComerciales/Content/Stylized_PBR_Nature/Maps/Grass_01_LayerInfo.uasset" 863
"C:/Users/bruwu/OneDrive/Documentos/GitHub/MotoresComerciales/MotoresComerciales/Content/Stylized_PBR_Nature/Maps/Grass_01_LayerInfo.uexp" 864
"C:/Users/bruwu/OneDrive/Documentos/GitHub/MotoresComerciales/MotoresComerciales/Content/Stylized_PBR_Nature/Maps/dirt_LayerInfo.uasset" 865
"C:/Users/bruwu/OneDrive/Documentos/GitHub/MotoresComerciales/MotoresComerciales/Content/Stylized_PBR_Nature/Maps/dirt_LayerInfo.uexp" 866
"C:/Users/bruwu/OneDrive/Documentos/GitHub/MotoresComerciales/MotoresComerciales/Content/LevelPrototyping/Textures/T_GridChecker_A.ubulk" 867
"C:/Users/bruwu/OneDrive/Documentos/GitHub/MotoresComerciales/MotoresComerciales/Content/LevelPrototyping/Textures/T_GridChecker_A.uasset" 868
"C:/Users/bruwu/OneDrive/Documentos/GitHub/MotoresComerciales/MotoresComerciales/Content/LevelPrototyping/Textures/T_GridChecker_A.uexp" 869
"../../../Engine/Content/Functions/Engine_MaterialFunctions01/Gradient/LinearGradient.uasset" 870
"../../../Engine/Content/Functions/Engine_MaterialFunctions01/Gradient/LinearGradient.uexp" 871
"../../../Engine/Content/Functions/Engine_MaterialFunctions01/ImageAdjustment/CheapContrast.uasset" 872
"../../../Engine/Content/Functions/Engine_MaterialFunctions01/ImageAdjustment/CheapContrast.uexp" 873
"C:/Users/bruwu/OneDrive/Documentos/GitHub/MotoresComerciales/MotoresComerciales/Content/LevelPrototyping/Materials/MF_ProcGrid.uasset" 874
"C:/Users/bruwu/OneDrive/Documentos/GitHub/MotoresComerciales/MotoresComerciales/Content/LevelPrototyping/Materials/MF_ProcGrid.uexp" 875
"C:/Users/bruwu/OneDrive/Documentos/GitHub/MotoresComerciales/MotoresComerciales/Content/LevelPrototyping/Materials/M_PrototypeGrid.uasset" 876
"C:/Users/bruwu/OneDrive/Documentos/GitHub/MotoresComerciales/MotoresComerciales/Content/LevelPrototyping/Materials/M_PrototypeGrid.uexp" 877
"C:/Users/bruwu/OneDrive/Documentos/GitHub/MotoresComerciales/MotoresComerciales/Content/LevelPrototyping/Materials/MI_PrototypeGrid_Gray.uasset" 878
"C:/Users/bruwu/OneDrive/Documentos/GitHub/MotoresComerciales/MotoresComerciales/Content/LevelPrototyping/Materials/MI_PrototypeGrid_Gray.uexp" 879
"C:/Users/bruwu/OneDrive/Documentos/GitHub/MotoresComerciales/MotoresComerciales/Content/LevelPrototyping/Meshes/SM_Cylinder.ubulk" 880
"C:/Users/bruwu/OneDrive/Documentos/GitHub/MotoresComerciales/MotoresComerciales/Content/LevelPrototyping/Meshes/SM_Cylinder.uasset" 881
"C:/Users/bruwu/OneDrive/Documentos/GitHub/MotoresComerciales/MotoresComerciales/Content/LevelPrototyping/Meshes/SM_Cylinder.uexp" 882
"C:/Users/bruwu/OneDrive/Documentos/GitHub/MotoresComerciales/MotoresComerciales/Content/LevelPrototyping/Materials/MI_PrototypeGrid_Gray_02.uasset" 883
"C:/Users/bruwu/OneDrive/Documentos/GitHub/MotoresComerciales/MotoresComerciales/Content/LevelPrototyping/Materials/MI_PrototypeGrid_Gray_02.uexp" 884
"C:/Users/bruwu/OneDrive/Documentos/GitHub/MotoresComerciales/MotoresComerciales/Content/Fantastic_Village_Pack/textures/T_wood_planks_08_BC.ubulk" 885
"C:/Users/bruwu/OneDrive/Documentos/GitHub/MotoresComerciales/MotoresComerciales/Content/Fantastic_Village_Pack/textures/T_wood_planks_08_BC.uasset" 886
"C:/Users/bruwu/OneDrive/Documentos/GitHub/MotoresComerciales/MotoresComerciales/Content/Fantastic_Village_Pack/textures/T_wood_planks_08_BC.uexp" 887
"C:/Users/bruwu/OneDrive/Documentos/GitHub/MotoresComerciales/MotoresComerciales/Content/Fantastic_Village_Pack/textures/T_ENV_TERRAIN_gravel_BC.ubulk" 888
"C:/Users/bruwu/OneDrive/Documentos/GitHub/MotoresComerciales/MotoresComerciales/Content/Fantastic_Village_Pack/textures/T_ENV_TERRAIN_gravel_BC.uasset" 889
"C:/Users/bruwu/OneDrive/Documentos/GitHub/MotoresComerciales/MotoresComerciales/Content/Fantastic_Village_Pack/textures/T_ENV_TERRAIN_gravel_BC.uexp" 890
"C:/Users/bruwu/OneDrive/Documentos/GitHub/MotoresComerciales/MotoresComerciales/Content/Fantastic_Village_Pack/textures/T_ENV_TERRAIN_gravel_N.ubulk" 891
"C:/Users/bruwu/OneDrive/Documentos/GitHub/MotoresComerciales/MotoresComerciales/Content/Fantastic_Village_Pack/textures/T_ENV_TERRAIN_gravel_N.uasset" 892
"C:/Users/bruwu/OneDrive/Documentos/GitHub/MotoresComerciales/MotoresComerciales/Content/Fantastic_Village_Pack/textures/T_ENV_TERRAIN_gravel_N.uexp" 893
"C:/Users/bruwu/OneDrive/Documentos/GitHub/MotoresComerciales/MotoresComerciales/Content/Fantastic_Village_Pack/materials/master_materials/M_Master_opaque_normal.uasset" 894
"C:/Users/bruwu/OneDrive/Documentos/GitHub/MotoresComerciales/MotoresComerciales/Content/Fantastic_Village_Pack/materials/master_materials/M_Master_opaque_normal.uexp" 895
"C:/Users/bruwu/OneDrive/Documentos/GitHub/MotoresComerciales/MotoresComerciales/Content/Fantastic_Village_Pack/textures/T_wood_planks_05_N.ubulk" 896
"C:/Users/bruwu/OneDrive/Documentos/GitHub/MotoresComerciales/MotoresComerciales/Content/Fantastic_Village_Pack/textures/T_wood_planks_05_N.uasset" 897
"C:/Users/bruwu/OneDrive/Documentos/GitHub/MotoresComerciales/MotoresComerciales/Content/Fantastic_Village_Pack/textures/T_wood_planks_05_N.uexp" 898
"C:/Users/bruwu/OneDrive/Documentos/GitHub/MotoresComerciales/MotoresComerciales/Content/Fantastic_Village_Pack/materials/MI_wood_planks_08.uasset" 899
"C:/Users/bruwu/OneDrive/Documentos/GitHub/MotoresComerciales/MotoresComerciales/Content/Fantastic_Village_Pack/materials/MI_wood_planks_08.uexp" 900
"C:/Users/bruwu/OneDrive/Documentos/GitHub/MotoresComerciales/MotoresComerciales/Content/Fantastic_Village_Pack/textures/T_stonebrick_01_BC.ubulk" 901
"C:/Users/bruwu/OneDrive/Documentos/GitHub/MotoresComerciales/MotoresComerciales/Content/Fantastic_Village_Pack/textures/T_stonebrick_01_BC.uasset" 902
"C:/Users/bruwu/OneDrive/Documentos/GitHub/MotoresComerciales/MotoresComerciales/Content/Fantastic_Village_Pack/textures/T_stonebrick_01_BC.uexp" 903
"C:/Users/bruwu/OneDrive/Documentos/GitHub/MotoresComerciales/MotoresComerciales/Content/Fantastic_Village_Pack/textures/T_stonebrick_01_N.ubulk" 904
"C:/Users/bruwu/OneDrive/Documentos/GitHub/MotoresComerciales/MotoresComerciales/Content/Fantastic_Village_Pack/textures/T_stonebrick_01_N.uasset" 905
"C:/Users/bruwu/OneDrive/Documentos/GitHub/MotoresComerciales/MotoresComerciales/Content/Fantastic_Village_Pack/textures/T_stonebrick_01_N.uexp" 906
"C:/Users/bruwu/OneDrive/Documentos/GitHub/MotoresComerciales/MotoresComerciales/Content/Fantastic_Village_Pack/materials/MI_stonebrick_01.uasset" 907
"C:/Users/bruwu/OneDrive/Documentos/GitHub/MotoresComerciales/MotoresComerciales/Content/Fantastic_Village_Pack/materials/MI_stonebrick_01.uexp" 908
"C:/Users/bruwu/OneDrive/Documentos/GitHub/MotoresComerciales/MotoresComerciales/Content/Fantastic_Village_Pack/materials/master_materials/M_Master_CLR.uasset" 909
"C:/Users/bruwu/OneDrive/Documentos/GitHub/MotoresComerciales/MotoresComerciales/Content/Fantastic_Village_Pack/materials/master_materials/M_Master_CLR.uexp" 910
"C:/Users/bruwu/OneDrive/Documentos/GitHub/MotoresComerciales/MotoresComerciales/Content/Fantastic_Village_Pack/materials/MI_CLR_emission_blue.uasset" 911
"C:/Users/bruwu/OneDrive/Documentos/GitHub/MotoresComerciales/MotoresComerciales/Content/Fantastic_Village_Pack/materials/MI_CLR_emission_blue.uexp" 912
"C:/Users/bruwu/OneDrive/Documentos/GitHub/MotoresComerciales/MotoresComerciales/Content/Fantastic_Village_Pack/textures/T_FX_sprite_fire.ubulk" 913
"C:/Users/bruwu/OneDrive/Documentos/GitHub/MotoresComerciales/MotoresComerciales/Content/Fantastic_Village_Pack/textures/T_FX_sprite_fire.uasset" 914
"C:/Users/bruwu/OneDrive/Documentos/GitHub/MotoresComerciales/MotoresComerciales/Content/Fantastic_Village_Pack/textures/T_FX_sprite_fire.uexp" 915
"C:/Users/bruwu/OneDrive/Documentos/GitHub/MotoresComerciales/MotoresComerciales/Content/Fantastic_Village_Pack/materials/master_materials/M_Master_fire_smoke.uasset" 916
"C:/Users/bruwu/OneDrive/Documentos/GitHub/MotoresComerciales/MotoresComerciales/Content/Fantastic_Village_Pack/materials/master_materials/M_Master_fire_smoke.uexp" 917
"C:/Users/bruwu/OneDrive/Documentos/GitHub/MotoresComerciales/MotoresComerciales/Content/Fantastic_Village_Pack/textures/T_FX_sprite_steam_village_BC.ubulk" 918
"C:/Users/bruwu/OneDrive/Documentos/GitHub/MotoresComerciales/MotoresComerciales/Content/Fantastic_Village_Pack/textures/T_FX_sprite_steam_village_BC.uasset" 919
"C:/Users/bruwu/OneDrive/Documentos/GitHub/MotoresComerciales/MotoresComerciales/Content/Fantastic_Village_Pack/textures/T_FX_sprite_steam_village_BC.uexp" 920
"C:/Users/bruwu/OneDrive/Documentos/GitHub/MotoresComerciales/MotoresComerciales/Content/Fantastic_Village_Pack/materials/MI_FX_smoke.uasset" 921
"C:/Users/bruwu/OneDrive/Documentos/GitHub/MotoresComerciales/MotoresComerciales/Content/Fantastic_Village_Pack/materials/MI_FX_smoke.uexp" 922
"C:/Users/bruwu/OneDrive/Documentos/GitHub/MotoresComerciales/MotoresComerciales/Content/Fantastic_Village_Pack/effects/PS_FX_smoke.uasset" 923
"C:/Users/bruwu/OneDrive/Documentos/GitHub/MotoresComerciales/MotoresComerciales/Content/Fantastic_Village_Pack/effects/PS_FX_smoke.uexp" 924
"C:/Users/bruwu/OneDrive/Documentos/GitHub/MotoresComerciales/MotoresComerciales/Content/Fantastic_Village_Pack/materials/MI_FX_fire.uasset" 925
"C:/Users/bruwu/OneDrive/Documentos/GitHub/MotoresComerciales/MotoresComerciales/Content/Fantastic_Village_Pack/materials/MI_FX_fire.uexp" 926
"C:/Users/bruwu/OneDrive/Documentos/GitHub/MotoresComerciales/MotoresComerciales/Content/Fantastic_Village_Pack/effects/PS_FX_fire_2.uasset" 927
"C:/Users/bruwu/OneDrive/Documentos/GitHub/MotoresComerciales/MotoresComerciales/Content/Fantastic_Village_Pack/effects/PS_FX_fire_2.uexp" 928
"C:/Users/bruwu/OneDrive/Documentos/GitHub/MotoresComerciales/MotoresComerciales/Content/Fantastic_Village_Pack/effects/PS_FX_fire_1.uasset" 929
"C:/Users/bruwu/OneDrive/Documentos/GitHub/MotoresComerciales/MotoresComerciales/Content/Fantastic_Village_Pack/effects/PS_FX_fire_1.uexp" 930
"C:/Users/bruwu/OneDrive/Documentos/GitHub/MotoresComerciales/MotoresComerciales/Content/Fantastic_Village_Pack/animations/Cam_LevelSequence.uasset" 931
"C:/Users/bruwu/OneDrive/Documentos/GitHub/MotoresComerciales/MotoresComerciales/Content/Fantastic_Village_Pack/animations/Cam_LevelSequence.uexp" 932
"../../../Engine/Content/Functions/Engine_MaterialFunctions01/Shading/PowerToRoughness.uasset" 933
"../../../Engine/Content/Functions/Engine_MaterialFunctions01/Shading/PowerToRoughness.uexp" 934
"../../../Engine/Content/Functions/Engine_MaterialFunctions01/Shading/ConvertFromDiffSpec.uasset" 935
"../../../Engine/Content/Functions/Engine_MaterialFunctions01/Shading/ConvertFromDiffSpec.uexp" 936
"../../../Engine/Content/EngineMaterials/Substrate/Volume/SubstrateSimpleVolumeLUT3D.uasset" 937
"../../../Engine/Content/EngineMaterials/Substrate/Volume/SubstrateSimpleVolumeLUT3D.uexp" 938
"../../../Engine/Content/EngineMaterials/Substrate/Volume/SubstrateSimpleVolumeEnvLUT3D.uasset" 939
"../../../Engine/Content/EngineMaterials/Substrate/Volume/SubstrateSimpleVolumeEnvLUT3D.uexp" 940
"../../../Engine/Content/EngineMaterials/Substrate/GLints2/AGlintTex2dArray2.uasset" 941
"../../../Engine/Content/EngineMaterials/Substrate/GLints2/AGlintTex2dArray2.uexp" 942
"../../../Engine/Content/EngineMaterials/Substrate/GLints/AGlintTex2dArray.uasset" 943
"../../../Engine/Content/EngineMaterials/Substrate/GLints/AGlintTex2dArray.uexp" 944
"C:/Users/bruwu/OneDrive/Documentos/GitHub/MotoresComerciales/MotoresComerciales/Content/ThirdPerson/Models/yonFBX/Studio_Setup_Mtl_9_001.uasset" 945
"C:/Users/bruwu/OneDrive/Documentos/GitHub/MotoresComerciales/MotoresComerciales/Content/ThirdPerson/Models/yonFBX/Studio_Setup_Mtl_9_001.uexp" 946
"C:/Users/bruwu/OneDrive/Documentos/GitHub/MotoresComerciales/MotoresComerciales/Content/ThirdPerson/Models/yonFBX/Studio_Studio_Setup_Tube_9.ubulk" 947
"C:/Users/bruwu/OneDrive/Documentos/GitHub/MotoresComerciales/MotoresComerciales/Content/ThirdPerson/Models/yonFBX/Studio_Studio_Setup_Tube_9.uasset" 948
"C:/Users/bruwu/OneDrive/Documentos/GitHub/MotoresComerciales/MotoresComerciales/Content/ThirdPerson/Models/yonFBX/Studio_Studio_Setup_Tube_9.uexp" 949
"C:/Users/bruwu/OneDrive/Documentos/GitHub/MotoresComerciales/MotoresComerciales/Content/ThirdPerson/Models/yonFBX/Studio_Studio_Setup_Tube_8.ubulk" 950
"C:/Users/bruwu/OneDrive/Documentos/GitHub/MotoresComerciales/MotoresComerciales/Content/ThirdPerson/Models/yonFBX/Studio_Studio_Setup_Tube_8.uasset" 951
"C:/Users/bruwu/OneDrive/Documentos/GitHub/MotoresComerciales/MotoresComerciales/Content/ThirdPerson/Models/yonFBX/Studio_Studio_Setup_Tube_8.uexp" 952
"C:/Users/bruwu/OneDrive/Documentos/GitHub/MotoresComerciales/MotoresComerciales/Content/ThirdPerson/Models/yonFBX/Studio_Studio_Setup_Tube_7.ubulk" 953
"C:/Users/bruwu/OneDrive/Documentos/GitHub/MotoresComerciales/MotoresComerciales/Content/ThirdPerson/Models/yonFBX/Studio_Studio_Setup_Tube_7.uasset" 954
"C:/Users/bruwu/OneDrive/Documentos/GitHub/MotoresComerciales/MotoresComerciales/Content/ThirdPerson/Models/yonFBX/Studio_Studio_Setup_Tube_7.uexp" 955
"C:/Users/bruwu/OneDrive/Documentos/GitHub/MotoresComerciales/MotoresComerciales/Content/ThirdPerson/Models/yonFBX/Studio_Studio_Setup_Tube_6.ubulk" 956
"C:/Users/bruwu/OneDrive/Documentos/GitHub/MotoresComerciales/MotoresComerciales/Content/ThirdPerson/Models/yonFBX/Studio_Studio_Setup_Tube_6.uasset" 957
"C:/Users/bruwu/OneDrive/Documentos/GitHub/MotoresComerciales/MotoresComerciales/Content/ThirdPerson/Models/yonFBX/Studio_Studio_Setup_Tube_6.uexp" 958
"C:/Users/bruwu/OneDrive/Documentos/GitHub/MotoresComerciales/MotoresComerciales/Content/ThirdPerson/Models/yonFBX/Studio_Studio_Setup_Tube_5.ubulk" 959
"C:/Users/bruwu/OneDrive/Documentos/GitHub/MotoresComerciales/MotoresComerciales/Content/ThirdPerson/Models/yonFBX/Studio_Studio_Setup_Tube_5.uasset" 960
"C:/Users/bruwu/OneDrive/Documentos/GitHub/MotoresComerciales/MotoresComerciales/Content/ThirdPerson/Models/yonFBX/Studio_Studio_Setup_Tube_5.uexp" 961
"C:/Users/bruwu/OneDrive/Documentos/GitHub/MotoresComerciales/MotoresComerciales/Content/ThirdPerson/Models/yonFBX/Studio_Studio_Setup_Tube_4.ubulk" 962
"C:/Users/bruwu/OneDrive/Documentos/GitHub/MotoresComerciales/MotoresComerciales/Content/ThirdPerson/Models/yonFBX/Studio_Studio_Setup_Tube_4.uasset" 963
"C:/Users/bruwu/OneDrive/Documentos/GitHub/MotoresComerciales/MotoresComerciales/Content/ThirdPerson/Models/yonFBX/Studio_Studio_Setup_Tube_4.uexp" 964
"C:/Users/bruwu/OneDrive/Documentos/GitHub/MotoresComerciales/MotoresComerciales/Content/ThirdPerson/Models/yonFBX/Studio_Studio_Setup_Tube_3.ubulk" 965
"C:/Users/bruwu/OneDrive/Documentos/GitHub/MotoresComerciales/MotoresComerciales/Content/ThirdPerson/Models/yonFBX/Studio_Studio_Setup_Tube_3.uasset" 966
"C:/Users/bruwu/OneDrive/Documentos/GitHub/MotoresComerciales/MotoresComerciales/Content/ThirdPerson/Models/yonFBX/Studio_Studio_Setup_Tube_3.uexp" 967
"C:/Users/bruwu/OneDrive/Documentos/GitHub/MotoresComerciales/MotoresComerciales/Content/ThirdPerson/Models/yonFBX/Studio_Studio_Setup_Tube_2.ubulk" 968
"C:/Users/bruwu/OneDrive/Documentos/GitHub/MotoresComerciales/MotoresComerciales/Content/ThirdPerson/Models/yonFBX/Studio_Studio_Setup_Tube_2.uasset" 969
"C:/Users/bruwu/OneDrive/Documentos/GitHub/MotoresComerciales/MotoresComerciales/Content/ThirdPerson/Models/yonFBX/Studio_Studio_Setup_Tube_2.uexp" 970
"C:/Users/bruwu/OneDrive/Documentos/GitHub/MotoresComerciales/MotoresComerciales/Content/ThirdPerson/Models/yonFBX/Studio_Studio_Setup_Tube_18.ubulk" 971
"C:/Users/bruwu/OneDrive/Documentos/GitHub/MotoresComerciales/MotoresComerciales/Content/ThirdPerson/Models/yonFBX/Studio_Studio_Setup_Tube_18.uasset" 972
"C:/Users/bruwu/OneDrive/Documentos/GitHub/MotoresComerciales/MotoresComerciales/Content/ThirdPerson/Models/yonFBX/Studio_Studio_Setup_Tube_18.uexp" 973
"C:/Users/bruwu/OneDrive/Documentos/GitHub/MotoresComerciales/MotoresComerciales/Content/ThirdPerson/Models/yonFBX/Studio_Studio_Setup_Tube_17.ubulk" 974
"C:/Users/bruwu/OneDrive/Documentos/GitHub/MotoresComerciales/MotoresComerciales/Content/ThirdPerson/Models/yonFBX/Studio_Studio_Setup_Tube_17.uasset" 975
"C:/Users/bruwu/OneDrive/Documentos/GitHub/MotoresComerciales/MotoresComerciales/Content/ThirdPerson/Models/yonFBX/Studio_Studio_Setup_Tube_17.uexp" 976
"C:/Users/bruwu/OneDrive/Documentos/GitHub/MotoresComerciales/MotoresComerciales/Content/ThirdPerson/Models/yonFBX/Studio_Studio_Setup_Tube_16.ubulk" 977
"C:/Users/bruwu/OneDrive/Documentos/GitHub/MotoresComerciales/MotoresComerciales/Content/ThirdPerson/Models/yonFBX/Studio_Studio_Setup_Tube_16.uasset" 978
"C:/Users/bruwu/OneDrive/Documentos/GitHub/MotoresComerciales/MotoresComerciales/Content/ThirdPerson/Models/yonFBX/Studio_Studio_Setup_Tube_16.uexp" 979
"C:/Users/bruwu/OneDrive/Documentos/GitHub/MotoresComerciales/MotoresComerciales/Content/ThirdPerson/Models/yonFBX/Studio_Studio_Setup_Tube_15.ubulk" 980
"C:/Users/bruwu/OneDrive/Documentos/GitHub/MotoresComerciales/MotoresComerciales/Content/ThirdPerson/Models/yonFBX/Studio_Studio_Setup_Tube_15.uasset" 981
"C:/Users/bruwu/OneDrive/Documentos/GitHub/MotoresComerciales/MotoresComerciales/Content/ThirdPerson/Models/yonFBX/Studio_Studio_Setup_Tube_15.uexp" 982
"C:/Users/bruwu/OneDrive/Documentos/GitHub/MotoresComerciales/MotoresComerciales/Content/ThirdPerson/Models/yonFBX/Studio_Studio_Setup_Tube_14.ubulk" 983
"C:/Users/bruwu/OneDrive/Documentos/GitHub/MotoresComerciales/MotoresComerciales/Content/ThirdPerson/Models/yonFBX/Studio_Studio_Setup_Tube_14.uasset" 984
"C:/Users/bruwu/OneDrive/Documentos/GitHub/MotoresComerciales/MotoresComerciales/Content/ThirdPerson/Models/yonFBX/Studio_Studio_Setup_Tube_14.uexp" 985
"C:/Users/bruwu/OneDrive/Documentos/GitHub/MotoresComerciales/MotoresComerciales/Content/ThirdPerson/Models/yonFBX/Studio_Studio_Setup_Tube_13.ubulk" 986
"C:/Users/bruwu/OneDrive/Documentos/GitHub/MotoresComerciales/MotoresComerciales/Content/ThirdPerson/Models/yonFBX/Studio_Studio_Setup_Tube_13.uasset" 987
"C:/Users/bruwu/OneDrive/Documentos/GitHub/MotoresComerciales/MotoresComerciales/Content/ThirdPerson/Models/yonFBX/Studio_Studio_Setup_Tube_13.uexp" 988
"C:/Users/bruwu/OneDrive/Documentos/GitHub/MotoresComerciales/MotoresComerciales/Content/ThirdPerson/Models/yonFBX/Studio_Studio_Setup_Tube_12.ubulk" 989
"C:/Users/bruwu/OneDrive/Documentos/GitHub/MotoresComerciales/MotoresComerciales/Content/ThirdPerson/Models/yonFBX/Studio_Studio_Setup_Tube_12.uasset" 990
"C:/Users/bruwu/OneDrive/Documentos/GitHub/MotoresComerciales/MotoresComerciales/Content/ThirdPerson/Models/yonFBX/Studio_Studio_Setup_Tube_12.uexp" 991
"C:/Users/bruwu/OneDrive/Documentos/GitHub/MotoresComerciales/MotoresComerciales/Content/ThirdPerson/Models/yonFBX/Studio_Studio_Setup_Tube_11.ubulk" 992
"C:/Users/bruwu/OneDrive/Documentos/GitHub/MotoresComerciales/MotoresComerciales/Content/ThirdPerson/Models/yonFBX/Studio_Studio_Setup_Tube_11.uasset" 993
"C:/Users/bruwu/OneDrive/Documentos/GitHub/MotoresComerciales/MotoresComerciales/Content/ThirdPerson/Models/yonFBX/Studio_Studio_Setup_Tube_11.uexp" 994
"C:/Users/bruwu/OneDrive/Documentos/GitHub/MotoresComerciales/MotoresComerciales/Content/ThirdPerson/Models/yonFBX/Studio_Studio_Setup_Tube_10.ubulk" 995
"C:/Users/bruwu/OneDrive/Documentos/GitHub/MotoresComerciales/MotoresComerciales/Content/ThirdPerson/Models/yonFBX/Studio_Studio_Setup_Tube_10.uasset" 996
"C:/Users/bruwu/OneDrive/Documentos/GitHub/MotoresComerciales/MotoresComerciales/Content/ThirdPerson/Models/yonFBX/Studio_Studio_Setup_Tube_10.uexp" 997
"C:/Users/bruwu/OneDrive/Documentos/GitHub/MotoresComerciales/MotoresComerciales/Content/ThirdPerson/Models/yonFBX/Studio_Studio_Setup_Tube_1.ubulk" 998
"C:/Users/bruwu/OneDrive/Documentos/GitHub/MotoresComerciales/MotoresComerciales/Content/ThirdPerson/Models/yonFBX/Studio_Studio_Setup_Tube_1.uasset" 999
"C:/Users/bruwu/OneDrive/Documentos/GitHub/MotoresComerciales/MotoresComerciales/Content/ThirdPerson/Models/yonFBX/Studio_Studio_Setup_Tube_1.uexp" 1000
"C:/Users/bruwu/OneDrive/Documentos/GitHub/MotoresComerciales/MotoresComerciales/Content/ThirdPerson/Models/yonFBX/Studio_Setup_Mtl_7_001.uasset" 1001
"C:/Users/bruwu/OneDrive/Documentos/GitHub/MotoresComerciales/MotoresComerciales/Content/ThirdPerson/Models/yonFBX/Studio_Setup_Mtl_7_001.uexp" 1002
"C:/Users/bruwu/OneDrive/Documentos/GitHub/MotoresComerciales/MotoresComerciales/Content/ThirdPerson/Models/yonFBX/Studio_Studio_Setup_Stop_9.ubulk" 1003
"C:/Users/bruwu/OneDrive/Documentos/GitHub/MotoresComerciales/MotoresComerciales/Content/ThirdPerson/Models/yonFBX/Studio_Studio_Setup_Stop_9.uasset" 1004
"C:/Users/bruwu/OneDrive/Documentos/GitHub/MotoresComerciales/MotoresComerciales/Content/ThirdPerson/Models/yonFBX/Studio_Studio_Setup_Stop_9.uexp" 1005
"C:/Users/bruwu/OneDrive/Documentos/GitHub/MotoresComerciales/MotoresComerciales/Content/ThirdPerson/Models/yonFBX/Studio_Studio_Setup_Stop_8.ubulk" 1006
"C:/Users/bruwu/OneDrive/Documentos/GitHub/MotoresComerciales/MotoresComerciales/Content/ThirdPerson/Models/yonFBX/Studio_Studio_Setup_Stop_8.uasset" 1007
"C:/Users/bruwu/OneDrive/Documentos/GitHub/MotoresComerciales/MotoresComerciales/Content/ThirdPerson/Models/yonFBX/Studio_Studio_Setup_Stop_8.uexp" 1008
"C:/Users/bruwu/OneDrive/Documentos/GitHub/MotoresComerciales/MotoresComerciales/Content/ThirdPerson/Models/yonFBX/Studio_Studio_Setup_Stop_7.ubulk" 1009
"C:/Users/bruwu/OneDrive/Documentos/GitHub/MotoresComerciales/MotoresComerciales/Content/ThirdPerson/Models/yonFBX/Studio_Studio_Setup_Stop_7.uasset" 1010
"C:/Users/bruwu/OneDrive/Documentos/GitHub/MotoresComerciales/MotoresComerciales/Content/ThirdPerson/Models/yonFBX/Studio_Studio_Setup_Stop_7.uexp" 1011
"C:/Users/bruwu/OneDrive/Documentos/GitHub/MotoresComerciales/MotoresComerciales/Content/ThirdPerson/Models/yonFBX/Studio_Studio_Setup_Stop_6.ubulk" 1012
"C:/Users/bruwu/OneDrive/Documentos/GitHub/MotoresComerciales/MotoresComerciales/Content/ThirdPerson/Models/yonFBX/Studio_Studio_Setup_Stop_6.uasset" 1013
"C:/Users/bruwu/OneDrive/Documentos/GitHub/MotoresComerciales/MotoresComerciales/Content/ThirdPerson/Models/yonFBX/Studio_Studio_Setup_Stop_6.uexp" 1014
"C:/Users/bruwu/OneDrive/Documentos/GitHub/MotoresComerciales/MotoresComerciales/Content/ThirdPerson/Models/yonFBX/Studio_Studio_Setup_Stop_5.ubulk" 1015
"C:/Users/bruwu/OneDrive/Documentos/GitHub/MotoresComerciales/MotoresComerciales/Content/ThirdPerson/Models/yonFBX/Studio_Studio_Setup_Stop_5.uasset" 1016
"C:/Users/bruwu/OneDrive/Documentos/GitHub/MotoresComerciales/MotoresComerciales/Content/ThirdPerson/Models/yonFBX/Studio_Studio_Setup_Stop_5.uexp" 1017
"C:/Users/bruwu/OneDrive/Documentos/GitHub/MotoresComerciales/MotoresComerciales/Content/ThirdPerson/Models/yonFBX/Studio_Studio_Setup_Stop_4.ubulk" 1018
"C:/Users/bruwu/OneDrive/Documentos/GitHub/MotoresComerciales/MotoresComerciales/Content/ThirdPerson/Models/yonFBX/Studio_Studio_Setup_Stop_4.uasset" 1019
"C:/Users/bruwu/OneDrive/Documentos/GitHub/MotoresComerciales/MotoresComerciales/Content/ThirdPerson/Models/yonFBX/Studio_Studio_Setup_Stop_4.uexp" 1020
"C:/Users/bruwu/OneDrive/Documentos/GitHub/MotoresComerciales/MotoresComerciales/Content/ThirdPerson/Models/yonFBX/Studio_Studio_Setup_Stop_3.ubulk" 1021
"C:/Users/bruwu/OneDrive/Documentos/GitHub/MotoresComerciales/MotoresComerciales/Content/ThirdPerson/Models/yonFBX/Studio_Studio_Setup_Stop_3.uasset" 1022
"C:/Users/bruwu/OneDrive/Documentos/GitHub/MotoresComerciales/MotoresComerciales/Content/ThirdPerson/Models/yonFBX/Studio_Studio_Setup_Stop_3.uexp" 1023
"C:/Users/bruwu/OneDrive/Documentos/GitHub/MotoresComerciales/MotoresComerciales/Content/ThirdPerson/Models/yonFBX/Studio_Studio_Setup_Stop_2.ubulk" 1024
"C:/Users/bruwu/OneDrive/Documentos/GitHub/MotoresComerciales/MotoresComerciales/Content/ThirdPerson/Models/yonFBX/Studio_Studio_Setup_Stop_2.uasset" 1025
"C:/Users/bruwu/OneDrive/Documentos/GitHub/MotoresComerciales/MotoresComerciales/Content/ThirdPerson/Models/yonFBX/Studio_Studio_Setup_Stop_2.uexp" 1026
"C:/Users/bruwu/OneDrive/Documentos/GitHub/MotoresComerciales/MotoresComerciales/Content/ThirdPerson/Models/yonFBX/Studio_Studio_Setup_Stop_18.ubulk" 1027
"C:/Users/bruwu/OneDrive/Documentos/GitHub/MotoresComerciales/MotoresComerciales/Content/ThirdPerson/Models/yonFBX/Studio_Studio_Setup_Stop_18.uasset" 1028
"C:/Users/bruwu/OneDrive/Documentos/GitHub/MotoresComerciales/MotoresComerciales/Content/ThirdPerson/Models/yonFBX/Studio_Studio_Setup_Stop_18.uexp" 1029
"C:/Users/bruwu/OneDrive/Documentos/GitHub/MotoresComerciales/MotoresComerciales/Content/ThirdPerson/Models/yonFBX/Studio_Studio_Setup_Stop_17.ubulk" 1030
"C:/Users/bruwu/OneDrive/Documentos/GitHub/MotoresComerciales/MotoresComerciales/Content/ThirdPerson/Models/yonFBX/Studio_Studio_Setup_Stop_17.uasset" 1031
"C:/Users/bruwu/OneDrive/Documentos/GitHub/MotoresComerciales/MotoresComerciales/Content/ThirdPerson/Models/yonFBX/Studio_Studio_Setup_Stop_17.uexp" 1032
"C:/Users/bruwu/OneDrive/Documentos/GitHub/MotoresComerciales/MotoresComerciales/Content/ThirdPerson/Models/yonFBX/Studio_Studio_Setup_Stop_16.ubulk" 1033
"C:/Users/bruwu/OneDrive/Documentos/GitHub/MotoresComerciales/MotoresComerciales/Content/ThirdPerson/Models/yonFBX/Studio_Studio_Setup_Stop_16.uasset" 1034
"C:/Users/bruwu/OneDrive/Documentos/GitHub/MotoresComerciales/MotoresComerciales/Content/ThirdPerson/Models/yonFBX/Studio_Studio_Setup_Stop_16.uexp" 1035
"C:/Users/bruwu/OneDrive/Documentos/GitHub/MotoresComerciales/MotoresComerciales/Content/ThirdPerson/Models/yonFBX/Studio_Studio_Setup_Stop_15.ubulk" 1036
"C:/Users/bruwu/OneDrive/Documentos/GitHub/MotoresComerciales/MotoresComerciales/Content/ThirdPerson/Models/yonFBX/Studio_Studio_Setup_Stop_15.uasset" 1037
"C:/Users/bruwu/OneDrive/Documentos/GitHub/MotoresComerciales/MotoresComerciales/Content/ThirdPerson/Models/yonFBX/Studio_Studio_Setup_Stop_15.uexp" 1038
"C:/Users/bruwu/OneDrive/Documentos/GitHub/MotoresComerciales/MotoresComerciales/Content/ThirdPerson/Models/yonFBX/Studio_Studio_Setup_Stop_14.ubulk" 1039
"C:/Users/bruwu/OneDrive/Documentos/GitHub/MotoresComerciales/MotoresComerciales/Content/ThirdPerson/Models/yonFBX/Studio_Studio_Setup_Stop_14.uasset" 1040
"C:/Users/bruwu/OneDrive/Documentos/GitHub/MotoresComerciales/MotoresComerciales/Content/ThirdPerson/Models/yonFBX/Studio_Studio_Setup_Stop_14.uexp" 1041
"C:/Users/bruwu/OneDrive/Documentos/GitHub/MotoresComerciales/MotoresComerciales/Content/ThirdPerson/Models/yonFBX/Studio_Studio_Setup_Stop_13.ubulk" 1042
"C:/Users/bruwu/OneDrive/Documentos/GitHub/MotoresComerciales/MotoresComerciales/Content/ThirdPerson/Models/yonFBX/Studio_Studio_Setup_Stop_13.uasset" 1043
"C:/Users/bruwu/OneDrive/Documentos/GitHub/MotoresComerciales/MotoresComerciales/Content/ThirdPerson/Models/yonFBX/Studio_Studio_Setup_Stop_13.uexp" 1044
"C:/Users/bruwu/OneDrive/Documentos/GitHub/MotoresComerciales/MotoresComerciales/Content/ThirdPerson/Models/yonFBX/Studio_Studio_Setup_Stop_12.ubulk" 1045
"C:/Users/bruwu/OneDrive/Documentos/GitHub/MotoresComerciales/MotoresComerciales/Content/ThirdPerson/Models/yonFBX/Studio_Studio_Setup_Stop_12.uasset" 1046
"C:/Users/bruwu/OneDrive/Documentos/GitHub/MotoresComerciales/MotoresComerciales/Content/ThirdPerson/Models/yonFBX/Studio_Studio_Setup_Stop_12.uexp" 1047
"C:/Users/bruwu/OneDrive/Documentos/GitHub/MotoresComerciales/MotoresComerciales/Content/ThirdPerson/Models/yonFBX/Studio_Studio_Setup_Stop_11.ubulk" 1048
"C:/Users/bruwu/OneDrive/Documentos/GitHub/MotoresComerciales/MotoresComerciales/Content/ThirdPerson/Models/yonFBX/Studio_Studio_Setup_Stop_11.uasset" 1049
"C:/Users/bruwu/OneDrive/Documentos/GitHub/MotoresComerciales/MotoresComerciales/Content/ThirdPerson/Models/yonFBX/Studio_Studio_Setup_Stop_11.uexp" 1050
"C:/Users/bruwu/OneDrive/Documentos/GitHub/MotoresComerciales/MotoresComerciales/Content/ThirdPerson/Models/yonFBX/Studio_Studio_Setup_Stop_10.ubulk" 1051
"C:/Users/bruwu/OneDrive/Documentos/GitHub/MotoresComerciales/MotoresComerciales/Content/ThirdPerson/Models/yonFBX/Studio_Studio_Setup_Stop_10.uasset" 1052
"C:/Users/bruwu/OneDrive/Documentos/GitHub/MotoresComerciales/MotoresComerciales/Content/ThirdPerson/Models/yonFBX/Studio_Studio_Setup_Stop_10.uexp" 1053
"C:/Users/bruwu/OneDrive/Documentos/GitHub/MotoresComerciales/MotoresComerciales/Content/ThirdPerson/Models/yonFBX/Studio_Studio_Setup_Stop_1.ubulk" 1054
"C:/Users/bruwu/OneDrive/Documentos/GitHub/MotoresComerciales/MotoresComerciales/Content/ThirdPerson/Models/yonFBX/Studio_Studio_Setup_Stop_1.uasset" 1055
"C:/Users/bruwu/OneDrive/Documentos/GitHub/MotoresComerciales/MotoresComerciales/Content/ThirdPerson/Models/yonFBX/Studio_Studio_Setup_Stop_1.uexp" 1056
"C:/Users/bruwu/OneDrive/Documentos/GitHub/MotoresComerciales/MotoresComerciales/Content/ThirdPerson/Models/yonFBX/Studio_Setup_Mtl_10_001.uasset" 1057
"C:/Users/bruwu/OneDrive/Documentos/GitHub/MotoresComerciales/MotoresComerciales/Content/ThirdPerson/Models/yonFBX/Studio_Setup_Mtl_10_001.uexp" 1058
"C:/Users/bruwu/OneDrive/Documentos/GitHub/MotoresComerciales/MotoresComerciales/Content/ThirdPerson/Models/yonFBX/Studio_Studio_Setup_Spotlight_Flap_Top_2.ubulk" 1059
"C:/Users/bruwu/OneDrive/Documentos/GitHub/MotoresComerciales/MotoresComerciales/Content/ThirdPerson/Models/yonFBX/Studio_Studio_Setup_Spotlight_Flap_Top_2.uasset" 1060
"C:/Users/bruwu/OneDrive/Documentos/GitHub/MotoresComerciales/MotoresComerciales/Content/ThirdPerson/Models/yonFBX/Studio_Studio_Setup_Spotlight_Flap_Top_2.uexp" 1061
"C:/Users/bruwu/OneDrive/Documentos/GitHub/MotoresComerciales/MotoresComerciales/Content/ThirdPerson/Models/yonFBX/Studio_Studio_Setup_Spotlight_Flap_Top_1.ubulk" 1062
"C:/Users/bruwu/OneDrive/Documentos/GitHub/MotoresComerciales/MotoresComerciales/Content/ThirdPerson/Models/yonFBX/Studio_Studio_Setup_Spotlight_Flap_Top_1.uasset" 1063
"C:/Users/bruwu/OneDrive/Documentos/GitHub/MotoresComerciales/MotoresComerciales/Content/ThirdPerson/Models/yonFBX/Studio_Studio_Setup_Spotlight_Flap_Top_1.uexp" 1064
"C:/Users/bruwu/OneDrive/Documentos/GitHub/MotoresComerciales/MotoresComerciales/Content/ThirdPerson/Models/yonFBX/Studio_Studio_Setup_Spotlight_Flap_Side_2.ubulk" 1065
"C:/Users/bruwu/OneDrive/Documentos/GitHub/MotoresComerciales/MotoresComerciales/Content/ThirdPerson/Models/yonFBX/Studio_Studio_Setup_Spotlight_Flap_Side_2.uasset" 1066
"C:/Users/bruwu/OneDrive/Documentos/GitHub/MotoresComerciales/MotoresComerciales/Content/ThirdPerson/Models/yonFBX/Studio_Studio_Setup_Spotlight_Flap_Side_2.uexp" 1067
"C:/Users/bruwu/OneDrive/Documentos/GitHub/MotoresComerciales/MotoresComerciales/Content/ThirdPerson/Models/yonFBX/Studio_Studio_Setup_Spotlight_Flap_Side_1.ubulk" 1068
"C:/Users/bruwu/OneDrive/Documentos/GitHub/MotoresComerciales/MotoresComerciales/Content/ThirdPerson/Models/yonFBX/Studio_Studio_Setup_Spotlight_Flap_Side_1.uasset" 1069
"C:/Users/bruwu/OneDrive/Documentos/GitHub/MotoresComerciales/MotoresComerciales/Content/ThirdPerson/Models/yonFBX/Studio_Studio_Setup_Spotlight_Flap_Side_1.uexp" 1070
"C:/Users/bruwu/OneDrive/Documentos/GitHub/MotoresComerciales/MotoresComerciales/Content/ThirdPerson/Models/yonFBX/Studio_Studio_Setup_Spotlight_Flaps_1.ubulk" 1071
"C:/Users/bruwu/OneDrive/Documentos/GitHub/MotoresComerciales/MotoresComerciales/Content/ThirdPerson/Models/yonFBX/Studio_Studio_Setup_Spotlight_Flaps_1.uasset" 1072
"C:/Users/bruwu/OneDrive/Documentos/GitHub/MotoresComerciales/MotoresComerciales/Content/ThirdPerson/Models/yonFBX/Studio_Studio_Setup_Spotlight_Flaps_1.uexp" 1073
"C:/Users/bruwu/OneDrive/Documentos/GitHub/MotoresComerciales/MotoresComerciales/Content/ThirdPerson/Models/yonFBX/Studio_Setup_Mtl_3_001.uasset" 1074
"C:/Users/bruwu/OneDrive/Documentos/GitHub/MotoresComerciales/MotoresComerciales/Content/ThirdPerson/Models/yonFBX/Studio_Setup_Mtl_3_001.uexp" 1075
"C:/Users/bruwu/OneDrive/Documentos/GitHub/MotoresComerciales/MotoresComerciales/Content/ThirdPerson/Models/yonFBX/Studio_Setup_Mtl_6_001.uasset" 1076
"C:/Users/bruwu/OneDrive/Documentos/GitHub/MotoresComerciales/MotoresComerciales/Content/ThirdPerson/Models/yonFBX/Studio_Setup_Mtl_6_001.uexp" 1077
"C:/Users/bruwu/OneDrive/Documentos/GitHub/MotoresComerciales/MotoresComerciales/Content/ThirdPerson/Models/yonFBX/Studio_Studio_Setup_Spotlight_Ceiling_Tube_6.ubulk" 1078
"C:/Users/bruwu/OneDrive/Documentos/GitHub/MotoresComerciales/MotoresComerciales/Content/ThirdPerson/Models/yonFBX/Studio_Studio_Setup_Spotlight_Ceiling_Tube_6.uasset" 1079
"C:/Users/bruwu/OneDrive/Documentos/GitHub/MotoresComerciales/MotoresComerciales/Content/ThirdPerson/Models/yonFBX/Studio_Studio_Setup_Spotlight_Ceiling_Tube_6.uexp" 1080
"C:/Users/bruwu/OneDrive/Documentos/GitHub/MotoresComerciales/MotoresComerciales/Content/ThirdPerson/Models/yonFBX/Studio_Studio_Setup_Spotlight_Ceiling_Tube_5.ubulk" 1081
"C:/Users/bruwu/OneDrive/Documentos/GitHub/MotoresComerciales/MotoresComerciales/Content/ThirdPerson/Models/yonFBX/Studio_Studio_Setup_Spotlight_Ceiling_Tube_5.uasset" 1082
"C:/Users/bruwu/OneDrive/Documentos/GitHub/MotoresComerciales/MotoresComerciales/Content/ThirdPerson/Models/yonFBX/Studio_Studio_Setup_Spotlight_Ceiling_Tube_5.uexp" 1083
"C:/Users/bruwu/OneDrive/Documentos/GitHub/MotoresComerciales/MotoresComerciales/Content/ThirdPerson/Models/yonFBX/Studio_Studio_Setup_Spotlight_Ceiling_Tube_4.ubulk" 1084
"C:/Users/bruwu/OneDrive/Documentos/GitHub/MotoresComerciales/MotoresComerciales/Content/ThirdPerson/Models/yonFBX/Studio_Studio_Setup_Spotlight_Ceiling_Tube_4.uasset" 1085
"C:/Users/bruwu/OneDrive/Documentos/GitHub/MotoresComerciales/MotoresComerciales/Content/ThirdPerson/Models/yonFBX/Studio_Studio_Setup_Spotlight_Ceiling_Tube_4.uexp" 1086
"C:/Users/bruwu/OneDrive/Documentos/GitHub/MotoresComerciales/MotoresComerciales/Content/ThirdPerson/Models/yonFBX/Studio_Studio_Setup_Spotlight_Ceiling_Tube_3.ubulk" 1087
"C:/Users/bruwu/OneDrive/Documentos/GitHub/MotoresComerciales/MotoresComerciales/Content/ThirdPerson/Models/yonFBX/Studio_Studio_Setup_Spotlight_Ceiling_Tube_3.uasset" 1088
"C:/Users/bruwu/OneDrive/Documentos/GitHub/MotoresComerciales/MotoresComerciales/Content/ThirdPerson/Models/yonFBX/Studio_Studio_Setup_Spotlight_Ceiling_Tube_3.uexp" 1089
"C:/Users/bruwu/OneDrive/Documentos/GitHub/MotoresComerciales/MotoresComerciales/Content/ThirdPerson/Models/yonFBX/Studio_Studio_Setup_Spotlight_Ceiling_Tube_2.ubulk" 1090
"C:/Users/bruwu/OneDrive/Documentos/GitHub/MotoresComerciales/MotoresComerciales/Content/ThirdPerson/Models/yonFBX/Studio_Studio_Setup_Spotlight_Ceiling_Tube_2.uasset" 1091
"C:/Users/bruwu/OneDrive/Documentos/GitHub/MotoresComerciales/MotoresComerciales/Content/ThirdPerson/Models/yonFBX/Studio_Studio_Setup_Spotlight_Ceiling_Tube_2.uexp" 1092
"C:/Users/bruwu/OneDrive/Documentos/GitHub/MotoresComerciales/MotoresComerciales/Content/ThirdPerson/Models/yonFBX/Studio_Studio_Setup_Spotlight_Ceiling_Tube_1.ubulk" 1093
"C:/Users/bruwu/OneDrive/Documentos/GitHub/MotoresComerciales/MotoresComerciales/Content/ThirdPerson/Models/yonFBX/Studio_Studio_Setup_Spotlight_Ceiling_Tube_1.uasset" 1094
"C:/Users/bruwu/OneDrive/Documentos/GitHub/MotoresComerciales/MotoresComerciales/Content/ThirdPerson/Models/yonFBX/Studio_Studio_Setup_Spotlight_Ceiling_Tube_1.uexp" 1095
"C:/Users/bruwu/OneDrive/Documentos/GitHub/MotoresComerciales/MotoresComerciales/Content/ThirdPerson/Models/yonFBX/Studio_Studio_Setup_Spotlight_Ceiling_Arm_6.ubulk" 1096
"C:/Users/bruwu/OneDrive/Documentos/GitHub/MotoresComerciales/MotoresComerciales/Content/ThirdPerson/Models/yonFBX/Studio_Studio_Setup_Spotlight_Ceiling_Arm_6.uasset" 1097
"C:/Users/bruwu/OneDrive/Documentos/GitHub/MotoresComerciales/MotoresComerciales/Content/ThirdPerson/Models/yonFBX/Studio_Studio_Setup_Spotlight_Ceiling_Arm_6.uexp" 1098
"C:/Users/bruwu/OneDrive/Documentos/GitHub/MotoresComerciales/MotoresComerciales/Content/ThirdPerson/Models/yonFBX/Studio_Studio_Setup_Spotlight_Ceiling_Arm_5.ubulk" 1099
"C:/Users/bruwu/OneDrive/Documentos/GitHub/MotoresComerciales/MotoresComerciales/Content/ThirdPerson/Models/yonFBX/Studio_Studio_Setup_Spotlight_Ceiling_Arm_5.uasset" 1100
"C:/Users/bruwu/OneDrive/Documentos/GitHub/MotoresComerciales/MotoresComerciales/Content/ThirdPerson/Models/yonFBX/Studio_Studio_Setup_Spotlight_Ceiling_Arm_5.uexp" 1101
"C:/Users/bruwu/OneDrive/Documentos/GitHub/MotoresComerciales/MotoresComerciales/Content/ThirdPerson/Models/yonFBX/Studio_Studio_Setup_Spotlight_Ceiling_Arm_4.ubulk" 1102
"C:/Users/bruwu/OneDrive/Documentos/GitHub/MotoresComerciales/MotoresComerciales/Content/ThirdPerson/Models/yonFBX/Studio_Studio_Setup_Spotlight_Ceiling_Arm_4.uasset" 1103
"C:/Users/bruwu/OneDrive/Documentos/GitHub/MotoresComerciales/MotoresComerciales/Content/ThirdPerson/Models/yonFBX/Studio_Studio_Setup_Spotlight_Ceiling_Arm_4.uexp" 1104
"C:/Users/bruwu/OneDrive/Documentos/GitHub/MotoresComerciales/MotoresComerciales/Content/ThirdPerson/Models/yonFBX/Studio_Studio_Setup_Spotlight_Ceiling_Arm_3.ubulk" 1105
"C:/Users/bruwu/OneDrive/Documentos/GitHub/MotoresComerciales/MotoresComerciales/Content/ThirdPerson/Models/yonFBX/Studio_Studio_Setup_Spotlight_Ceiling_Arm_3.uasset" 1106
"C:/Users/bruwu/OneDrive/Documentos/GitHub/MotoresComerciales/MotoresComerciales/Content/ThirdPerson/Models/yonFBX/Studio_Studio_Setup_Spotlight_Ceiling_Arm_3.uexp" 1107
"C:/Users/bruwu/OneDrive/Documentos/GitHub/MotoresComerciales/MotoresComerciales/Content/ThirdPerson/Models/yonFBX/Studio_Studio_Setup_Spotlight_Ceiling_Arm_2.ubulk" 1108
"C:/Users/bruwu/OneDrive/Documentos/GitHub/MotoresComerciales/MotoresComerciales/Content/ThirdPerson/Models/yonFBX/Studio_Studio_Setup_Spotlight_Ceiling_Arm_2.uasset" 1109
"C:/Users/bruwu/OneDrive/Documentos/GitHub/MotoresComerciales/MotoresComerciales/Content/ThirdPerson/Models/yonFBX/Studio_Studio_Setup_Spotlight_Ceiling_Arm_2.uexp" 1110
"C:/Users/bruwu/OneDrive/Documentos/GitHub/MotoresComerciales/MotoresComerciales/Content/ThirdPerson/Models/yonFBX/Studio_Studio_Setup_Spotlight_Ceiling_Arm_1.ubulk" 1111
"C:/Users/bruwu/OneDrive/Documentos/GitHub/MotoresComerciales/MotoresComerciales/Content/ThirdPerson/Models/yonFBX/Studio_Studio_Setup_Spotlight_Ceiling_Arm_1.uasset" 1112
"C:/Users/bruwu/OneDrive/Documentos/GitHub/MotoresComerciales/MotoresComerciales/Content/ThirdPerson/Models/yonFBX/Studio_Studio_Setup_Spotlight_Ceiling_Arm_1.uexp" 1113
"C:/Users/bruwu/OneDrive/Documentos/GitHub/MotoresComerciales/MotoresComerciales/Content/ThirdPerson/Models/yonFBX/Studio_Setup_Mtl_13_001.uasset" 1114
"C:/Users/bruwu/OneDrive/Documentos/GitHub/MotoresComerciales/MotoresComerciales/Content/ThirdPerson/Models/yonFBX/Studio_Setup_Mtl_13_001.uexp" 1115
"C:/Users/bruwu/OneDrive/Documentos/GitHub/MotoresComerciales/MotoresComerciales/Content/ThirdPerson/Models/yonFBX/Studio_Setup_Mtl_15_001.uasset" 1116
"C:/Users/bruwu/OneDrive/Documentos/GitHub/MotoresComerciales/MotoresComerciales/Content/ThirdPerson/Models/yonFBX/Studio_Setup_Mtl_15_001.uexp" 1117
"C:/Users/bruwu/OneDrive/Documentos/GitHub/MotoresComerciales/MotoresComerciales/Content/ThirdPerson/Models/yonFBX/Studio_Setup_Mtl_18_001.uasset" 1118
"C:/Users/bruwu/OneDrive/Documentos/GitHub/MotoresComerciales/MotoresComerciales/Content/ThirdPerson/Models/yonFBX/Studio_Setup_Mtl_18_001.uexp" 1119
"C:/Users/bruwu/OneDrive/Documentos/GitHub/MotoresComerciales/MotoresComerciales/Content/ThirdPerson/Models/yonFBX/Studio_Setup_Mtl_17_001.uasset" 1120
"C:/Users/bruwu/OneDrive/Documentos/GitHub/MotoresComerciales/MotoresComerciales/Content/ThirdPerson/Models/yonFBX/Studio_Setup_Mtl_17_001.uexp" 1121
"C:/Users/bruwu/OneDrive/Documentos/GitHub/MotoresComerciales/MotoresComerciales/Content/ThirdPerson/Models/yonFBX/Studio_Studio_Setup_Spotlight_9.ubulk" 1122
"C:/Users/bruwu/OneDrive/Documentos/GitHub/MotoresComerciales/MotoresComerciales/Content/ThirdPerson/Models/yonFBX/Studio_Studio_Setup_Spotlight_9.uasset" 1123
"C:/Users/bruwu/OneDrive/Documentos/GitHub/MotoresComerciales/MotoresComerciales/Content/ThirdPerson/Models/yonFBX/Studio_Studio_Setup_Spotlight_9.uexp" 1124
"C:/Users/bruwu/OneDrive/Documentos/GitHub/MotoresComerciales/MotoresComerciales/Content/ThirdPerson/Models/yonFBX/Studio_Studio_Setup_Spotlight_8.ubulk" 1125
"C:/Users/bruwu/OneDrive/Documentos/GitHub/MotoresComerciales/MotoresComerciales/Content/ThirdPerson/Models/yonFBX/Studio_Studio_Setup_Spotlight_8.uasset" 1126
"C:/Users/bruwu/OneDrive/Documentos/GitHub/MotoresComerciales/MotoresComerciales/Content/ThirdPerson/Models/yonFBX/Studio_Studio_Setup_Spotlight_8.uexp" 1127
"C:/Users/bruwu/OneDrive/Documentos/GitHub/MotoresComerciales/MotoresComerciales/Content/ThirdPerson/Models/yonFBX/Studio_Studio_Setup_Spotlight_7.ubulk" 1128
"C:/Users/bruwu/OneDrive/Documentos/GitHub/MotoresComerciales/MotoresComerciales/Content/ThirdPerson/Models/yonFBX/Studio_Studio_Setup_Spotlight_7.uasset" 1129
"C:/Users/bruwu/OneDrive/Documentos/GitHub/MotoresComerciales/MotoresComerciales/Content/ThirdPerson/Models/yonFBX/Studio_Studio_Setup_Spotlight_7.uexp" 1130
"C:/Users/bruwu/OneDrive/Documentos/GitHub/MotoresComerciales/MotoresComerciales/Content/ThirdPerson/Models/yonFBX/Studio_Studio_Setup_Spotlight_6.ubulk" 1131
"C:/Users/bruwu/OneDrive/Documentos/GitHub/MotoresComerciales/MotoresComerciales/Content/ThirdPerson/Models/yonFBX/Studio_Studio_Setup_Spotlight_6.uasset" 1132
"C:/Users/bruwu/OneDrive/Documentos/GitHub/MotoresComerciales/MotoresComerciales/Content/ThirdPerson/Models/yonFBX/Studio_Studio_Setup_Spotlight_6.uexp" 1133
"C:/Users/bruwu/OneDrive/Documentos/GitHub/MotoresComerciales/MotoresComerciales/Content/ThirdPerson/Models/yonFBX/Studio_Setup_Mtl_14_001.uasset" 1134
"C:/Users/bruwu/OneDrive/Documentos/GitHub/MotoresComerciales/MotoresComerciales/Content/ThirdPerson/Models/yonFBX/Studio_Setup_Mtl_14_001.uexp" 1135
"C:/Users/bruwu/OneDrive/Documentos/GitHub/MotoresComerciales/MotoresComerciales/Content/ThirdPerson/Models/yonFBX/Studio_Setup_Mtl_16_001.uasset" 1136
"C:/Users/bruwu/OneDrive/Documentos/GitHub/MotoresComerciales/MotoresComerciales/Content/ThirdPerson/Models/yonFBX/Studio_Setup_Mtl_16_001.uexp" 1137
"C:/Users/bruwu/OneDrive/Documentos/GitHub/MotoresComerciales/MotoresComerciales/Content/ThirdPerson/Models/yonFBX/Studio_Setup_Mtl_11_001.uasset" 1138
"C:/Users/bruwu/OneDrive/Documentos/GitHub/MotoresComerciales/MotoresComerciales/Content/ThirdPerson/Models/yonFBX/Studio_Setup_Mtl_11_001.uexp" 1139
"C:/Users/bruwu/OneDrive/Documentos/GitHub/MotoresComerciales/MotoresComerciales/Content/ThirdPerson/Models/yonFBX/Studio_Studio_Setup_Spotlight_5.ubulk" 1140
"C:/Users/bruwu/OneDrive/Documentos/GitHub/MotoresComerciales/MotoresComerciales/Content/ThirdPerson/Models/yonFBX/Studio_Studio_Setup_Spotlight_5.uasset" 1141
"C:/Users/bruwu/OneDrive/Documentos/GitHub/MotoresComerciales/MotoresComerciales/Content/ThirdPerson/Models/yonFBX/Studio_Studio_Setup_Spotlight_5.uexp" 1142
"C:/Users/bruwu/OneDrive/Documentos/GitHub/MotoresComerciales/MotoresComerciales/Content/ThirdPerson/Models/yonFBX/Studio_Studio_Setup_Spotlight_4.ubulk" 1143
"C:/Users/bruwu/OneDrive/Documentos/GitHub/MotoresComerciales/MotoresComerciales/Content/ThirdPerson/Models/yonFBX/Studio_Studio_Setup_Spotlight_4.uasset" 1144
"C:/Users/bruwu/OneDrive/Documentos/GitHub/MotoresComerciales/MotoresComerciales/Content/ThirdPerson/Models/yonFBX/Studio_Studio_Setup_Spotlight_4.uexp" 1145
"C:/Users/bruwu/OneDrive/Documentos/GitHub/MotoresComerciales/MotoresComerciales/Content/ThirdPerson/Models/yonFBX/Studio_Studio_Setup_Spotlight_3.ubulk" 1146
"C:/Users/bruwu/OneDrive/Documentos/GitHub/MotoresComerciales/MotoresComerciales/Content/ThirdPerson/Models/yonFBX/Studio_Studio_Setup_Spotlight_3.uasset" 1147
"C:/Users/bruwu/OneDrive/Documentos/GitHub/MotoresComerciales/MotoresComerciales/Content/ThirdPerson/Models/yonFBX/Studio_Studio_Setup_Spotlight_3.uexp" 1148
"C:/Users/bruwu/OneDrive/Documentos/GitHub/MotoresComerciales/MotoresComerciales/Content/ThirdPerson/Models/yonFBX/Studio_Studio_Setup_Spotlight_2.ubulk" 1149
"C:/Users/bruwu/OneDrive/Documentos/GitHub/MotoresComerciales/MotoresComerciales/Content/ThirdPerson/Models/yonFBX/Studio_Studio_Setup_Spotlight_2.uasset" 1150
"C:/Users/bruwu/OneDrive/Documentos/GitHub/MotoresComerciales/MotoresComerciales/Content/ThirdPerson/Models/yonFBX/Studio_Studio_Setup_Spotlight_2.uexp" 1151
"C:/Users/bruwu/OneDrive/Documentos/GitHub/MotoresComerciales/MotoresComerciales/Content/ThirdPerson/Models/yonFBX/Studio_Studio_Setup_Spotlight_10.ubulk" 1152
"C:/Users/bruwu/OneDrive/Documentos/GitHub/MotoresComerciales/MotoresComerciales/Content/ThirdPerson/Models/yonFBX/Studio_Studio_Setup_Spotlight_10.uasset" 1153
"C:/Users/bruwu/OneDrive/Documentos/GitHub/MotoresComerciales/MotoresComerciales/Content/ThirdPerson/Models/yonFBX/Studio_Studio_Setup_Spotlight_10.uexp" 1154
"C:/Users/bruwu/OneDrive/Documentos/GitHub/MotoresComerciales/MotoresComerciales/Content/ThirdPerson/Models/yonFBX/Studio_Studio_Setup_Spotlight_1.ubulk" 1155
"C:/Users/bruwu/OneDrive/Documentos/GitHub/MotoresComerciales/MotoresComerciales/Content/ThirdPerson/Models/yonFBX/Studio_Studio_Setup_Spotlight_1.uasset" 1156
"C:/Users/bruwu/OneDrive/Documentos/GitHub/MotoresComerciales/MotoresComerciales/Content/ThirdPerson/Models/yonFBX/Studio_Studio_Setup_Spotlight_1.uexp" 1157
"C:/Users/bruwu/OneDrive/Documentos/GitHub/MotoresComerciales/MotoresComerciales/Content/ThirdPerson/Models/yonFBX/Studio_Setup_Mtl_2_001.uasset" 1158
"C:/Users/bruwu/OneDrive/Documentos/GitHub/MotoresComerciales/MotoresComerciales/Content/ThirdPerson/Models/yonFBX/Studio_Setup_Mtl_2_001.uexp" 1159
"C:/Users/bruwu/OneDrive/Documentos/GitHub/MotoresComerciales/MotoresComerciales/Content/ThirdPerson/Models/yonFBX/Studio_Studio_Setup_Softbox_Diffuser_2.ubulk" 1160
"C:/Users/bruwu/OneDrive/Documentos/GitHub/MotoresComerciales/MotoresComerciales/Content/ThirdPerson/Models/yonFBX/Studio_Studio_Setup_Softbox_Diffuser_2.uasset" 1161
"C:/Users/bruwu/OneDrive/Documentos/GitHub/MotoresComerciales/MotoresComerciales/Content/ThirdPerson/Models/yonFBX/Studio_Studio_Setup_Softbox_Diffuser_2.uexp" 1162
"C:/Users/bruwu/OneDrive/Documentos/GitHub/MotoresComerciales/MotoresComerciales/Content/ThirdPerson/Models/yonFBX/Studio_Studio_Setup_Softbox_Diffuser_1.ubulk" 1163
"C:/Users/bruwu/OneDrive/Documentos/GitHub/MotoresComerciales/MotoresComerciales/Content/ThirdPerson/Models/yonFBX/Studio_Studio_Setup_Softbox_Diffuser_1.uasset" 1164
"C:/Users/bruwu/OneDrive/Documentos/GitHub/MotoresComerciales/MotoresComerciales/Content/ThirdPerson/Models/yonFBX/Studio_Studio_Setup_Softbox_Diffuser_1.uexp" 1165
"C:/Users/bruwu/OneDrive/Documentos/GitHub/MotoresComerciales/MotoresComerciales/Content/ThirdPerson/Models/yonFBX/Studio_Studio_Setup_Softbox_Adapter_2.ubulk" 1166
"C:/Users/bruwu/OneDrive/Documentos/GitHub/MotoresComerciales/MotoresComerciales/Content/ThirdPerson/Models/yonFBX/Studio_Studio_Setup_Softbox_Adapter_2.uasset" 1167
"C:/Users/bruwu/OneDrive/Documentos/GitHub/MotoresComerciales/MotoresComerciales/Content/ThirdPerson/Models/yonFBX/Studio_Studio_Setup_Softbox_Adapter_2.uexp" 1168
"C:/Users/bruwu/OneDrive/Documentos/GitHub/MotoresComerciales/MotoresComerciales/Content/ThirdPerson/Models/yonFBX/Studio_Studio_Setup_Softbox_Adapter_1.ubulk" 1169
"C:/Users/bruwu/OneDrive/Documentos/GitHub/MotoresComerciales/MotoresComerciales/Content/ThirdPerson/Models/yonFBX/Studio_Studio_Setup_Softbox_Adapter_1.uasset" 1170
"C:/Users/bruwu/OneDrive/Documentos/GitHub/MotoresComerciales/MotoresComerciales/Content/ThirdPerson/Models/yonFBX/Studio_Studio_Setup_Softbox_Adapter_1.uexp" 1171
"C:/Users/bruwu/OneDrive/Documentos/GitHub/MotoresComerciales/MotoresComerciales/Content/ThirdPerson/Models/yonFBX/Studio_Setup_Mtl_8_001.uasset" 1172
"C:/Users/bruwu/OneDrive/Documentos/GitHub/MotoresComerciales/MotoresComerciales/Content/ThirdPerson/Models/yonFBX/Studio_Setup_Mtl_8_001.uexp" 1173
"C:/Users/bruwu/OneDrive/Documentos/GitHub/MotoresComerciales/MotoresComerciales/Content/ThirdPerson/Models/yonFBX/Studio_Studio_Setup_Softbox_2.ubulk" 1174
"C:/Users/bruwu/OneDrive/Documentos/GitHub/MotoresComerciales/MotoresComerciales/Content/ThirdPerson/Models/yonFBX/Studio_Studio_Setup_Softbox_2.uasset" 1175
"C:/Users/bruwu/OneDrive/Documentos/GitHub/MotoresComerciales/MotoresComerciales/Content/ThirdPerson/Models/yonFBX/Studio_Studio_Setup_Softbox_2.uexp" 1176
"C:/Users/bruwu/OneDrive/Documentos/GitHub/MotoresComerciales/MotoresComerciales/Content/ThirdPerson/Models/yonFBX/Studio_Studio_Setup_Softbox_1.ubulk" 1177
"C:/Users/bruwu/OneDrive/Documentos/GitHub/MotoresComerciales/MotoresComerciales/Content/ThirdPerson/Models/yonFBX/Studio_Studio_Setup_Softbox_1.uasset" 1178
"C:/Users/bruwu/OneDrive/Documentos/GitHub/MotoresComerciales/MotoresComerciales/Content/ThirdPerson/Models/yonFBX/Studio_Studio_Setup_Softbox_1.uexp" 1179
"C:/Users/bruwu/OneDrive/Documentos/GitHub/MotoresComerciales/MotoresComerciales/Content/ThirdPerson/Models/yonFBX/Studio_Setup_Mtl_12_001.uasset" 1180
"C:/Users/bruwu/OneDrive/Documentos/GitHub/MotoresComerciales/MotoresComerciales/Content/ThirdPerson/Models/yonFBX/Studio_Setup_Mtl_12_001.uexp" 1181
"C:/Users/bruwu/OneDrive/Documentos/GitHub/MotoresComerciales/MotoresComerciales/Content/ThirdPerson/Models/yonFBX/Studio_Studio_Setup_Socket_9.ubulk" 1182
"C:/Users/bruwu/OneDrive/Documentos/GitHub/MotoresComerciales/MotoresComerciales/Content/ThirdPerson/Models/yonFBX/Studio_Studio_Setup_Socket_9.uasset" 1183
"C:/Users/bruwu/OneDrive/Documentos/GitHub/MotoresComerciales/MotoresComerciales/Content/ThirdPerson/Models/yonFBX/Studio_Studio_Setup_Socket_9.uexp" 1184
"C:/Users/bruwu/OneDrive/Documentos/GitHub/MotoresComerciales/MotoresComerciales/Content/ThirdPerson/Models/yonFBX/Studio_Studio_Setup_Socket_8.ubulk" 1185
"C:/Users/bruwu/OneDrive/Documentos/GitHub/MotoresComerciales/MotoresComerciales/Content/ThirdPerson/Models/yonFBX/Studio_Studio_Setup_Socket_8.uasset" 1186
"C:/Users/bruwu/OneDrive/Documentos/GitHub/MotoresComerciales/MotoresComerciales/Content/ThirdPerson/Models/yonFBX/Studio_Studio_Setup_Socket_8.uexp" 1187
"C:/Users/bruwu/OneDrive/Documentos/GitHub/MotoresComerciales/MotoresComerciales/Content/ThirdPerson/Models/yonFBX/Studio_Studio_Setup_Socket_7.ubulk" 1188
"C:/Users/bruwu/OneDrive/Documentos/GitHub/MotoresComerciales/MotoresComerciales/Content/ThirdPerson/Models/yonFBX/Studio_Studio_Setup_Socket_7.uasset" 1189
"C:/Users/bruwu/OneDrive/Documentos/GitHub/MotoresComerciales/MotoresComerciales/Content/ThirdPerson/Models/yonFBX/Studio_Studio_Setup_Socket_7.uexp" 1190
"C:/Users/bruwu/OneDrive/Documentos/GitHub/MotoresComerciales/MotoresComerciales/Content/ThirdPerson/Models/yonFBX/Studio_Studio_Setup_Socket_6.ubulk" 1191
"C:/Users/bruwu/OneDrive/Documentos/GitHub/MotoresComerciales/MotoresComerciales/Content/ThirdPerson/Models/yonFBX/Studio_Studio_Setup_Socket_6.uasset" 1192
"C:/Users/bruwu/OneDrive/Documentos/GitHub/MotoresComerciales/MotoresComerciales/Content/ThirdPerson/Models/yonFBX/Studio_Studio_Setup_Socket_6.uexp" 1193
"C:/Users/bruwu/OneDrive/Documentos/GitHub/MotoresComerciales/MotoresComerciales/Content/ThirdPerson/Models/yonFBX/Studio_Studio_Setup_Socket_5.ubulk" 1194
"C:/Users/bruwu/OneDrive/Documentos/GitHub/MotoresComerciales/MotoresComerciales/Content/ThirdPerson/Models/yonFBX/Studio_Studio_Setup_Socket_5.uasset" 1195
"C:/Users/bruwu/OneDrive/Documentos/GitHub/MotoresComerciales/MotoresComerciales/Content/ThirdPerson/Models/yonFBX/Studio_Studio_Setup_Socket_5.uexp" 1196
"C:/Users/bruwu/OneDrive/Documentos/GitHub/MotoresComerciales/MotoresComerciales/Content/ThirdPerson/Models/yonFBX/Studio_Studio_Setup_Socket_4.ubulk" 1197
"C:/Users/bruwu/OneDrive/Documentos/GitHub/MotoresComerciales/MotoresComerciales/Content/ThirdPerson/Models/yonFBX/Studio_Studio_Setup_Socket_4.uasset" 1198
"C:/Users/bruwu/OneDrive/Documentos/GitHub/MotoresComerciales/MotoresComerciales/Content/ThirdPerson/Models/yonFBX/Studio_Studio_Setup_Socket_4.uexp" 1199
"C:/Users/bruwu/OneDrive/Documentos/GitHub/MotoresComerciales/MotoresComerciales/Content/ThirdPerson/Models/yonFBX/Studio_Studio_Setup_Socket_3.ubulk" 1200
"C:/Users/bruwu/OneDrive/Documentos/GitHub/MotoresComerciales/MotoresComerciales/Content/ThirdPerson/Models/yonFBX/Studio_Studio_Setup_Socket_3.uasset" 1201
"C:/Users/bruwu/OneDrive/Documentos/GitHub/MotoresComerciales/MotoresComerciales/Content/ThirdPerson/Models/yonFBX/Studio_Studio_Setup_Socket_3.uexp" 1202
"C:/Users/bruwu/OneDrive/Documentos/GitHub/MotoresComerciales/MotoresComerciales/Content/ThirdPerson/Models/yonFBX/Studio_Studio_Setup_Socket_2.ubulk" 1203
"C:/Users/bruwu/OneDrive/Documentos/GitHub/MotoresComerciales/MotoresComerciales/Content/ThirdPerson/Models/yonFBX/Studio_Studio_Setup_Socket_2.uasset" 1204
"C:/Users/bruwu/OneDrive/Documentos/GitHub/MotoresComerciales/MotoresComerciales/Content/ThirdPerson/Models/yonFBX/Studio_Studio_Setup_Socket_2.uexp" 1205
"C:/Users/bruwu/OneDrive/Documentos/GitHub/MotoresComerciales/MotoresComerciales/Content/ThirdPerson/Models/yonFBX/Studio_Studio_Setup_Socket_1.ubulk" 1206
"C:/Users/bruwu/OneDrive/Documentos/GitHub/MotoresComerciales/MotoresComerciales/Content/ThirdPerson/Models/yonFBX/Studio_Studio_Setup_Socket_1.uasset" 1207
"C:/Users/bruwu/OneDrive/Documentos/GitHub/MotoresComerciales/MotoresComerciales/Content/ThirdPerson/Models/yonFBX/Studio_Studio_Setup_Socket_1.uexp" 1208
"C:/Users/bruwu/OneDrive/Documentos/GitHub/MotoresComerciales/MotoresComerciales/Content/ThirdPerson/Models/yonFBX/Studio_Studio_Setup_Screw_99.ubulk" 1209
"C:/Users/bruwu/OneDrive/Documentos/GitHub/MotoresComerciales/MotoresComerciales/Content/ThirdPerson/Models/yonFBX/Studio_Studio_Setup_Screw_99.uasset" 1210
"C:/Users/bruwu/OneDrive/Documentos/GitHub/MotoresComerciales/MotoresComerciales/Content/ThirdPerson/Models/yonFBX/Studio_Studio_Setup_Screw_99.uexp" 1211
"C:/Users/bruwu/OneDrive/Documentos/GitHub/MotoresComerciales/MotoresComerciales/Content/ThirdPerson/Models/yonFBX/Studio_Studio_Setup_Screw_98.ubulk" 1212
"C:/Users/bruwu/OneDrive/Documentos/GitHub/MotoresComerciales/MotoresComerciales/Content/ThirdPerson/Models/yonFBX/Studio_Studio_Setup_Screw_98.uasset" 1213
"C:/Users/bruwu/OneDrive/Documentos/GitHub/MotoresComerciales/MotoresComerciales/Content/ThirdPerson/Models/yonFBX/Studio_Studio_Setup_Screw_98.uexp" 1214
"C:/Users/bruwu/OneDrive/Documentos/GitHub/MotoresComerciales/MotoresComerciales/Content/ThirdPerson/Models/yonFBX/Studio_Studio_Setup_Screw_97.ubulk" 1215
"C:/Users/bruwu/OneDrive/Documentos/GitHub/MotoresComerciales/MotoresComerciales/Content/ThirdPerson/Models/yonFBX/Studio_Studio_Setup_Screw_97.uasset" 1216
"C:/Users/bruwu/OneDrive/Documentos/GitHub/MotoresComerciales/MotoresComerciales/Content/ThirdPerson/Models/yonFBX/Studio_Studio_Setup_Screw_97.uexp" 1217
"C:/Users/bruwu/OneDrive/Documentos/GitHub/MotoresComerciales/MotoresComerciales/Content/ThirdPerson/Models/yonFBX/Studio_Studio_Setup_Screw_96.ubulk" 1218
"C:/Users/bruwu/OneDrive/Documentos/GitHub/MotoresComerciales/MotoresComerciales/Content/ThirdPerson/Models/yonFBX/Studio_Studio_Setup_Screw_96.uasset" 1219
"C:/Users/bruwu/OneDrive/Documentos/GitHub/MotoresComerciales/MotoresComerciales/Content/ThirdPerson/Models/yonFBX/Studio_Studio_Setup_Screw_96.uexp" 1220
"C:/Users/bruwu/OneDrive/Documentos/GitHub/MotoresComerciales/MotoresComerciales/Content/ThirdPerson/Models/yonFBX/Studio_Studio_Setup_Screw_95.ubulk" 1221
"C:/Users/bruwu/OneDrive/Documentos/GitHub/MotoresComerciales/MotoresComerciales/Content/ThirdPerson/Models/yonFBX/Studio_Studio_Setup_Screw_95.uasset" 1222
"C:/Users/bruwu/OneDrive/Documentos/GitHub/MotoresComerciales/MotoresComerciales/Content/ThirdPerson/Models/yonFBX/Studio_Studio_Setup_Screw_95.uexp" 1223
"C:/Users/bruwu/OneDrive/Documentos/GitHub/MotoresComerciales/MotoresComerciales/Content/ThirdPerson/Models/yonFBX/Studio_Studio_Setup_Screw_94.ubulk" 1224
"C:/Users/bruwu/OneDrive/Documentos/GitHub/MotoresComerciales/MotoresComerciales/Content/ThirdPerson/Models/yonFBX/Studio_Studio_Setup_Screw_94.uasset" 1225
"C:/Users/bruwu/OneDrive/Documentos/GitHub/MotoresComerciales/MotoresComerciales/Content/ThirdPerson/Models/yonFBX/Studio_Studio_Setup_Screw_94.uexp" 1226
"C:/Users/bruwu/OneDrive/Documentos/GitHub/MotoresComerciales/MotoresComerciales/Content/ThirdPerson/Models/yonFBX/Studio_Studio_Setup_Screw_93.ubulk" 1227
"C:/Users/bruwu/OneDrive/Documentos/GitHub/MotoresComerciales/MotoresComerciales/Content/ThirdPerson/Models/yonFBX/Studio_Studio_Setup_Screw_93.uasset" 1228
"C:/Users/bruwu/OneDrive/Documentos/GitHub/MotoresComerciales/MotoresComerciales/Content/ThirdPerson/Models/yonFBX/Studio_Studio_Setup_Screw_93.uexp" 1229
"C:/Users/bruwu/OneDrive/Documentos/GitHub/MotoresComerciales/MotoresComerciales/Content/ThirdPerson/Models/yonFBX/Studio_Studio_Setup_Screw_92.ubulk" 1230
"C:/Users/bruwu/OneDrive/Documentos/GitHub/MotoresComerciales/MotoresComerciales/Content/ThirdPerson/Models/yonFBX/Studio_Studio_Setup_Screw_92.uasset" 1231
"C:/Users/bruwu/OneDrive/Documentos/GitHub/MotoresComerciales/MotoresComerciales/Content/ThirdPerson/Models/yonFBX/Studio_Studio_Setup_Screw_92.uexp" 1232
"C:/Users/bruwu/OneDrive/Documentos/GitHub/MotoresComerciales/MotoresComerciales/Content/ThirdPerson/Models/yonFBX/Studio_Studio_Setup_Screw_91.ubulk" 1233
"C:/Users/bruwu/OneDrive/Documentos/GitHub/MotoresComerciales/MotoresComerciales/Content/ThirdPerson/Models/yonFBX/Studio_Studio_Setup_Screw_91.uasset" 1234
"C:/Users/bruwu/OneDrive/Documentos/GitHub/MotoresComerciales/MotoresComerciales/Content/ThirdPerson/Models/yonFBX/Studio_Studio_Setup_Screw_91.uexp" 1235
"C:/Users/bruwu/OneDrive/Documentos/GitHub/MotoresComerciales/MotoresComerciales/Content/ThirdPerson/Models/yonFBX/Studio_Studio_Setup_Screw_90.ubulk" 1236
"C:/Users/bruwu/OneDrive/Documentos/GitHub/MotoresComerciales/MotoresComerciales/Content/ThirdPerson/Models/yonFBX/Studio_Studio_Setup_Screw_90.uasset" 1237
"C:/Users/bruwu/OneDrive/Documentos/GitHub/MotoresComerciales/MotoresComerciales/Content/ThirdPerson/Models/yonFBX/Studio_Studio_Setup_Screw_90.uexp" 1238
"C:/Users/bruwu/OneDrive/Documentos/GitHub/MotoresComerciales/MotoresComerciales/Content/ThirdPerson/Models/yonFBX/Studio_Studio_Setup_Screw_9.ubulk" 1239
"C:/Users/bruwu/OneDrive/Documentos/GitHub/MotoresComerciales/MotoresComerciales/Content/ThirdPerson/Models/yonFBX/Studio_Studio_Setup_Screw_9.uasset" 1240
"C:/Users/bruwu/OneDrive/Documentos/GitHub/MotoresComerciales/MotoresComerciales/Content/ThirdPerson/Models/yonFBX/Studio_Studio_Setup_Screw_9.uexp" 1241
"C:/Users/bruwu/OneDrive/Documentos/GitHub/MotoresComerciales/MotoresComerciales/Content/ThirdPerson/Models/yonFBX/Studio_Studio_Setup_Screw_89.ubulk" 1242
"C:/Users/bruwu/OneDrive/Documentos/GitHub/MotoresComerciales/MotoresComerciales/Content/ThirdPerson/Models/yonFBX/Studio_Studio_Setup_Screw_89.uasset" 1243
"C:/Users/bruwu/OneDrive/Documentos/GitHub/MotoresComerciales/MotoresComerciales/Content/ThirdPerson/Models/yonFBX/Studio_Studio_Setup_Screw_89.uexp" 1244
"C:/Users/bruwu/OneDrive/Documentos/GitHub/MotoresComerciales/MotoresComerciales/Content/ThirdPerson/Models/yonFBX/Studio_Studio_Setup_Screw_88.ubulk" 1245
"C:/Users/bruwu/OneDrive/Documentos/GitHub/MotoresComerciales/MotoresComerciales/Content/ThirdPerson/Models/yonFBX/Studio_Studio_Setup_Screw_88.uasset" 1246
"C:/Users/bruwu/OneDrive/Documentos/GitHub/MotoresComerciales/MotoresComerciales/Content/ThirdPerson/Models/yonFBX/Studio_Studio_Setup_Screw_88.uexp" 1247
"C:/Users/bruwu/OneDrive/Documentos/GitHub/MotoresComerciales/MotoresComerciales/Content/ThirdPerson/Models/yonFBX/Studio_Studio_Setup_Screw_87.ubulk" 1248
"C:/Users/bruwu/OneDrive/Documentos/GitHub/MotoresComerciales/MotoresComerciales/Content/ThirdPerson/Models/yonFBX/Studio_Studio_Setup_Screw_87.uasset" 1249
"C:/Users/bruwu/OneDrive/Documentos/GitHub/MotoresComerciales/MotoresComerciales/Content/ThirdPerson/Models/yonFBX/Studio_Studio_Setup_Screw_87.uexp" 1250
"C:/Users/bruwu/OneDrive/Documentos/GitHub/MotoresComerciales/MotoresComerciales/Content/ThirdPerson/Models/yonFBX/Studio_Studio_Setup_Screw_86.ubulk" 1251
"C:/Users/bruwu/OneDrive/Documentos/GitHub/MotoresComerciales/MotoresComerciales/Content/ThirdPerson/Models/yonFBX/Studio_Studio_Setup_Screw_86.uasset" 1252
"C:/Users/bruwu/OneDrive/Documentos/GitHub/MotoresComerciales/MotoresComerciales/Content/ThirdPerson/Models/yonFBX/Studio_Studio_Setup_Screw_86.uexp" 1253
"C:/Users/bruwu/OneDrive/Documentos/GitHub/MotoresComerciales/MotoresComerciales/Content/ThirdPerson/Models/yonFBX/Studio_Studio_Setup_Screw_85.ubulk" 1254
"C:/Users/bruwu/OneDrive/Documentos/GitHub/MotoresComerciales/MotoresComerciales/Content/ThirdPerson/Models/yonFBX/Studio_Studio_Setup_Screw_85.uasset" 1255
"C:/Users/bruwu/OneDrive/Documentos/GitHub/MotoresComerciales/MotoresComerciales/Content/ThirdPerson/Models/yonFBX/Studio_Studio_Setup_Screw_85.uexp" 1256
"C:/Users/bruwu/OneDrive/Documentos/GitHub/MotoresComerciales/MotoresComerciales/Content/ThirdPerson/Models/yonFBX/Studio_Studio_Setup_Screw_84.ubulk" 1257
"C:/Users/bruwu/OneDrive/Documentos/GitHub/MotoresComerciales/MotoresComerciales/Content/ThirdPerson/Models/yonFBX/Studio_Studio_Setup_Screw_84.uasset" 1258
"C:/Users/bruwu/OneDrive/Documentos/GitHub/MotoresComerciales/MotoresComerciales/Content/ThirdPerson/Models/yonFBX/Studio_Studio_Setup_Screw_84.uexp" 1259
"C:/Users/bruwu/OneDrive/Documentos/GitHub/MotoresComerciales/MotoresComerciales/Content/ThirdPerson/Models/yonFBX/Studio_Studio_Setup_Screw_83.ubulk" 1260
"C:/Users/bruwu/OneDrive/Documentos/GitHub/MotoresComerciales/MotoresComerciales/Content/ThirdPerson/Models/yonFBX/Studio_Studio_Setup_Screw_83.uasset" 1261
"C:/Users/bruwu/OneDrive/Documentos/GitHub/MotoresComerciales/MotoresComerciales/Content/ThirdPerson/Models/yonFBX/Studio_Studio_Setup_Screw_83.uexp" 1262
"C:/Users/bruwu/OneDrive/Documentos/GitHub/MotoresComerciales/MotoresComerciales/Content/ThirdPerson/Models/yonFBX/Studio_Studio_Setup_Screw_82.ubulk" 1263
"C:/Users/bruwu/OneDrive/Documentos/GitHub/MotoresComerciales/MotoresComerciales/Content/ThirdPerson/Models/yonFBX/Studio_Studio_Setup_Screw_82.uasset" 1264
"C:/Users/bruwu/OneDrive/Documentos/GitHub/MotoresComerciales/MotoresComerciales/Content/ThirdPerson/Models/yonFBX/Studio_Studio_Setup_Screw_82.uexp" 1265
"C:/Users/bruwu/OneDrive/Documentos/GitHub/MotoresComerciales/MotoresComerciales/Content/ThirdPerson/Models/yonFBX/Studio_Studio_Setup_Screw_81.ubulk" 1266
"C:/Users/bruwu/OneDrive/Documentos/GitHub/MotoresComerciales/MotoresComerciales/Content/ThirdPerson/Models/yonFBX/Studio_Studio_Setup_Screw_81.uasset" 1267
"C:/Users/bruwu/OneDrive/Documentos/GitHub/MotoresComerciales/MotoresComerciales/Content/ThirdPerson/Models/yonFBX/Studio_Studio_Setup_Screw_81.uexp" 1268
"C:/Users/bruwu/OneDrive/Documentos/GitHub/MotoresComerciales/MotoresComerciales/Content/ThirdPerson/Models/yonFBX/Studio_Studio_Setup_Screw_80.ubulk" 1269
"C:/Users/bruwu/OneDrive/Documentos/GitHub/MotoresComerciales/MotoresComerciales/Content/ThirdPerson/Models/yonFBX/Studio_Studio_Setup_Screw_80.uasset" 1270
"C:/Users/bruwu/OneDrive/Documentos/GitHub/MotoresComerciales/MotoresComerciales/Content/ThirdPerson/Models/yonFBX/Studio_Studio_Setup_Screw_80.uexp" 1271
"C:/Users/bruwu/OneDrive/Documentos/GitHub/MotoresComerciales/MotoresComerciales/Content/ThirdPerson/Models/yonFBX/Studio_Studio_Setup_Screw_8.ubulk" 1272
"C:/Users/bruwu/OneDrive/Documentos/GitHub/MotoresComerciales/MotoresComerciales/Content/ThirdPerson/Models/yonFBX/Studio_Studio_Setup_Screw_8.uasset" 1273
"C:/Users/bruwu/OneDrive/Documentos/GitHub/MotoresComerciales/MotoresComerciales/Content/ThirdPerson/Models/yonFBX/Studio_Studio_Setup_Screw_8.uexp" 1274
"C:/Users/bruwu/OneDrive/Documentos/GitHub/MotoresComerciales/MotoresComerciales/Content/ThirdPerson/Models/yonFBX/Studio_Studio_Setup_Screw_79.ubulk" 1275
"C:/Users/bruwu/OneDrive/Documentos/GitHub/MotoresComerciales/MotoresComerciales/Content/ThirdPerson/Models/yonFBX/Studio_Studio_Setup_Screw_79.uasset" 1276
"C:/Users/bruwu/OneDrive/Documentos/GitHub/MotoresComerciales/MotoresComerciales/Content/ThirdPerson/Models/yonFBX/Studio_Studio_Setup_Screw_79.uexp" 1277
"C:/Users/bruwu/OneDrive/Documentos/GitHub/MotoresComerciales/MotoresComerciales/Content/ThirdPerson/Models/yonFBX/Studio_Studio_Setup_Screw_78.ubulk" 1278
"C:/Users/bruwu/OneDrive/Documentos/GitHub/MotoresComerciales/MotoresComerciales/Content/ThirdPerson/Models/yonFBX/Studio_Studio_Setup_Screw_78.uasset" 1279
"C:/Users/bruwu/OneDrive/Documentos/GitHub/MotoresComerciales/MotoresComerciales/Content/ThirdPerson/Models/yonFBX/Studio_Studio_Setup_Screw_78.uexp" 1280
"C:/Users/bruwu/OneDrive/Documentos/GitHub/MotoresComerciales/MotoresComerciales/Content/ThirdPerson/Models/yonFBX/Studio_Studio_Setup_Screw_77.ubulk" 1281
"C:/Users/bruwu/OneDrive/Documentos/GitHub/MotoresComerciales/MotoresComerciales/Content/ThirdPerson/Models/yonFBX/Studio_Studio_Setup_Screw_77.uasset" 1282
"C:/Users/bruwu/OneDrive/Documentos/GitHub/MotoresComerciales/MotoresComerciales/Content/ThirdPerson/Models/yonFBX/Studio_Studio_Setup_Screw_77.uexp" 1283
"C:/Users/bruwu/OneDrive/Documentos/GitHub/MotoresComerciales/MotoresComerciales/Content/ThirdPerson/Models/yonFBX/Studio_Studio_Setup_Screw_76.ubulk" 1284
"C:/Users/bruwu/OneDrive/Documentos/GitHub/MotoresComerciales/MotoresComerciales/Content/ThirdPerson/Models/yonFBX/Studio_Studio_Setup_Screw_76.uasset" 1285
"C:/Users/bruwu/OneDrive/Documentos/GitHub/MotoresComerciales/MotoresComerciales/Content/ThirdPerson/Models/yonFBX/Studio_Studio_Setup_Screw_76.uexp" 1286
"C:/Users/bruwu/OneDrive/Documentos/GitHub/MotoresComerciales/MotoresComerciales/Content/ThirdPerson/Models/yonFBX/Studio_Studio_Setup_Screw_75.ubulk" 1287
"C:/Users/bruwu/OneDrive/Documentos/GitHub/MotoresComerciales/MotoresComerciales/Content/ThirdPerson/Models/yonFBX/Studio_Studio_Setup_Screw_75.uasset" 1288
"C:/Users/bruwu/OneDrive/Documentos/GitHub/MotoresComerciales/MotoresComerciales/Content/ThirdPerson/Models/yonFBX/Studio_Studio_Setup_Screw_75.uexp" 1289
"C:/Users/bruwu/OneDrive/Documentos/GitHub/MotoresComerciales/MotoresComerciales/Content/ThirdPerson/Models/yonFBX/Studio_Studio_Setup_Screw_74.ubulk" 1290
"C:/Users/bruwu/OneDrive/Documentos/GitHub/MotoresComerciales/MotoresComerciales/Content/ThirdPerson/Models/yonFBX/Studio_Studio_Setup_Screw_74.uasset" 1291
"C:/Users/bruwu/OneDrive/Documentos/GitHub/MotoresComerciales/MotoresComerciales/Content/ThirdPerson/Models/yonFBX/Studio_Studio_Setup_Screw_74.uexp" 1292
"C:/Users/bruwu/OneDrive/Documentos/GitHub/MotoresComerciales/MotoresComerciales/Content/ThirdPerson/Models/yonFBX/Studio_Studio_Setup_Screw_73.ubulk" 1293
"C:/Users/bruwu/OneDrive/Documentos/GitHub/MotoresComerciales/MotoresComerciales/Content/ThirdPerson/Models/yonFBX/Studio_Studio_Setup_Screw_73.uasset" 1294
"C:/Users/bruwu/OneDrive/Documentos/GitHub/MotoresComerciales/MotoresComerciales/Content/ThirdPerson/Models/yonFBX/Studio_Studio_Setup_Screw_73.uexp" 1295
"C:/Users/bruwu/OneDrive/Documentos/GitHub/MotoresComerciales/MotoresComerciales/Content/ThirdPerson/Models/yonFBX/Studio_Studio_Setup_Screw_72.ubulk" 1296
"C:/Users/bruwu/OneDrive/Documentos/GitHub/MotoresComerciales/MotoresComerciales/Content/ThirdPerson/Models/yonFBX/Studio_Studio_Setup_Screw_72.uasset" 1297
"C:/Users/bruwu/OneDrive/Documentos/GitHub/MotoresComerciales/MotoresComerciales/Content/ThirdPerson/Models/yonFBX/Studio_Studio_Setup_Screw_72.uexp" 1298
"C:/Users/bruwu/OneDrive/Documentos/GitHub/MotoresComerciales/MotoresComerciales/Content/ThirdPerson/Models/yonFBX/Studio_Studio_Setup_Screw_71.ubulk" 1299
"C:/Users/bruwu/OneDrive/Documentos/GitHub/MotoresComerciales/MotoresComerciales/Content/ThirdPerson/Models/yonFBX/Studio_Studio_Setup_Screw_71.uasset" 1300
"C:/Users/bruwu/OneDrive/Documentos/GitHub/MotoresComerciales/MotoresComerciales/Content/ThirdPerson/Models/yonFBX/Studio_Studio_Setup_Screw_71.uexp" 1301
"C:/Users/bruwu/OneDrive/Documentos/GitHub/MotoresComerciales/MotoresComerciales/Content/ThirdPerson/Models/yonFBX/Studio_Studio_Setup_Screw_70.ubulk" 1302
"C:/Users/bruwu/OneDrive/Documentos/GitHub/MotoresComerciales/MotoresComerciales/Content/ThirdPerson/Models/yonFBX/Studio_Studio_Setup_Screw_70.uasset" 1303
"C:/Users/bruwu/OneDrive/Documentos/GitHub/MotoresComerciales/MotoresComerciales/Content/ThirdPerson/Models/yonFBX/Studio_Studio_Setup_Screw_70.uexp" 1304
"C:/Users/bruwu/OneDrive/Documentos/GitHub/MotoresComerciales/MotoresComerciales/Content/ThirdPerson/Models/yonFBX/Studio_Studio_Setup_Screw_7.ubulk" 1305
"C:/Users/bruwu/OneDrive/Documentos/GitHub/MotoresComerciales/MotoresComerciales/Content/ThirdPerson/Models/yonFBX/Studio_Studio_Setup_Screw_7.uasset" 1306
"C:/Users/bruwu/OneDrive/Documentos/GitHub/MotoresComerciales/MotoresComerciales/Content/ThirdPerson/Models/yonFBX/Studio_Studio_Setup_Screw_7.uexp" 1307
"C:/Users/bruwu/OneDrive/Documentos/GitHub/MotoresComerciales/MotoresComerciales/Content/ThirdPerson/Models/yonFBX/Studio_Studio_Setup_Screw_69.ubulk" 1308
"C:/Users/bruwu/OneDrive/Documentos/GitHub/MotoresComerciales/MotoresComerciales/Content/ThirdPerson/Models/yonFBX/Studio_Studio_Setup_Screw_69.uasset" 1309
"C:/Users/bruwu/OneDrive/Documentos/GitHub/MotoresComerciales/MotoresComerciales/Content/ThirdPerson/Models/yonFBX/Studio_Studio_Setup_Screw_69.uexp" 1310
"C:/Users/bruwu/OneDrive/Documentos/GitHub/MotoresComerciales/MotoresComerciales/Content/ThirdPerson/Models/yonFBX/Studio_Studio_Setup_Screw_68.ubulk" 1311
"C:/Users/bruwu/OneDrive/Documentos/GitHub/MotoresComerciales/MotoresComerciales/Content/ThirdPerson/Models/yonFBX/Studio_Studio_Setup_Screw_68.uasset" 1312
"C:/Users/bruwu/OneDrive/Documentos/GitHub/MotoresComerciales/MotoresComerciales/Content/ThirdPerson/Models/yonFBX/Studio_Studio_Setup_Screw_68.uexp" 1313
"C:/Users/bruwu/OneDrive/Documentos/GitHub/MotoresComerciales/MotoresComerciales/Content/ThirdPerson/Models/yonFBX/Studio_Studio_Setup_Screw_67.ubulk" 1314
"C:/Users/bruwu/OneDrive/Documentos/GitHub/MotoresComerciales/MotoresComerciales/Content/ThirdPerson/Models/yonFBX/Studio_Studio_Setup_Screw_67.uasset" 1315
"C:/Users/bruwu/OneDrive/Documentos/GitHub/MotoresComerciales/MotoresComerciales/Content/ThirdPerson/Models/yonFBX/Studio_Studio_Setup_Screw_67.uexp" 1316
"C:/Users/bruwu/OneDrive/Documentos/GitHub/MotoresComerciales/MotoresComerciales/Content/ThirdPerson/Models/yonFBX/Studio_Studio_Setup_Screw_66.ubulk" 1317
"C:/Users/bruwu/OneDrive/Documentos/GitHub/MotoresComerciales/MotoresComerciales/Content/ThirdPerson/Models/yonFBX/Studio_Studio_Setup_Screw_66.uasset" 1318
"C:/Users/bruwu/OneDrive/Documentos/GitHub/MotoresComerciales/MotoresComerciales/Content/ThirdPerson/Models/yonFBX/Studio_Studio_Setup_Screw_66.uexp" 1319
"C:/Users/bruwu/OneDrive/Documentos/GitHub/MotoresComerciales/MotoresComerciales/Content/ThirdPerson/Models/yonFBX/Studio_Studio_Setup_Screw_65.ubulk" 1320
"C:/Users/bruwu/OneDrive/Documentos/GitHub/MotoresComerciales/MotoresComerciales/Content/ThirdPerson/Models/yonFBX/Studio_Studio_Setup_Screw_65.uasset" 1321
"C:/Users/bruwu/OneDrive/Documentos/GitHub/MotoresComerciales/MotoresComerciales/Content/ThirdPerson/Models/yonFBX/Studio_Studio_Setup_Screw_65.uexp" 1322
"C:/Users/bruwu/OneDrive/Documentos/GitHub/MotoresComerciales/MotoresComerciales/Content/ThirdPerson/Models/yonFBX/Studio_Studio_Setup_Screw_64.ubulk" 1323
"C:/Users/bruwu/OneDrive/Documentos/GitHub/MotoresComerciales/MotoresComerciales/Content/ThirdPerson/Models/yonFBX/Studio_Studio_Setup_Screw_64.uasset" 1324
"C:/Users/bruwu/OneDrive/Documentos/GitHub/MotoresComerciales/MotoresComerciales/Content/ThirdPerson/Models/yonFBX/Studio_Studio_Setup_Screw_64.uexp" 1325
"C:/Users/bruwu/OneDrive/Documentos/GitHub/MotoresComerciales/MotoresComerciales/Content/ThirdPerson/Models/yonFBX/Studio_Studio_Setup_Screw_63.ubulk" 1326
"C:/Users/bruwu/OneDrive/Documentos/GitHub/MotoresComerciales/MotoresComerciales/Content/ThirdPerson/Models/yonFBX/Studio_Studio_Setup_Screw_63.uasset" 1327
"C:/Users/bruwu/OneDrive/Documentos/GitHub/MotoresComerciales/MotoresComerciales/Content/ThirdPerson/Models/yonFBX/Studio_Studio_Setup_Screw_63.uexp" 1328
"C:/Users/bruwu/OneDrive/Documentos/GitHub/MotoresComerciales/MotoresComerciales/Content/ThirdPerson/Models/yonFBX/Studio_Studio_Setup_Screw_62.ubulk" 1329
"C:/Users/bruwu/OneDrive/Documentos/GitHub/MotoresComerciales/MotoresComerciales/Content/ThirdPerson/Models/yonFBX/Studio_Studio_Setup_Screw_62.uasset" 1330
"C:/Users/bruwu/OneDrive/Documentos/GitHub/MotoresComerciales/MotoresComerciales/Content/ThirdPerson/Models/yonFBX/Studio_Studio_Setup_Screw_62.uexp" 1331
"C:/Users/bruwu/OneDrive/Documentos/GitHub/MotoresComerciales/MotoresComerciales/Content/ThirdPerson/Models/yonFBX/Studio_Studio_Setup_Screw_61.ubulk" 1332
"C:/Users/bruwu/OneDrive/Documentos/GitHub/MotoresComerciales/MotoresComerciales/Content/ThirdPerson/Models/yonFBX/Studio_Studio_Setup_Screw_61.uasset" 1333
"C:/Users/bruwu/OneDrive/Documentos/GitHub/MotoresComerciales/MotoresComerciales/Content/ThirdPerson/Models/yonFBX/Studio_Studio_Setup_Screw_61.uexp" 1334
"C:/Users/bruwu/OneDrive/Documentos/GitHub/MotoresComerciales/MotoresComerciales/Content/ThirdPerson/Models/yonFBX/Studio_Studio_Setup_Screw_60.ubulk" 1335
"C:/Users/bruwu/OneDrive/Documentos/GitHub/MotoresComerciales/MotoresComerciales/Content/ThirdPerson/Models/yonFBX/Studio_Studio_Setup_Screw_60.uasset" 1336
"C:/Users/bruwu/OneDrive/Documentos/GitHub/MotoresComerciales/MotoresComerciales/Content/ThirdPerson/Models/yonFBX/Studio_Studio_Setup_Screw_60.uexp" 1337
"C:/Users/bruwu/OneDrive/Documentos/GitHub/MotoresComerciales/MotoresComerciales/Content/ThirdPerson/Models/yonFBX/Studio_Studio_Setup_Screw_6.ubulk" 1338
"C:/Users/bruwu/OneDrive/Documentos/GitHub/MotoresComerciales/MotoresComerciales/Content/ThirdPerson/Models/yonFBX/Studio_Studio_Setup_Screw_6.uasset" 1339
"C:/Users/bruwu/OneDrive/Documentos/GitHub/MotoresComerciales/MotoresComerciales/Content/ThirdPerson/Models/yonFBX/Studio_Studio_Setup_Screw_6.uexp" 1340
"C:/Users/bruwu/OneDrive/Documentos/GitHub/MotoresComerciales/MotoresComerciales/Content/ThirdPerson/Models/yonFBX/Studio_Studio_Setup_Screw_59.ubulk" 1341
"C:/Users/bruwu/OneDrive/Documentos/GitHub/MotoresComerciales/MotoresComerciales/Content/ThirdPerson/Models/yonFBX/Studio_Studio_Setup_Screw_59.uasset" 1342
"C:/Users/bruwu/OneDrive/Documentos/GitHub/MotoresComerciales/MotoresComerciales/Content/ThirdPerson/Models/yonFBX/Studio_Studio_Setup_Screw_59.uexp" 1343
"C:/Users/bruwu/OneDrive/Documentos/GitHub/MotoresComerciales/MotoresComerciales/Content/ThirdPerson/Models/yonFBX/Studio_Studio_Setup_Screw_58.ubulk" 1344
"C:/Users/bruwu/OneDrive/Documentos/GitHub/MotoresComerciales/MotoresComerciales/Content/ThirdPerson/Models/yonFBX/Studio_Studio_Setup_Screw_58.uasset" 1345
"C:/Users/bruwu/OneDrive/Documentos/GitHub/MotoresComerciales/MotoresComerciales/Content/ThirdPerson/Models/yonFBX/Studio_Studio_Setup_Screw_58.uexp" 1346
"C:/Users/bruwu/OneDrive/Documentos/GitHub/MotoresComerciales/MotoresComerciales/Content/ThirdPerson/Models/yonFBX/Studio_Studio_Setup_Screw_57.ubulk" 1347
"C:/Users/bruwu/OneDrive/Documentos/GitHub/MotoresComerciales/MotoresComerciales/Content/ThirdPerson/Models/yonFBX/Studio_Studio_Setup_Screw_57.uasset" 1348
"C:/Users/bruwu/OneDrive/Documentos/GitHub/MotoresComerciales/MotoresComerciales/Content/ThirdPerson/Models/yonFBX/Studio_Studio_Setup_Screw_57.uexp" 1349
"C:/Users/bruwu/OneDrive/Documentos/GitHub/MotoresComerciales/MotoresComerciales/Content/ThirdPerson/Models/yonFBX/Studio_Studio_Setup_Screw_56.ubulk" 1350
"C:/Users/bruwu/OneDrive/Documentos/GitHub/MotoresComerciales/MotoresComerciales/Content/ThirdPerson/Models/yonFBX/Studio_Studio_Setup_Screw_56.uasset" 1351
"C:/Users/bruwu/OneDrive/Documentos/GitHub/MotoresComerciales/MotoresComerciales/Content/ThirdPerson/Models/yonFBX/Studio_Studio_Setup_Screw_56.uexp" 1352
"C:/Users/bruwu/OneDrive/Documentos/GitHub/MotoresComerciales/MotoresComerciales/Content/ThirdPerson/Models/yonFBX/Studio_Studio_Setup_Screw_55.ubulk" 1353
"C:/Users/bruwu/OneDrive/Documentos/GitHub/MotoresComerciales/MotoresComerciales/Content/ThirdPerson/Models/yonFBX/Studio_Studio_Setup_Screw_55.uasset" 1354
"C:/Users/bruwu/OneDrive/Documentos/GitHub/MotoresComerciales/MotoresComerciales/Content/ThirdPerson/Models/yonFBX/Studio_Studio_Setup_Screw_55.uexp" 1355
"C:/Users/bruwu/OneDrive/Documentos/GitHub/MotoresComerciales/MotoresComerciales/Content/ThirdPerson/Models/yonFBX/Studio_Studio_Setup_Screw_54.ubulk" 1356
"C:/Users/bruwu/OneDrive/Documentos/GitHub/MotoresComerciales/MotoresComerciales/Content/ThirdPerson/Models/yonFBX/Studio_Studio_Setup_Screw_54.uasset" 1357
"C:/Users/bruwu/OneDrive/Documentos/GitHub/MotoresComerciales/MotoresComerciales/Content/ThirdPerson/Models/yonFBX/Studio_Studio_Setup_Screw_54.uexp" 1358
"C:/Users/bruwu/OneDrive/Documentos/GitHub/MotoresComerciales/MotoresComerciales/Content/ThirdPerson/Models/yonFBX/Studio_Studio_Setup_Screw_53.ubulk" 1359
"C:/Users/bruwu/OneDrive/Documentos/GitHub/MotoresComerciales/MotoresComerciales/Content/ThirdPerson/Models/yonFBX/Studio_Studio_Setup_Screw_53.uasset" 1360
"C:/Users/bruwu/OneDrive/Documentos/GitHub/MotoresComerciales/MotoresComerciales/Content/ThirdPerson/Models/yonFBX/Studio_Studio_Setup_Screw_53.uexp" 1361
"C:/Users/bruwu/OneDrive/Documentos/GitHub/MotoresComerciales/MotoresComerciales/Content/ThirdPerson/Models/yonFBX/Studio_Studio_Setup_Screw_52.ubulk" 1362
"C:/Users/bruwu/OneDrive/Documentos/GitHub/MotoresComerciales/MotoresComerciales/Content/ThirdPerson/Models/yonFBX/Studio_Studio_Setup_Screw_52.uasset" 1363
"C:/Users/bruwu/OneDrive/Documentos/GitHub/MotoresComerciales/MotoresComerciales/Content/ThirdPerson/Models/yonFBX/Studio_Studio_Setup_Screw_52.uexp" 1364
"C:/Users/bruwu/OneDrive/Documentos/GitHub/MotoresComerciales/MotoresComerciales/Content/ThirdPerson/Models/yonFBX/Studio_Studio_Setup_Screw_51.ubulk" 1365
"C:/Users/bruwu/OneDrive/Documentos/GitHub/MotoresComerciales/MotoresComerciales/Content/ThirdPerson/Models/yonFBX/Studio_Studio_Setup_Screw_51.uasset" 1366
"C:/Users/bruwu/OneDrive/Documentos/GitHub/MotoresComerciales/MotoresComerciales/Content/ThirdPerson/Models/yonFBX/Studio_Studio_Setup_Screw_51.uexp" 1367
"C:/Users/bruwu/OneDrive/Documentos/GitHub/MotoresComerciales/MotoresComerciales/Content/ThirdPerson/Models/yonFBX/Studio_Studio_Setup_Screw_50.ubulk" 1368
"C:/Users/bruwu/OneDrive/Documentos/GitHub/MotoresComerciales/MotoresComerciales/Content/ThirdPerson/Models/yonFBX/Studio_Studio_Setup_Screw_50.uasset" 1369
"C:/Users/bruwu/OneDrive/Documentos/GitHub/MotoresComerciales/MotoresComerciales/Content/ThirdPerson/Models/yonFBX/Studio_Studio_Setup_Screw_50.uexp" 1370
"C:/Users/bruwu/OneDrive/Documentos/GitHub/MotoresComerciales/MotoresComerciales/Content/ThirdPerson/Models/yonFBX/Studio_Studio_Setup_Screw_5.ubulk" 1371
"C:/Users/bruwu/OneDrive/Documentos/GitHub/MotoresComerciales/MotoresComerciales/Content/ThirdPerson/Models/yonFBX/Studio_Studio_Setup_Screw_5.uasset" 1372
"C:/Users/bruwu/OneDrive/Documentos/GitHub/MotoresComerciales/MotoresComerciales/Content/ThirdPerson/Models/yonFBX/Studio_Studio_Setup_Screw_5.uexp" 1373
"C:/Users/bruwu/OneDrive/Documentos/GitHub/MotoresComerciales/MotoresComerciales/Content/ThirdPerson/Models/yonFBX/Studio_Studio_Setup_Screw_49.ubulk" 1374
"C:/Users/bruwu/OneDrive/Documentos/GitHub/MotoresComerciales/MotoresComerciales/Content/ThirdPerson/Models/yonFBX/Studio_Studio_Setup_Screw_49.uasset" 1375
"C:/Users/bruwu/OneDrive/Documentos/GitHub/MotoresComerciales/MotoresComerciales/Content/ThirdPerson/Models/yonFBX/Studio_Studio_Setup_Screw_49.uexp" 1376
"C:/Users/bruwu/OneDrive/Documentos/GitHub/MotoresComerciales/MotoresComerciales/Content/ThirdPerson/Models/yonFBX/Studio_Studio_Setup_Screw_48.ubulk" 1377
"C:/Users/bruwu/OneDrive/Documentos/GitHub/MotoresComerciales/MotoresComerciales/Content/ThirdPerson/Models/yonFBX/Studio_Studio_Setup_Screw_48.uasset" 1378
"C:/Users/bruwu/OneDrive/Documentos/GitHub/MotoresComerciales/MotoresComerciales/Content/ThirdPerson/Models/yonFBX/Studio_Studio_Setup_Screw_48.uexp" 1379
"C:/Users/bruwu/OneDrive/Documentos/GitHub/MotoresComerciales/MotoresComerciales/Content/ThirdPerson/Models/yonFBX/Studio_Studio_Setup_Screw_47.ubulk" 1380
"C:/Users/bruwu/OneDrive/Documentos/GitHub/MotoresComerciales/MotoresComerciales/Content/ThirdPerson/Models/yonFBX/Studio_Studio_Setup_Screw_47.uasset" 1381
"C:/Users/bruwu/OneDrive/Documentos/GitHub/MotoresComerciales/MotoresComerciales/Content/ThirdPerson/Models/yonFBX/Studio_Studio_Setup_Screw_47.uexp" 1382
"C:/Users/bruwu/OneDrive/Documentos/GitHub/MotoresComerciales/MotoresComerciales/Content/ThirdPerson/Models/yonFBX/Studio_Studio_Setup_Screw_46.ubulk" 1383
"C:/Users/bruwu/OneDrive/Documentos/GitHub/MotoresComerciales/MotoresComerciales/Content/ThirdPerson/Models/yonFBX/Studio_Studio_Setup_Screw_46.uasset" 1384
"C:/Users/bruwu/OneDrive/Documentos/GitHub/MotoresComerciales/MotoresComerciales/Content/ThirdPerson/Models/yonFBX/Studio_Studio_Setup_Screw_46.uexp" 1385
"C:/Users/bruwu/OneDrive/Documentos/GitHub/MotoresComerciales/MotoresComerciales/Content/ThirdPerson/Models/yonFBX/Studio_Studio_Setup_Screw_45.ubulk" 1386
"C:/Users/bruwu/OneDrive/Documentos/GitHub/MotoresComerciales/MotoresComerciales/Content/ThirdPerson/Models/yonFBX/Studio_Studio_Setup_Screw_45.uasset" 1387
"C:/Users/bruwu/OneDrive/Documentos/GitHub/MotoresComerciales/MotoresComerciales/Content/ThirdPerson/Models/yonFBX/Studio_Studio_Setup_Screw_45.uexp" 1388
"C:/Users/bruwu/OneDrive/Documentos/GitHub/MotoresComerciales/MotoresComerciales/Content/ThirdPerson/Models/yonFBX/Studio_Studio_Setup_Screw_44.ubulk" 1389
"C:/Users/bruwu/OneDrive/Documentos/GitHub/MotoresComerciales/MotoresComerciales/Content/ThirdPerson/Models/yonFBX/Studio_Studio_Setup_Screw_44.uasset" 1390
"C:/Users/bruwu/OneDrive/Documentos/GitHub/MotoresComerciales/MotoresComerciales/Content/ThirdPerson/Models/yonFBX/Studio_Studio_Setup_Screw_44.uexp" 1391
"C:/Users/bruwu/OneDrive/Documentos/GitHub/MotoresComerciales/MotoresComerciales/Content/ThirdPerson/Models/yonFBX/Studio_Studio_Setup_Screw_43.ubulk" 1392
"C:/Users/bruwu/OneDrive/Documentos/GitHub/MotoresComerciales/MotoresComerciales/Content/ThirdPerson/Models/yonFBX/Studio_Studio_Setup_Screw_43.uasset" 1393
"C:/Users/bruwu/OneDrive/Documentos/GitHub/MotoresComerciales/MotoresComerciales/Content/ThirdPerson/Models/yonFBX/Studio_Studio_Setup_Screw_43.uexp" 1394
"C:/Users/bruwu/OneDrive/Documentos/GitHub/MotoresComerciales/MotoresComerciales/Content/ThirdPerson/Models/yonFBX/Studio_Studio_Setup_Screw_42.ubulk" 1395
"C:/Users/bruwu/OneDrive/Documentos/GitHub/MotoresComerciales/MotoresComerciales/Content/ThirdPerson/Models/yonFBX/Studio_Studio_Setup_Screw_42.uasset" 1396
"C:/Users/bruwu/OneDrive/Documentos/GitHub/MotoresComerciales/MotoresComerciales/Content/ThirdPerson/Models/yonFBX/Studio_Studio_Setup_Screw_42.uexp" 1397
"C:/Users/bruwu/OneDrive/Documentos/GitHub/MotoresComerciales/MotoresComerciales/Content/ThirdPerson/Models/yonFBX/Studio_Studio_Setup_Screw_41.ubulk" 1398
"C:/Users/bruwu/OneDrive/Documentos/GitHub/MotoresComerciales/MotoresComerciales/Content/ThirdPerson/Models/yonFBX/Studio_Studio_Setup_Screw_41.uasset" 1399
"C:/Users/bruwu/OneDrive/Documentos/GitHub/MotoresComerciales/MotoresComerciales/Content/ThirdPerson/Models/yonFBX/Studio_Studio_Setup_Screw_41.uexp" 1400
"C:/Users/bruwu/OneDrive/Documentos/GitHub/MotoresComerciales/MotoresComerciales/Content/ThirdPerson/Models/yonFBX/Studio_Studio_Setup_Screw_40.ubulk" 1401
"C:/Users/bruwu/OneDrive/Documentos/GitHub/MotoresComerciales/MotoresComerciales/Content/ThirdPerson/Models/yonFBX/Studio_Studio_Setup_Screw_40.uasset" 1402
"C:/Users/bruwu/OneDrive/Documentos/GitHub/MotoresComerciales/MotoresComerciales/Content/ThirdPerson/Models/yonFBX/Studio_Studio_Setup_Screw_40.uexp" 1403
"C:/Users/bruwu/OneDrive/Documentos/GitHub/MotoresComerciales/MotoresComerciales/Content/ThirdPerson/Models/yonFBX/Studio_Studio_Setup_Screw_4.ubulk" 1404
"C:/Users/bruwu/OneDrive/Documentos/GitHub/MotoresComerciales/MotoresComerciales/Content/ThirdPerson/Models/yonFBX/Studio_Studio_Setup_Screw_4.uasset" 1405
"C:/Users/bruwu/OneDrive/Documentos/GitHub/MotoresComerciales/MotoresComerciales/Content/ThirdPerson/Models/yonFBX/Studio_Studio_Setup_Screw_4.uexp" 1406
"C:/Users/bruwu/OneDrive/Documentos/GitHub/MotoresComerciales/MotoresComerciales/Content/ThirdPerson/Models/yonFBX/Studio_Studio_Setup_Screw_39.ubulk" 1407
"C:/Users/bruwu/OneDrive/Documentos/GitHub/MotoresComerciales/MotoresComerciales/Content/ThirdPerson/Models/yonFBX/Studio_Studio_Setup_Screw_39.uasset" 1408
"C:/Users/bruwu/OneDrive/Documentos/GitHub/MotoresComerciales/MotoresComerciales/Content/ThirdPerson/Models/yonFBX/Studio_Studio_Setup_Screw_39.uexp" 1409
"C:/Users/bruwu/OneDrive/Documentos/GitHub/MotoresComerciales/MotoresComerciales/Content/ThirdPerson/Models/yonFBX/Studio_Studio_Setup_Screw_38.ubulk" 1410
"C:/Users/bruwu/OneDrive/Documentos/GitHub/MotoresComerciales/MotoresComerciales/Content/ThirdPerson/Models/yonFBX/Studio_Studio_Setup_Screw_38.uasset" 1411
"C:/Users/bruwu/OneDrive/Documentos/GitHub/MotoresComerciales/MotoresComerciales/Content/ThirdPerson/Models/yonFBX/Studio_Studio_Setup_Screw_38.uexp" 1412
"C:/Users/bruwu/OneDrive/Documentos/GitHub/MotoresComerciales/MotoresComerciales/Content/ThirdPerson/Models/yonFBX/Studio_Studio_Setup_Screw_37.ubulk" 1413
"C:/Users/bruwu/OneDrive/Documentos/GitHub/MotoresComerciales/MotoresComerciales/Content/ThirdPerson/Models/yonFBX/Studio_Studio_Setup_Screw_37.uasset" 1414
"C:/Users/bruwu/OneDrive/Documentos/GitHub/MotoresComerciales/MotoresComerciales/Content/ThirdPerson/Models/yonFBX/Studio_Studio_Setup_Screw_37.uexp" 1415
"C:/Users/bruwu/OneDrive/Documentos/GitHub/MotoresComerciales/MotoresComerciales/Content/ThirdPerson/Models/yonFBX/Studio_Studio_Setup_Screw_36.ubulk" 1416
"C:/Users/bruwu/OneDrive/Documentos/GitHub/MotoresComerciales/MotoresComerciales/Content/ThirdPerson/Models/yonFBX/Studio_Studio_Setup_Screw_36.uasset" 1417
"C:/Users/bruwu/OneDrive/Documentos/GitHub/MotoresComerciales/MotoresComerciales/Content/ThirdPerson/Models/yonFBX/Studio_Studio_Setup_Screw_36.uexp" 1418
"C:/Users/bruwu/OneDrive/Documentos/GitHub/MotoresComerciales/MotoresComerciales/Content/ThirdPerson/Models/yonFBX/Studio_Studio_Setup_Screw_35.ubulk" 1419
"C:/Users/bruwu/OneDrive/Documentos/GitHub/MotoresComerciales/MotoresComerciales/Content/ThirdPerson/Models/yonFBX/Studio_Studio_Setup_Screw_35.uasset" 1420
"C:/Users/bruwu/OneDrive/Documentos/GitHub/MotoresComerciales/MotoresComerciales/Content/ThirdPerson/Models/yonFBX/Studio_Studio_Setup_Screw_35.uexp" 1421
"C:/Users/bruwu/OneDrive/Documentos/GitHub/MotoresComerciales/MotoresComerciales/Content/ThirdPerson/Models/yonFBX/Studio_Studio_Setup_Screw_34.ubulk" 1422
"C:/Users/bruwu/OneDrive/Documentos/GitHub/MotoresComerciales/MotoresComerciales/Content/ThirdPerson/Models/yonFBX/Studio_Studio_Setup_Screw_34.uasset" 1423
"C:/Users/bruwu/OneDrive/Documentos/GitHub/MotoresComerciales/MotoresComerciales/Content/ThirdPerson/Models/yonFBX/Studio_Studio_Setup_Screw_34.uexp" 1424
"C:/Users/bruwu/OneDrive/Documentos/GitHub/MotoresComerciales/MotoresComerciales/Content/ThirdPerson/Models/yonFBX/Studio_Studio_Setup_Screw_33.ubulk" 1425
"C:/Users/bruwu/OneDrive/Documentos/GitHub/MotoresComerciales/MotoresComerciales/Content/ThirdPerson/Models/yonFBX/Studio_Studio_Setup_Screw_33.uasset" 1426
"C:/Users/bruwu/OneDrive/Documentos/GitHub/MotoresComerciales/MotoresComerciales/Content/ThirdPerson/Models/yonFBX/Studio_Studio_Setup_Screw_33.uexp" 1427
"C:/Users/bruwu/OneDrive/Documentos/GitHub/MotoresComerciales/MotoresComerciales/Content/ThirdPerson/Models/yonFBX/Studio_Studio_Setup_Screw_32.ubulk" 1428
"C:/Users/bruwu/OneDrive/Documentos/GitHub/MotoresComerciales/MotoresComerciales/Content/ThirdPerson/Models/yonFBX/Studio_Studio_Setup_Screw_32.uasset" 1429
"C:/Users/bruwu/OneDrive/Documentos/GitHub/MotoresComerciales/MotoresComerciales/Content/ThirdPerson/Models/yonFBX/Studio_Studio_Setup_Screw_32.uexp" 1430
"C:/Users/bruwu/OneDrive/Documentos/GitHub/MotoresComerciales/MotoresComerciales/Content/ThirdPerson/Models/yonFBX/Studio_Studio_Setup_Screw_31.ubulk" 1431
"C:/Users/bruwu/OneDrive/Documentos/GitHub/MotoresComerciales/MotoresComerciales/Content/ThirdPerson/Models/yonFBX/Studio_Studio_Setup_Screw_31.uasset" 1432
"C:/Users/bruwu/OneDrive/Documentos/GitHub/MotoresComerciales/MotoresComerciales/Content/ThirdPerson/Models/yonFBX/Studio_Studio_Setup_Screw_31.uexp" 1433
"C:/Users/bruwu/OneDrive/Documentos/GitHub/MotoresComerciales/MotoresComerciales/Content/ThirdPerson/Models/yonFBX/Studio_Studio_Setup_Screw_30.ubulk" 1434
"C:/Users/bruwu/OneDrive/Documentos/GitHub/MotoresComerciales/MotoresComerciales/Content/ThirdPerson/Models/yonFBX/Studio_Studio_Setup_Screw_30.uasset" 1435
"C:/Users/bruwu/OneDrive/Documentos/GitHub/MotoresComerciales/MotoresComerciales/Content/ThirdPerson/Models/yonFBX/Studio_Studio_Setup_Screw_30.uexp" 1436
"C:/Users/bruwu/OneDrive/Documentos/GitHub/MotoresComerciales/MotoresComerciales/Content/ThirdPerson/Models/yonFBX/Studio_Studio_Setup_Screw_3.ubulk" 1437
"C:/Users/bruwu/OneDrive/Documentos/GitHub/MotoresComerciales/MotoresComerciales/Content/ThirdPerson/Models/yonFBX/Studio_Studio_Setup_Screw_3.uasset" 1438
"C:/Users/bruwu/OneDrive/Documentos/GitHub/MotoresComerciales/MotoresComerciales/Content/ThirdPerson/Models/yonFBX/Studio_Studio_Setup_Screw_3.uexp" 1439
"C:/Users/bruwu/OneDrive/Documentos/GitHub/MotoresComerciales/MotoresComerciales/Content/ThirdPerson/Models/yonFBX/Studio_Studio_Setup_Screw_29.ubulk" 1440
"C:/Users/bruwu/OneDrive/Documentos/GitHub/MotoresComerciales/MotoresComerciales/Content/ThirdPerson/Models/yonFBX/Studio_Studio_Setup_Screw_29.uasset" 1441
"C:/Users/bruwu/OneDrive/Documentos/GitHub/MotoresComerciales/MotoresComerciales/Content/ThirdPerson/Models/yonFBX/Studio_Studio_Setup_Screw_29.uexp" 1442
"C:/Users/bruwu/OneDrive/Documentos/GitHub/MotoresComerciales/MotoresComerciales/Content/ThirdPerson/Models/yonFBX/Studio_Studio_Setup_Screw_28.ubulk" 1443
"C:/Users/bruwu/OneDrive/Documentos/GitHub/MotoresComerciales/MotoresComerciales/Content/ThirdPerson/Models/yonFBX/Studio_Studio_Setup_Screw_28.uasset" 1444
"C:/Users/bruwu/OneDrive/Documentos/GitHub/MotoresComerciales/MotoresComerciales/Content/ThirdPerson/Models/yonFBX/Studio_Studio_Setup_Screw_28.uexp" 1445
"C:/Users/bruwu/OneDrive/Documentos/GitHub/MotoresComerciales/MotoresComerciales/Content/ThirdPerson/Models/yonFBX/Studio_Studio_Setup_Screw_27.ubulk" 1446
"C:/Users/bruwu/OneDrive/Documentos/GitHub/MotoresComerciales/MotoresComerciales/Content/ThirdPerson/Models/yonFBX/Studio_Studio_Setup_Screw_27.uasset" 1447
"C:/Users/bruwu/OneDrive/Documentos/GitHub/MotoresComerciales/MotoresComerciales/Content/ThirdPerson/Models/yonFBX/Studio_Studio_Setup_Screw_27.uexp" 1448
"C:/Users/bruwu/OneDrive/Documentos/GitHub/MotoresComerciales/MotoresComerciales/Content/ThirdPerson/Models/yonFBX/Studio_Studio_Setup_Screw_26.ubulk" 1449
"C:/Users/bruwu/OneDrive/Documentos/GitHub/MotoresComerciales/MotoresComerciales/Content/ThirdPerson/Models/yonFBX/Studio_Studio_Setup_Screw_26.uasset" 1450
"C:/Users/bruwu/OneDrive/Documentos/GitHub/MotoresComerciales/MotoresComerciales/Content/ThirdPerson/Models/yonFBX/Studio_Studio_Setup_Screw_26.uexp" 1451
"C:/Users/bruwu/OneDrive/Documentos/GitHub/MotoresComerciales/MotoresComerciales/Content/ThirdPerson/Models/yonFBX/Studio_Studio_Setup_Screw_25.ubulk" 1452
"C:/Users/bruwu/OneDrive/Documentos/GitHub/MotoresComerciales/MotoresComerciales/Content/ThirdPerson/Models/yonFBX/Studio_Studio_Setup_Screw_25.uasset" 1453
"C:/Users/bruwu/OneDrive/Documentos/GitHub/MotoresComerciales/MotoresComerciales/Content/ThirdPerson/Models/yonFBX/Studio_Studio_Setup_Screw_25.uexp" 1454
"C:/Users/bruwu/OneDrive/Documentos/GitHub/MotoresComerciales/MotoresComerciales/Content/ThirdPerson/Models/yonFBX/Studio_Studio_Setup_Screw_24.ubulk" 1455
"C:/Users/bruwu/OneDrive/Documentos/GitHub/MotoresComerciales/MotoresComerciales/Content/ThirdPerson/Models/yonFBX/Studio_Studio_Setup_Screw_24.uasset" 1456
"C:/Users/bruwu/OneDrive/Documentos/GitHub/MotoresComerciales/MotoresComerciales/Content/ThirdPerson/Models/yonFBX/Studio_Studio_Setup_Screw_24.uexp" 1457
"C:/Users/bruwu/OneDrive/Documentos/GitHub/MotoresComerciales/MotoresComerciales/Content/ThirdPerson/Models/yonFBX/Studio_Studio_Setup_Screw_23.ubulk" 1458
"C:/Users/bruwu/OneDrive/Documentos/GitHub/MotoresComerciales/MotoresComerciales/Content/ThirdPerson/Models/yonFBX/Studio_Studio_Setup_Screw_23.uasset" 1459
"C:/Users/bruwu/OneDrive/Documentos/GitHub/MotoresComerciales/MotoresComerciales/Content/ThirdPerson/Models/yonFBX/Studio_Studio_Setup_Screw_23.uexp" 1460
"C:/Users/bruwu/OneDrive/Documentos/GitHub/MotoresComerciales/MotoresComerciales/Content/ThirdPerson/Models/yonFBX/Studio_Studio_Setup_Screw_22.ubulk" 1461
"C:/Users/bruwu/OneDrive/Documentos/GitHub/MotoresComerciales/MotoresComerciales/Content/ThirdPerson/Models/yonFBX/Studio_Studio_Setup_Screw_22.uasset" 1462
"C:/Users/bruwu/OneDrive/Documentos/GitHub/MotoresComerciales/MotoresComerciales/Content/ThirdPerson/Models/yonFBX/Studio_Studio_Setup_Screw_22.uexp" 1463
"C:/Users/bruwu/OneDrive/Documentos/GitHub/MotoresComerciales/MotoresComerciales/Content/ThirdPerson/Models/yonFBX/Studio_Studio_Setup_Screw_21.ubulk" 1464
"C:/Users/bruwu/OneDrive/Documentos/GitHub/MotoresComerciales/MotoresComerciales/Content/ThirdPerson/Models/yonFBX/Studio_Studio_Setup_Screw_21.uasset" 1465
"C:/Users/bruwu/OneDrive/Documentos/GitHub/MotoresComerciales/MotoresComerciales/Content/ThirdPerson/Models/yonFBX/Studio_Studio_Setup_Screw_21.uexp" 1466
"C:/Users/bruwu/OneDrive/Documentos/GitHub/MotoresComerciales/MotoresComerciales/Content/ThirdPerson/Models/yonFBX/Studio_Studio_Setup_Screw_20.ubulk" 1467
"C:/Users/bruwu/OneDrive/Documentos/GitHub/MotoresComerciales/MotoresComerciales/Content/ThirdPerson/Models/yonFBX/Studio_Studio_Setup_Screw_20.uasset" 1468
"C:/Users/bruwu/OneDrive/Documentos/GitHub/MotoresComerciales/MotoresComerciales/Content/ThirdPerson/Models/yonFBX/Studio_Studio_Setup_Screw_20.uexp" 1469
"C:/Users/bruwu/OneDrive/Documentos/GitHub/MotoresComerciales/MotoresComerciales/Content/ThirdPerson/Models/yonFBX/Studio_Studio_Setup_Screw_2.ubulk" 1470
"C:/Users/bruwu/OneDrive/Documentos/GitHub/MotoresComerciales/MotoresComerciales/Content/ThirdPerson/Models/yonFBX/Studio_Studio_Setup_Screw_2.uasset" 1471
"C:/Users/bruwu/OneDrive/Documentos/GitHub/MotoresComerciales/MotoresComerciales/Content/ThirdPerson/Models/yonFBX/Studio_Studio_Setup_Screw_2.uexp" 1472
"C:/Users/bruwu/OneDrive/Documentos/GitHub/MotoresComerciales/MotoresComerciales/Content/ThirdPerson/Models/yonFBX/Studio_Studio_Setup_Screw_19.ubulk" 1473
"C:/Users/bruwu/OneDrive/Documentos/GitHub/MotoresComerciales/MotoresComerciales/Content/ThirdPerson/Models/yonFBX/Studio_Studio_Setup_Screw_19.uasset" 1474
"C:/Users/bruwu/OneDrive/Documentos/GitHub/MotoresComerciales/MotoresComerciales/Content/ThirdPerson/Models/yonFBX/Studio_Studio_Setup_Screw_19.uexp" 1475
"C:/Users/bruwu/OneDrive/Documentos/GitHub/MotoresComerciales/MotoresComerciales/Content/ThirdPerson/Models/yonFBX/Studio_Studio_Setup_Screw_18.ubulk" 1476
"C:/Users/bruwu/OneDrive/Documentos/GitHub/MotoresComerciales/MotoresComerciales/Content/ThirdPerson/Models/yonFBX/Studio_Studio_Setup_Screw_18.uasset" 1477
"C:/Users/bruwu/OneDrive/Documentos/GitHub/MotoresComerciales/MotoresComerciales/Content/ThirdPerson/Models/yonFBX/Studio_Studio_Setup_Screw_18.uexp" 1478
"C:/Users/bruwu/OneDrive/Documentos/GitHub/MotoresComerciales/MotoresComerciales/Content/ThirdPerson/Models/yonFBX/Studio_Studio_Setup_Screw_17.ubulk" 1479
"C:/Users/bruwu/OneDrive/Documentos/GitHub/MotoresComerciales/MotoresComerciales/Content/ThirdPerson/Models/yonFBX/Studio_Studio_Setup_Screw_17.uasset" 1480
"C:/Users/bruwu/OneDrive/Documentos/GitHub/MotoresComerciales/MotoresComerciales/Content/ThirdPerson/Models/yonFBX/Studio_Studio_Setup_Screw_17.uexp" 1481
"C:/Users/bruwu/OneDrive/Documentos/GitHub/MotoresComerciales/MotoresComerciales/Content/ThirdPerson/Models/yonFBX/Studio_Studio_Setup_Screw_16.ubulk" 1482
"C:/Users/bruwu/OneDrive/Documentos/GitHub/MotoresComerciales/MotoresComerciales/Content/ThirdPerson/Models/yonFBX/Studio_Studio_Setup_Screw_16.uasset" 1483
"C:/Users/bruwu/OneDrive/Documentos/GitHub/MotoresComerciales/MotoresComerciales/Content/ThirdPerson/Models/yonFBX/Studio_Studio_Setup_Screw_16.uexp" 1484
"C:/Users/bruwu/OneDrive/Documentos/GitHub/MotoresComerciales/MotoresComerciales/Content/ThirdPerson/Models/yonFBX/Studio_Studio_Setup_Screw_15.ubulk" 1485
"C:/Users/bruwu/OneDrive/Documentos/GitHub/MotoresComerciales/MotoresComerciales/Content/ThirdPerson/Models/yonFBX/Studio_Studio_Setup_Screw_15.uasset" 1486
"C:/Users/bruwu/OneDrive/Documentos/GitHub/MotoresComerciales/MotoresComerciales/Content/ThirdPerson/Models/yonFBX/Studio_Studio_Setup_Screw_15.uexp" 1487
"C:/Users/bruwu/OneDrive/Documentos/GitHub/MotoresComerciales/MotoresComerciales/Content/ThirdPerson/Models/yonFBX/Studio_Studio_Setup_Screw_14.ubulk" 1488
"C:/Users/bruwu/OneDrive/Documentos/GitHub/MotoresComerciales/MotoresComerciales/Content/ThirdPerson/Models/yonFBX/Studio_Studio_Setup_Screw_14.uasset" 1489
"C:/Users/bruwu/OneDrive/Documentos/GitHub/MotoresComerciales/MotoresComerciales/Content/ThirdPerson/Models/yonFBX/Studio_Studio_Setup_Screw_14.uexp" 1490
"C:/Users/bruwu/OneDrive/Documentos/GitHub/MotoresComerciales/MotoresComerciales/Content/ThirdPerson/Models/yonFBX/Studio_Studio_Setup_Screw_13.ubulk" 1491
"C:/Users/bruwu/OneDrive/Documentos/GitHub/MotoresComerciales/MotoresComerciales/Content/ThirdPerson/Models/yonFBX/Studio_Studio_Setup_Screw_13.uasset" 1492
"C:/Users/bruwu/OneDrive/Documentos/GitHub/MotoresComerciales/MotoresComerciales/Content/ThirdPerson/Models/yonFBX/Studio_Studio_Setup_Screw_13.uexp" 1493
"C:/Users/bruwu/OneDrive/Documentos/GitHub/MotoresComerciales/MotoresComerciales/Content/ThirdPerson/Models/yonFBX/Studio_Studio_Setup_Screw_12.ubulk" 1494
"C:/Users/bruwu/OneDrive/Documentos/GitHub/MotoresComerciales/MotoresComerciales/Content/ThirdPerson/Models/yonFBX/Studio_Studio_Setup_Screw_12.uasset" 1495
"C:/Users/bruwu/OneDrive/Documentos/GitHub/MotoresComerciales/MotoresComerciales/Content/ThirdPerson/Models/yonFBX/Studio_Studio_Setup_Screw_12.uexp" 1496
"C:/Users/bruwu/OneDrive/Documentos/GitHub/MotoresComerciales/MotoresComerciales/Content/ThirdPerson/Models/yonFBX/Studio_Studio_Setup_Screw_113.ubulk" 1497
"C:/Users/bruwu/OneDrive/Documentos/GitHub/MotoresComerciales/MotoresComerciales/Content/ThirdPerson/Models/yonFBX/Studio_Studio_Setup_Screw_113.uasset" 1498
"C:/Users/bruwu/OneDrive/Documentos/GitHub/MotoresComerciales/MotoresComerciales/Content/ThirdPerson/Models/yonFBX/Studio_Studio_Setup_Screw_113.uexp" 1499
"C:/Users/bruwu/OneDrive/Documentos/GitHub/MotoresComerciales/MotoresComerciales/Content/ThirdPerson/Models/yonFBX/Studio_Studio_Setup_Screw_112.ubulk" 1500
"C:/Users/bruwu/OneDrive/Documentos/GitHub/MotoresComerciales/MotoresComerciales/Content/ThirdPerson/Models/yonFBX/Studio_Studio_Setup_Screw_112.uasset" 1501
"C:/Users/bruwu/OneDrive/Documentos/GitHub/MotoresComerciales/MotoresComerciales/Content/ThirdPerson/Models/yonFBX/Studio_Studio_Setup_Screw_112.uexp" 1502
"C:/Users/bruwu/OneDrive/Documentos/GitHub/MotoresComerciales/MotoresComerciales/Content/ThirdPerson/Models/yonFBX/Studio_Studio_Setup_Screw_111.ubulk" 1503
"C:/Users/bruwu/OneDrive/Documentos/GitHub/MotoresComerciales/MotoresComerciales/Content/ThirdPerson/Models/yonFBX/Studio_Studio_Setup_Screw_111.uasset" 1504
"C:/Users/bruwu/OneDrive/Documentos/GitHub/MotoresComerciales/MotoresComerciales/Content/ThirdPerson/Models/yonFBX/Studio_Studio_Setup_Screw_111.uexp" 1505
"C:/Users/bruwu/OneDrive/Documentos/GitHub/MotoresComerciales/MotoresComerciales/Content/ThirdPerson/Models/yonFBX/Studio_Studio_Setup_Screw_110.ubulk" 1506
"C:/Users/bruwu/OneDrive/Documentos/GitHub/MotoresComerciales/MotoresComerciales/Content/ThirdPerson/Models/yonFBX/Studio_Studio_Setup_Screw_110.uasset" 1507
"C:/Users/bruwu/OneDrive/Documentos/GitHub/MotoresComerciales/MotoresComerciales/Content/ThirdPerson/Models/yonFBX/Studio_Studio_Setup_Screw_110.uexp" 1508
"C:/Users/bruwu/OneDrive/Documentos/GitHub/MotoresComerciales/MotoresComerciales/Content/ThirdPerson/Models/yonFBX/Studio_Studio_Setup_Screw_11.ubulk" 1509
"C:/Users/bruwu/OneDrive/Documentos/GitHub/MotoresComerciales/MotoresComerciales/Content/ThirdPerson/Models/yonFBX/Studio_Studio_Setup_Screw_11.uasset" 1510
"C:/Users/bruwu/OneDrive/Documentos/GitHub/MotoresComerciales/MotoresComerciales/Content/ThirdPerson/Models/yonFBX/Studio_Studio_Setup_Screw_11.uexp" 1511
"C:/Users/bruwu/OneDrive/Documentos/GitHub/MotoresComerciales/MotoresComerciales/Content/ThirdPerson/Models/yonFBX/Studio_Studio_Setup_Screw_109.ubulk" 1512
"C:/Users/bruwu/OneDrive/Documentos/GitHub/MotoresComerciales/MotoresComerciales/Content/ThirdPerson/Models/yonFBX/Studio_Studio_Setup_Screw_109.uasset" 1513
"C:/Users/bruwu/OneDrive/Documentos/GitHub/MotoresComerciales/MotoresComerciales/Content/ThirdPerson/Models/yonFBX/Studio_Studio_Setup_Screw_109.uexp" 1514
"C:/Users/bruwu/OneDrive/Documentos/GitHub/MotoresComerciales/MotoresComerciales/Content/ThirdPerson/Models/yonFBX/Studio_Studio_Setup_Screw_108.ubulk" 1515
"C:/Users/bruwu/OneDrive/Documentos/GitHub/MotoresComerciales/MotoresComerciales/Content/ThirdPerson/Models/yonFBX/Studio_Studio_Setup_Screw_108.uasset" 1516
"C:/Users/bruwu/OneDrive/Documentos/GitHub/MotoresComerciales/MotoresComerciales/Content/ThirdPerson/Models/yonFBX/Studio_Studio_Setup_Screw_108.uexp" 1517
"C:/Users/bruwu/OneDrive/Documentos/GitHub/MotoresComerciales/MotoresComerciales/Content/ThirdPerson/Models/yonFBX/Studio_Studio_Setup_Screw_107.ubulk" 1518
"C:/Users/bruwu/OneDrive/Documentos/GitHub/MotoresComerciales/MotoresComerciales/Content/ThirdPerson/Models/yonFBX/Studio_Studio_Setup_Screw_107.uasset" 1519
"C:/Users/bruwu/OneDrive/Documentos/GitHub/MotoresComerciales/MotoresComerciales/Content/ThirdPerson/Models/yonFBX/Studio_Studio_Setup_Screw_107.uexp" 1520
"C:/Users/bruwu/OneDrive/Documentos/GitHub/MotoresComerciales/MotoresComerciales/Content/ThirdPerson/Models/yonFBX/Studio_Studio_Setup_Screw_106.ubulk" 1521
"C:/Users/bruwu/OneDrive/Documentos/GitHub/MotoresComerciales/MotoresComerciales/Content/ThirdPerson/Models/yonFBX/Studio_Studio_Setup_Screw_106.uasset" 1522
"C:/Users/bruwu/OneDrive/Documentos/GitHub/MotoresComerciales/MotoresComerciales/Content/ThirdPerson/Models/yonFBX/Studio_Studio_Setup_Screw_106.uexp" 1523
"C:/Users/bruwu/OneDrive/Documentos/GitHub/MotoresComerciales/MotoresComerciales/Content/ThirdPerson/Models/yonFBX/Studio_Studio_Setup_Screw_105.ubulk" 1524
"C:/Users/bruwu/OneDrive/Documentos/GitHub/MotoresComerciales/MotoresComerciales/Content/ThirdPerson/Models/yonFBX/Studio_Studio_Setup_Screw_105.uasset" 1525
"C:/Users/bruwu/OneDrive/Documentos/GitHub/MotoresComerciales/MotoresComerciales/Content/ThirdPerson/Models/yonFBX/Studio_Studio_Setup_Screw_105.uexp" 1526
"C:/Users/bruwu/OneDrive/Documentos/GitHub/MotoresComerciales/MotoresComerciales/Content/ThirdPerson/Models/yonFBX/Studio_Studio_Setup_Screw_104.ubulk" 1527
"C:/Users/bruwu/OneDrive/Documentos/GitHub/MotoresComerciales/MotoresComerciales/Content/ThirdPerson/Models/yonFBX/Studio_Studio_Setup_Screw_104.uasset" 1528
"C:/Users/bruwu/OneDrive/Documentos/GitHub/MotoresComerciales/MotoresComerciales/Content/ThirdPerson/Models/yonFBX/Studio_Studio_Setup_Screw_104.uexp" 1529
"C:/Users/bruwu/OneDrive/Documentos/GitHub/MotoresComerciales/MotoresComerciales/Content/ThirdPerson/Models/yonFBX/Studio_Studio_Setup_Screw_103.ubulk" 1530
"C:/Users/bruwu/OneDrive/Documentos/GitHub/MotoresComerciales/MotoresComerciales/Content/ThirdPerson/Models/yonFBX/Studio_Studio_Setup_Screw_103.uasset" 1531
"C:/Users/bruwu/OneDrive/Documentos/GitHub/MotoresComerciales/MotoresComerciales/Content/ThirdPerson/Models/yonFBX/Studio_Studio_Setup_Screw_103.uexp" 1532
"C:/Users/bruwu/OneDrive/Documentos/GitHub/MotoresComerciales/MotoresComerciales/Content/ThirdPerson/Models/yonFBX/Studio_Studio_Setup_Screw_102.ubulk" 1533
"C:/Users/bruwu/OneDrive/Documentos/GitHub/MotoresComerciales/MotoresComerciales/Content/ThirdPerson/Models/yonFBX/Studio_Studio_Setup_Screw_102.uasset" 1534
"C:/Users/bruwu/OneDrive/Documentos/GitHub/MotoresComerciales/MotoresComerciales/Content/ThirdPerson/Models/yonFBX/Studio_Studio_Setup_Screw_102.uexp" 1535
"C:/Users/bruwu/OneDrive/Documentos/GitHub/MotoresComerciales/MotoresComerciales/Content/ThirdPerson/Models/yonFBX/Studio_Studio_Setup_Screw_101.ubulk" 1536
"C:/Users/bruwu/OneDrive/Documentos/GitHub/MotoresComerciales/MotoresComerciales/Content/ThirdPerson/Models/yonFBX/Studio_Studio_Setup_Screw_101.uasset" 1537
"C:/Users/bruwu/OneDrive/Documentos/GitHub/MotoresComerciales/MotoresComerciales/Content/ThirdPerson/Models/yonFBX/Studio_Studio_Setup_Screw_101.uexp" 1538
"C:/Users/bruwu/OneDrive/Documentos/GitHub/MotoresComerciales/MotoresComerciales/Content/ThirdPerson/Models/yonFBX/Studio_Studio_Setup_Screw_100.ubulk" 1539
"C:/Users/bruwu/OneDrive/Documentos/GitHub/MotoresComerciales/MotoresComerciales/Content/ThirdPerson/Models/yonFBX/Studio_Studio_Setup_Screw_100.uasset" 1540
"C:/Users/bruwu/OneDrive/Documentos/GitHub/MotoresComerciales/MotoresComerciales/Content/ThirdPerson/Models/yonFBX/Studio_Studio_Setup_Screw_100.uexp" 1541
"C:/Users/bruwu/OneDrive/Documentos/GitHub/MotoresComerciales/MotoresComerciales/Content/ThirdPerson/Models/yonFBX/Studio_Studio_Setup_Screw_10.ubulk" 1542
"C:/Users/bruwu/OneDrive/Documentos/GitHub/MotoresComerciales/MotoresComerciales/Content/ThirdPerson/Models/yonFBX/Studio_Studio_Setup_Screw_10.uasset" 1543
"C:/Users/bruwu/OneDrive/Documentos/GitHub/MotoresComerciales/MotoresComerciales/Content/ThirdPerson/Models/yonFBX/Studio_Studio_Setup_Screw_10.uexp" 1544
"C:/Users/bruwu/OneDrive/Documentos/GitHub/MotoresComerciales/MotoresComerciales/Content/ThirdPerson/Models/yonFBX/Studio_Setup_Mtl_5_001.uasset" 1545
"C:/Users/bruwu/OneDrive/Documentos/GitHub/MotoresComerciales/MotoresComerciales/Content/ThirdPerson/Models/yonFBX/Studio_Setup_Mtl_5_001.uexp" 1546
"C:/Users/bruwu/OneDrive/Documentos/GitHub/MotoresComerciales/MotoresComerciales/Content/ThirdPerson/Models/yonFBX/Studio_Studio_Setup_Rail_2.ubulk" 1547
"C:/Users/bruwu/OneDrive/Documentos/GitHub/MotoresComerciales/MotoresComerciales/Content/ThirdPerson/Models/yonFBX/Studio_Studio_Setup_Rail_2.uasset" 1548
"C:/Users/bruwu/OneDrive/Documentos/GitHub/MotoresComerciales/MotoresComerciales/Content/ThirdPerson/Models/yonFBX/Studio_Studio_Setup_Rail_2.uexp" 1549
"C:/Users/bruwu/OneDrive/Documentos/GitHub/MotoresComerciales/MotoresComerciales/Content/ThirdPerson/Models/yonFBX/Studio_Studio_Setup_Rail_1.ubulk" 1550
"C:/Users/bruwu/OneDrive/Documentos/GitHub/MotoresComerciales/MotoresComerciales/Content/ThirdPerson/Models/yonFBX/Studio_Studio_Setup_Rail_1.uasset" 1551
"C:/Users/bruwu/OneDrive/Documentos/GitHub/MotoresComerciales/MotoresComerciales/Content/ThirdPerson/Models/yonFBX/Studio_Studio_Setup_Rail_1.uexp" 1552
"C:/Users/bruwu/OneDrive/Documentos/GitHub/MotoresComerciales/MotoresComerciales/Content/ThirdPerson/Models/yonFBX/Studio_Studio_Setup_Plug_9.ubulk" 1553
"C:/Users/bruwu/OneDrive/Documentos/GitHub/MotoresComerciales/MotoresComerciales/Content/ThirdPerson/Models/yonFBX/Studio_Studio_Setup_Plug_9.uasset" 1554
"C:/Users/bruwu/OneDrive/Documentos/GitHub/MotoresComerciales/MotoresComerciales/Content/ThirdPerson/Models/yonFBX/Studio_Studio_Setup_Plug_9.uexp" 1555
"C:/Users/bruwu/OneDrive/Documentos/GitHub/MotoresComerciales/MotoresComerciales/Content/ThirdPerson/Models/yonFBX/Studio_Studio_Setup_Plug_8.ubulk" 1556
"C:/Users/bruwu/OneDrive/Documentos/GitHub/MotoresComerciales/MotoresComerciales/Content/ThirdPerson/Models/yonFBX/Studio_Studio_Setup_Plug_8.uasset" 1557
"C:/Users/bruwu/OneDrive/Documentos/GitHub/MotoresComerciales/MotoresComerciales/Content/ThirdPerson/Models/yonFBX/Studio_Studio_Setup_Plug_8.uexp" 1558
"C:/Users/bruwu/OneDrive/Documentos/GitHub/MotoresComerciales/MotoresComerciales/Content/ThirdPerson/Models/yonFBX/Studio_Studio_Setup_Plug_7.ubulk" 1559
"C:/Users/bruwu/OneDrive/Documentos/GitHub/MotoresComerciales/MotoresComerciales/Content/ThirdPerson/Models/yonFBX/Studio_Studio_Setup_Plug_7.uasset" 1560
"C:/Users/bruwu/OneDrive/Documentos/GitHub/MotoresComerciales/MotoresComerciales/Content/ThirdPerson/Models/yonFBX/Studio_Studio_Setup_Plug_7.uexp" 1561
"C:/Users/bruwu/OneDrive/Documentos/GitHub/MotoresComerciales/MotoresComerciales/Content/ThirdPerson/Models/yonFBX/Studio_Studio_Setup_Plug_6.ubulk" 1562
"C:/Users/bruwu/OneDrive/Documentos/GitHub/MotoresComerciales/MotoresComerciales/Content/ThirdPerson/Models/yonFBX/Studio_Studio_Setup_Plug_6.uasset" 1563
"C:/Users/bruwu/OneDrive/Documentos/GitHub/MotoresComerciales/MotoresComerciales/Content/ThirdPerson/Models/yonFBX/Studio_Studio_Setup_Plug_6.uexp" 1564
"C:/Users/bruwu/OneDrive/Documentos/GitHub/MotoresComerciales/MotoresComerciales/Content/ThirdPerson/Models/yonFBX/Studio_Studio_Setup_Plug_5.ubulk" 1565
"C:/Users/bruwu/OneDrive/Documentos/GitHub/MotoresComerciales/MotoresComerciales/Content/ThirdPerson/Models/yonFBX/Studio_Studio_Setup_Plug_5.uasset" 1566
"C:/Users/bruwu/OneDrive/Documentos/GitHub/MotoresComerciales/MotoresComerciales/Content/ThirdPerson/Models/yonFBX/Studio_Studio_Setup_Plug_5.uexp" 1567
"C:/Users/bruwu/OneDrive/Documentos/GitHub/MotoresComerciales/MotoresComerciales/Content/ThirdPerson/Models/yonFBX/Studio_Studio_Setup_Plug_4.ubulk" 1568
"C:/Users/bruwu/OneDrive/Documentos/GitHub/MotoresComerciales/MotoresComerciales/Content/ThirdPerson/Models/yonFBX/Studio_Studio_Setup_Plug_4.uasset" 1569
"C:/Users/bruwu/OneDrive/Documentos/GitHub/MotoresComerciales/MotoresComerciales/Content/ThirdPerson/Models/yonFBX/Studio_Studio_Setup_Plug_4.uexp" 1570
"C:/Users/bruwu/OneDrive/Documentos/GitHub/MotoresComerciales/MotoresComerciales/Content/ThirdPerson/Models/yonFBX/Studio_Studio_Setup_Plug_3.ubulk" 1571
"C:/Users/bruwu/OneDrive/Documentos/GitHub/MotoresComerciales/MotoresComerciales/Content/ThirdPerson/Models/yonFBX/Studio_Studio_Setup_Plug_3.uasset" 1572
"C:/Users/bruwu/OneDrive/Documentos/GitHub/MotoresComerciales/MotoresComerciales/Content/ThirdPerson/Models/yonFBX/Studio_Studio_Setup_Plug_3.uexp" 1573
"C:/Users/bruwu/OneDrive/Documentos/GitHub/MotoresComerciales/MotoresComerciales/Content/ThirdPerson/Models/yonFBX/Studio_Studio_Setup_Plug_2.ubulk" 1574
"C:/Users/bruwu/OneDrive/Documentos/GitHub/MotoresComerciales/MotoresComerciales/Content/ThirdPerson/Models/yonFBX/Studio_Studio_Setup_Plug_2.uasset" 1575
"C:/Users/bruwu/OneDrive/Documentos/GitHub/MotoresComerciales/MotoresComerciales/Content/ThirdPerson/Models/yonFBX/Studio_Studio_Setup_Plug_2.uexp" 1576
"C:/Users/bruwu/OneDrive/Documentos/GitHub/MotoresComerciales/MotoresComerciales/Content/ThirdPerson/Models/yonFBX/Studio_Studio_Setup_Plug_1.ubulk" 1577
"C:/Users/bruwu/OneDrive/Documentos/GitHub/MotoresComerciales/MotoresComerciales/Content/ThirdPerson/Models/yonFBX/Studio_Studio_Setup_Plug_1.uasset" 1578
"C:/Users/bruwu/OneDrive/Documentos/GitHub/MotoresComerciales/MotoresComerciales/Content/ThirdPerson/Models/yonFBX/Studio_Studio_Setup_Plug_1.uexp" 1579
"C:/Users/bruwu/OneDrive/Documentos/GitHub/MotoresComerciales/MotoresComerciales/Content/ThirdPerson/Models/yonFBX/Studio_Studio_Setup_Leg_9.ubulk" 1580
"C:/Users/bruwu/OneDrive/Documentos/GitHub/MotoresComerciales/MotoresComerciales/Content/ThirdPerson/Models/yonFBX/Studio_Studio_Setup_Leg_9.uasset" 1581
"C:/Users/bruwu/OneDrive/Documentos/GitHub/MotoresComerciales/MotoresComerciales/Content/ThirdPerson/Models/yonFBX/Studio_Studio_Setup_Leg_9.uexp" 1582
"C:/Users/bruwu/OneDrive/Documentos/GitHub/MotoresComerciales/MotoresComerciales/Content/ThirdPerson/Models/yonFBX/Studio_Studio_Setup_Leg_8.ubulk" 1583
"C:/Users/bruwu/OneDrive/Documentos/GitHub/MotoresComerciales/MotoresComerciales/Content/ThirdPerson/Models/yonFBX/Studio_Studio_Setup_Leg_8.uasset" 1584
"C:/Users/bruwu/OneDrive/Documentos/GitHub/MotoresComerciales/MotoresComerciales/Content/ThirdPerson/Models/yonFBX/Studio_Studio_Setup_Leg_8.uexp" 1585
"C:/Users/bruwu/OneDrive/Documentos/GitHub/MotoresComerciales/MotoresComerciales/Content/ThirdPerson/Models/yonFBX/Studio_Studio_Setup_Leg_7.ubulk" 1586
"C:/Users/bruwu/OneDrive/Documentos/GitHub/MotoresComerciales/MotoresComerciales/Content/ThirdPerson/Models/yonFBX/Studio_Studio_Setup_Leg_7.uasset" 1587
"C:/Users/bruwu/OneDrive/Documentos/GitHub/MotoresComerciales/MotoresComerciales/Content/ThirdPerson/Models/yonFBX/Studio_Studio_Setup_Leg_7.uexp" 1588
"C:/Users/bruwu/OneDrive/Documentos/GitHub/MotoresComerciales/MotoresComerciales/Content/ThirdPerson/Models/yonFBX/Studio_Studio_Setup_Leg_6.ubulk" 1589
"C:/Users/bruwu/OneDrive/Documentos/GitHub/MotoresComerciales/MotoresComerciales/Content/ThirdPerson/Models/yonFBX/Studio_Studio_Setup_Leg_6.uasset" 1590
"C:/Users/bruwu/OneDrive/Documentos/GitHub/MotoresComerciales/MotoresComerciales/Content/ThirdPerson/Models/yonFBX/Studio_Studio_Setup_Leg_6.uexp" 1591
"C:/Users/bruwu/OneDrive/Documentos/GitHub/MotoresComerciales/MotoresComerciales/Content/ThirdPerson/Models/yonFBX/Studio_Studio_Setup_Leg_5.ubulk" 1592
"C:/Users/bruwu/OneDrive/Documentos/GitHub/MotoresComerciales/MotoresComerciales/Content/ThirdPerson/Models/yonFBX/Studio_Studio_Setup_Leg_5.uasset" 1593
"C:/Users/bruwu/OneDrive/Documentos/GitHub/MotoresComerciales/MotoresComerciales/Content/ThirdPerson/Models/yonFBX/Studio_Studio_Setup_Leg_5.uexp" 1594
"C:/Users/bruwu/OneDrive/Documentos/GitHub/MotoresComerciales/MotoresComerciales/Content/ThirdPerson/Models/yonFBX/Studio_Studio_Setup_Leg_4.ubulk" 1595
"C:/Users/bruwu/OneDrive/Documentos/GitHub/MotoresComerciales/MotoresComerciales/Content/ThirdPerson/Models/yonFBX/Studio_Studio_Setup_Leg_4.uasset" 1596
"C:/Users/bruwu/OneDrive/Documentos/GitHub/MotoresComerciales/MotoresComerciales/Content/ThirdPerson/Models/yonFBX/Studio_Studio_Setup_Leg_4.uexp" 1597
"C:/Users/bruwu/OneDrive/Documentos/GitHub/MotoresComerciales/MotoresComerciales/Content/ThirdPerson/Models/yonFBX/Studio_Studio_Setup_Leg_3.ubulk" 1598
"C:/Users/bruwu/OneDrive/Documentos/GitHub/MotoresComerciales/MotoresComerciales/Content/ThirdPerson/Models/yonFBX/Studio_Studio_Setup_Leg_3.uasset" 1599
"C:/Users/bruwu/OneDrive/Documentos/GitHub/MotoresComerciales/MotoresComerciales/Content/ThirdPerson/Models/yonFBX/Studio_Studio_Setup_Leg_3.uexp" 1600
"C:/Users/bruwu/OneDrive/Documentos/GitHub/MotoresComerciales/MotoresComerciales/Content/ThirdPerson/Models/yonFBX/Studio_Studio_Setup_Leg_2.ubulk" 1601
"C:/Users/bruwu/OneDrive/Documentos/GitHub/MotoresComerciales/MotoresComerciales/Content/ThirdPerson/Models/yonFBX/Studio_Studio_Setup_Leg_2.uasset" 1602
"C:/Users/bruwu/OneDrive/Documentos/GitHub/MotoresComerciales/MotoresComerciales/Content/ThirdPerson/Models/yonFBX/Studio_Studio_Setup_Leg_2.uexp" 1603
"C:/Users/bruwu/OneDrive/Documentos/GitHub/MotoresComerciales/MotoresComerciales/Content/ThirdPerson/Models/yonFBX/Studio_Studio_Setup_Leg_18.ubulk" 1604
"C:/Users/bruwu/OneDrive/Documentos/GitHub/MotoresComerciales/MotoresComerciales/Content/ThirdPerson/Models/yonFBX/Studio_Studio_Setup_Leg_18.uasset" 1605
"C:/Users/bruwu/OneDrive/Documentos/GitHub/MotoresComerciales/MotoresComerciales/Content/ThirdPerson/Models/yonFBX/Studio_Studio_Setup_Leg_18.uexp" 1606
"C:/Users/bruwu/OneDrive/Documentos/GitHub/MotoresComerciales/MotoresComerciales/Content/ThirdPerson/Models/yonFBX/Studio_Studio_Setup_Leg_17.ubulk" 1607
"C:/Users/bruwu/OneDrive/Documentos/GitHub/MotoresComerciales/MotoresComerciales/Content/ThirdPerson/Models/yonFBX/Studio_Studio_Setup_Leg_17.uasset" 1608
"C:/Users/bruwu/OneDrive/Documentos/GitHub/MotoresComerciales/MotoresComerciales/Content/ThirdPerson/Models/yonFBX/Studio_Studio_Setup_Leg_17.uexp" 1609
"C:/Users/bruwu/OneDrive/Documentos/GitHub/MotoresComerciales/MotoresComerciales/Content/ThirdPerson/Models/yonFBX/Studio_Studio_Setup_Leg_16.ubulk" 1610
"C:/Users/bruwu/OneDrive/Documentos/GitHub/MotoresComerciales/MotoresComerciales/Content/ThirdPerson/Models/yonFBX/Studio_Studio_Setup_Leg_16.uasset" 1611
"C:/Users/bruwu/OneDrive/Documentos/GitHub/MotoresComerciales/MotoresComerciales/Content/ThirdPerson/Models/yonFBX/Studio_Studio_Setup_Leg_16.uexp" 1612
"C:/Users/bruwu/OneDrive/Documentos/GitHub/MotoresComerciales/MotoresComerciales/Content/ThirdPerson/Models/yonFBX/Studio_Studio_Setup_Leg_15.ubulk" 1613
"C:/Users/bruwu/OneDrive/Documentos/GitHub/MotoresComerciales/MotoresComerciales/Content/ThirdPerson/Models/yonFBX/Studio_Studio_Setup_Leg_15.uasset" 1614
"C:/Users/bruwu/OneDrive/Documentos/GitHub/MotoresComerciales/MotoresComerciales/Content/ThirdPerson/Models/yonFBX/Studio_Studio_Setup_Leg_15.uexp" 1615
"C:/Users/bruwu/OneDrive/Documentos/GitHub/MotoresComerciales/MotoresComerciales/Content/ThirdPerson/Models/yonFBX/Studio_Studio_Setup_Leg_14.ubulk" 1616
"C:/Users/bruwu/OneDrive/Documentos/GitHub/MotoresComerciales/MotoresComerciales/Content/ThirdPerson/Models/yonFBX/Studio_Studio_Setup_Leg_14.uasset" 1617
"C:/Users/bruwu/OneDrive/Documentos/GitHub/MotoresComerciales/MotoresComerciales/Content/ThirdPerson/Models/yonFBX/Studio_Studio_Setup_Leg_14.uexp" 1618
"C:/Users/bruwu/OneDrive/Documentos/GitHub/MotoresComerciales/MotoresComerciales/Content/ThirdPerson/Models/yonFBX/Studio_Studio_Setup_Leg_13.ubulk" 1619
"C:/Users/bruwu/OneDrive/Documentos/GitHub/MotoresComerciales/MotoresComerciales/Content/ThirdPerson/Models/yonFBX/Studio_Studio_Setup_Leg_13.uasset" 1620
"C:/Users/bruwu/OneDrive/Documentos/GitHub/MotoresComerciales/MotoresComerciales/Content/ThirdPerson/Models/yonFBX/Studio_Studio_Setup_Leg_13.uexp" 1621
"C:/Users/bruwu/OneDrive/Documentos/GitHub/MotoresComerciales/MotoresComerciales/Content/ThirdPerson/Models/yonFBX/Studio_Studio_Setup_Leg_12.ubulk" 1622
"C:/Users/bruwu/OneDrive/Documentos/GitHub/MotoresComerciales/MotoresComerciales/Content/ThirdPerson/Models/yonFBX/Studio_Studio_Setup_Leg_12.uasset" 1623
"C:/Users/bruwu/OneDrive/Documentos/GitHub/MotoresComerciales/MotoresComerciales/Content/ThirdPerson/Models/yonFBX/Studio_Studio_Setup_Leg_12.uexp" 1624
"C:/Users/bruwu/OneDrive/Documentos/GitHub/MotoresComerciales/MotoresComerciales/Content/ThirdPerson/Models/yonFBX/Studio_Studio_Setup_Leg_11.ubulk" 1625
"C:/Users/bruwu/OneDrive/Documentos/GitHub/MotoresComerciales/MotoresComerciales/Content/ThirdPerson/Models/yonFBX/Studio_Studio_Setup_Leg_11.uasset" 1626
"C:/Users/bruwu/OneDrive/Documentos/GitHub/MotoresComerciales/MotoresComerciales/Content/ThirdPerson/Models/yonFBX/Studio_Studio_Setup_Leg_11.uexp" 1627
"C:/Users/bruwu/OneDrive/Documentos/GitHub/MotoresComerciales/MotoresComerciales/Content/ThirdPerson/Models/yonFBX/Studio_Studio_Setup_Leg_10.ubulk" 1628
"C:/Users/bruwu/OneDrive/Documentos/GitHub/MotoresComerciales/MotoresComerciales/Content/ThirdPerson/Models/yonFBX/Studio_Studio_Setup_Leg_10.uasset" 1629
"C:/Users/bruwu/OneDrive/Documentos/GitHub/MotoresComerciales/MotoresComerciales/Content/ThirdPerson/Models/yonFBX/Studio_Studio_Setup_Leg_10.uexp" 1630
"C:/Users/bruwu/OneDrive/Documentos/GitHub/MotoresComerciales/MotoresComerciales/Content/ThirdPerson/Models/yonFBX/Studio_Studio_Setup_Leg_1.ubulk" 1631
"C:/Users/bruwu/OneDrive/Documentos/GitHub/MotoresComerciales/MotoresComerciales/Content/ThirdPerson/Models/yonFBX/Studio_Studio_Setup_Leg_1.uasset" 1632
"C:/Users/bruwu/OneDrive/Documentos/GitHub/MotoresComerciales/MotoresComerciales/Content/ThirdPerson/Models/yonFBX/Studio_Studio_Setup_Leg_1.uexp" 1633
"C:/Users/bruwu/OneDrive/Documentos/GitHub/MotoresComerciales/MotoresComerciales/Content/ThirdPerson/Models/yonFBX/Studio_Studio_Setup_Knob_9.ubulk" 1634
"C:/Users/bruwu/OneDrive/Documentos/GitHub/MotoresComerciales/MotoresComerciales/Content/ThirdPerson/Models/yonFBX/Studio_Studio_Setup_Knob_9.uasset" 1635
"C:/Users/bruwu/OneDrive/Documentos/GitHub/MotoresComerciales/MotoresComerciales/Content/ThirdPerson/Models/yonFBX/Studio_Studio_Setup_Knob_9.uexp" 1636
"C:/Users/bruwu/OneDrive/Documentos/GitHub/MotoresComerciales/MotoresComerciales/Content/ThirdPerson/Models/yonFBX/Studio_Studio_Setup_Knob_8.ubulk" 1637
"C:/Users/bruwu/OneDrive/Documentos/GitHub/MotoresComerciales/MotoresComerciales/Content/ThirdPerson/Models/yonFBX/Studio_Studio_Setup_Knob_8.uasset" 1638
"C:/Users/bruwu/OneDrive/Documentos/GitHub/MotoresComerciales/MotoresComerciales/Content/ThirdPerson/Models/yonFBX/Studio_Studio_Setup_Knob_8.uexp" 1639
"C:/Users/bruwu/OneDrive/Documentos/GitHub/MotoresComerciales/MotoresComerciales/Content/ThirdPerson/Models/yonFBX/Studio_Studio_Setup_Knob_7.ubulk" 1640
"C:/Users/bruwu/OneDrive/Documentos/GitHub/MotoresComerciales/MotoresComerciales/Content/ThirdPerson/Models/yonFBX/Studio_Studio_Setup_Knob_7.uasset" 1641
"C:/Users/bruwu/OneDrive/Documentos/GitHub/MotoresComerciales/MotoresComerciales/Content/ThirdPerson/Models/yonFBX/Studio_Studio_Setup_Knob_7.uexp" 1642
"C:/Users/bruwu/OneDrive/Documentos/GitHub/MotoresComerciales/MotoresComerciales/Content/ThirdPerson/Models/yonFBX/Studio_Studio_Setup_Knob_6.ubulk" 1643
"C:/Users/bruwu/OneDrive/Documentos/GitHub/MotoresComerciales/MotoresComerciales/Content/ThirdPerson/Models/yonFBX/Studio_Studio_Setup_Knob_6.uasset" 1644
"C:/Users/bruwu/OneDrive/Documentos/GitHub/MotoresComerciales/MotoresComerciales/Content/ThirdPerson/Models/yonFBX/Studio_Studio_Setup_Knob_6.uexp" 1645
"C:/Users/bruwu/OneDrive/Documentos/GitHub/MotoresComerciales/MotoresComerciales/Content/ThirdPerson/Models/yonFBX/Studio_Studio_Setup_Knob_50.ubulk" 1646
"C:/Users/bruwu/OneDrive/Documentos/GitHub/MotoresComerciales/MotoresComerciales/Content/ThirdPerson/Models/yonFBX/Studio_Studio_Setup_Knob_50.uasset" 1647
"C:/Users/bruwu/OneDrive/Documentos/GitHub/MotoresComerciales/MotoresComerciales/Content/ThirdPerson/Models/yonFBX/Studio_Studio_Setup_Knob_50.uexp" 1648
"C:/Users/bruwu/OneDrive/Documentos/GitHub/MotoresComerciales/MotoresComerciales/Content/ThirdPerson/Models/yonFBX/Studio_Studio_Setup_Knob_5.ubulk" 1649
"C:/Users/bruwu/OneDrive/Documentos/GitHub/MotoresComerciales/MotoresComerciales/Content/ThirdPerson/Models/yonFBX/Studio_Studio_Setup_Knob_5.uasset" 1650
"C:/Users/bruwu/OneDrive/Documentos/GitHub/MotoresComerciales/MotoresComerciales/Content/ThirdPerson/Models/yonFBX/Studio_Studio_Setup_Knob_5.uexp" 1651
"C:/Users/bruwu/OneDrive/Documentos/GitHub/MotoresComerciales/MotoresComerciales/Content/ThirdPerson/Models/yonFBX/Studio_Studio_Setup_Knob_49.ubulk" 1652
"C:/Users/bruwu/OneDrive/Documentos/GitHub/MotoresComerciales/MotoresComerciales/Content/ThirdPerson/Models/yonFBX/Studio_Studio_Setup_Knob_49.uasset" 1653
"C:/Users/bruwu/OneDrive/Documentos/GitHub/MotoresComerciales/MotoresComerciales/Content/ThirdPerson/Models/yonFBX/Studio_Studio_Setup_Knob_49.uexp" 1654
"C:/Users/bruwu/OneDrive/Documentos/GitHub/MotoresComerciales/MotoresComerciales/Content/ThirdPerson/Models/yonFBX/Studio_Studio_Setup_Knob_48.ubulk" 1655
"C:/Users/bruwu/OneDrive/Documentos/GitHub/MotoresComerciales/MotoresComerciales/Content/ThirdPerson/Models/yonFBX/Studio_Studio_Setup_Knob_48.uasset" 1656
"C:/Users/bruwu/OneDrive/Documentos/GitHub/MotoresComerciales/MotoresComerciales/Content/ThirdPerson/Models/yonFBX/Studio_Studio_Setup_Knob_48.uexp" 1657
"C:/Users/bruwu/OneDrive/Documentos/GitHub/MotoresComerciales/MotoresComerciales/Content/ThirdPerson/Models/yonFBX/Studio_Studio_Setup_Knob_47.ubulk" 1658
"C:/Users/bruwu/OneDrive/Documentos/GitHub/MotoresComerciales/MotoresComerciales/Content/ThirdPerson/Models/yonFBX/Studio_Studio_Setup_Knob_47.uasset" 1659
"C:/Users/bruwu/OneDrive/Documentos/GitHub/MotoresComerciales/MotoresComerciales/Content/ThirdPerson/Models/yonFBX/Studio_Studio_Setup_Knob_47.uexp" 1660
"C:/Users/bruwu/OneDrive/Documentos/GitHub/MotoresComerciales/MotoresComerciales/Content/ThirdPerson/Models/yonFBX/Studio_Studio_Setup_Knob_46.ubulk" 1661
"C:/Users/bruwu/OneDrive/Documentos/GitHub/MotoresComerciales/MotoresComerciales/Content/ThirdPerson/Models/yonFBX/Studio_Studio_Setup_Knob_46.uasset" 1662
"C:/Users/bruwu/OneDrive/Documentos/GitHub/MotoresComerciales/MotoresComerciales/Content/ThirdPerson/Models/yonFBX/Studio_Studio_Setup_Knob_46.uexp" 1663
"C:/Users/bruwu/OneDrive/Documentos/GitHub/MotoresComerciales/MotoresComerciales/Content/ThirdPerson/Models/yonFBX/Studio_Studio_Setup_Knob_45.ubulk" 1664
"C:/Users/bruwu/OneDrive/Documentos/GitHub/MotoresComerciales/MotoresComerciales/Content/ThirdPerson/Models/yonFBX/Studio_Studio_Setup_Knob_45.uasset" 1665
"C:/Users/bruwu/OneDrive/Documentos/GitHub/MotoresComerciales/MotoresComerciales/Content/ThirdPerson/Models/yonFBX/Studio_Studio_Setup_Knob_45.uexp" 1666
"C:/Users/bruwu/OneDrive/Documentos/GitHub/MotoresComerciales/MotoresComerciales/Content/ThirdPerson/Models/yonFBX/Studio_Studio_Setup_Knob_44.ubulk" 1667
"C:/Users/bruwu/OneDrive/Documentos/GitHub/MotoresComerciales/MotoresComerciales/Content/ThirdPerson/Models/yonFBX/Studio_Studio_Setup_Knob_44.uasset" 1668
"C:/Users/bruwu/OneDrive/Documentos/GitHub/MotoresComerciales/MotoresComerciales/Content/ThirdPerson/Models/yonFBX/Studio_Studio_Setup_Knob_44.uexp" 1669
"C:/Users/bruwu/OneDrive/Documentos/GitHub/MotoresComerciales/MotoresComerciales/Content/ThirdPerson/Models/yonFBX/Studio_Studio_Setup_Knob_43.ubulk" 1670
"C:/Users/bruwu/OneDrive/Documentos/GitHub/MotoresComerciales/MotoresComerciales/Content/ThirdPerson/Models/yonFBX/Studio_Studio_Setup_Knob_43.uasset" 1671
"C:/Users/bruwu/OneDrive/Documentos/GitHub/MotoresComerciales/MotoresComerciales/Content/ThirdPerson/Models/yonFBX/Studio_Studio_Setup_Knob_43.uexp" 1672
"C:/Users/bruwu/OneDrive/Documentos/GitHub/MotoresComerciales/MotoresComerciales/Content/ThirdPerson/Models/yonFBX/Studio_Studio_Setup_Knob_42.ubulk" 1673
"C:/Users/bruwu/OneDrive/Documentos/GitHub/MotoresComerciales/MotoresComerciales/Content/ThirdPerson/Models/yonFBX/Studio_Studio_Setup_Knob_42.uasset" 1674
"C:/Users/bruwu/OneDrive/Documentos/GitHub/MotoresComerciales/MotoresComerciales/Content/ThirdPerson/Models/yonFBX/Studio_Studio_Setup_Knob_42.uexp" 1675
"C:/Users/bruwu/OneDrive/Documentos/GitHub/MotoresComerciales/MotoresComerciales/Content/ThirdPerson/Models/yonFBX/Studio_Studio_Setup_Knob_41.ubulk" 1676
"C:/Users/bruwu/OneDrive/Documentos/GitHub/MotoresComerciales/MotoresComerciales/Content/ThirdPerson/Models/yonFBX/Studio_Studio_Setup_Knob_41.uasset" 1677
"C:/Users/bruwu/OneDrive/Documentos/GitHub/MotoresComerciales/MotoresComerciales/Content/ThirdPerson/Models/yonFBX/Studio_Studio_Setup_Knob_41.uexp" 1678
"C:/Users/bruwu/OneDrive/Documentos/GitHub/MotoresComerciales/MotoresComerciales/Content/ThirdPerson/Models/yonFBX/Studio_Studio_Setup_Knob_40.ubulk" 1679
"C:/Users/bruwu/OneDrive/Documentos/GitHub/MotoresComerciales/MotoresComerciales/Content/ThirdPerson/Models/yonFBX/Studio_Studio_Setup_Knob_40.uasset" 1680
"C:/Users/bruwu/OneDrive/Documentos/GitHub/MotoresComerciales/MotoresComerciales/Content/ThirdPerson/Models/yonFBX/Studio_Studio_Setup_Knob_40.uexp" 1681
"C:/Users/bruwu/OneDrive/Documentos/GitHub/MotoresComerciales/MotoresComerciales/Content/ThirdPerson/Models/yonFBX/Studio_Studio_Setup_Knob_4.ubulk" 1682
"C:/Users/bruwu/OneDrive/Documentos/GitHub/MotoresComerciales/MotoresComerciales/Content/ThirdPerson/Models/yonFBX/Studio_Studio_Setup_Knob_4.uasset" 1683
"C:/Users/bruwu/OneDrive/Documentos/GitHub/MotoresComerciales/MotoresComerciales/Content/ThirdPerson/Models/yonFBX/Studio_Studio_Setup_Knob_4.uexp" 1684
"C:/Users/bruwu/OneDrive/Documentos/GitHub/MotoresComerciales/MotoresComerciales/Content/ThirdPerson/Models/yonFBX/Studio_Studio_Setup_Knob_39.ubulk" 1685
"C:/Users/bruwu/OneDrive/Documentos/GitHub/MotoresComerciales/MotoresComerciales/Content/ThirdPerson/Models/yonFBX/Studio_Studio_Setup_Knob_39.uasset" 1686
"C:/Users/bruwu/OneDrive/Documentos/GitHub/MotoresComerciales/MotoresComerciales/Content/ThirdPerson/Models/yonFBX/Studio_Studio_Setup_Knob_39.uexp" 1687
"C:/Users/bruwu/OneDrive/Documentos/GitHub/MotoresComerciales/MotoresComerciales/Content/ThirdPerson/Models/yonFBX/Studio_Studio_Setup_Knob_38.ubulk" 1688
"C:/Users/bruwu/OneDrive/Documentos/GitHub/MotoresComerciales/MotoresComerciales/Content/ThirdPerson/Models/yonFBX/Studio_Studio_Setup_Knob_38.uasset" 1689
"C:/Users/bruwu/OneDrive/Documentos/GitHub/MotoresComerciales/MotoresComerciales/Content/ThirdPerson/Models/yonFBX/Studio_Studio_Setup_Knob_38.uexp" 1690
"C:/Users/bruwu/OneDrive/Documentos/GitHub/MotoresComerciales/MotoresComerciales/Content/ThirdPerson/Models/yonFBX/Studio_Studio_Setup_Knob_37.ubulk" 1691
"C:/Users/bruwu/OneDrive/Documentos/GitHub/MotoresComerciales/MotoresComerciales/Content/ThirdPerson/Models/yonFBX/Studio_Studio_Setup_Knob_37.uasset" 1692
"C:/Users/bruwu/OneDrive/Documentos/GitHub/MotoresComerciales/MotoresComerciales/Content/ThirdPerson/Models/yonFBX/Studio_Studio_Setup_Knob_37.uexp" 1693
"C:/Users/bruwu/OneDrive/Documentos/GitHub/MotoresComerciales/MotoresComerciales/Content/ThirdPerson/Models/yonFBX/Studio_Studio_Setup_Knob_36.ubulk" 1694
"C:/Users/bruwu/OneDrive/Documentos/GitHub/MotoresComerciales/MotoresComerciales/Content/ThirdPerson/Models/yonFBX/Studio_Studio_Setup_Knob_36.uasset" 1695
"C:/Users/bruwu/OneDrive/Documentos/GitHub/MotoresComerciales/MotoresComerciales/Content/ThirdPerson/Models/yonFBX/Studio_Studio_Setup_Knob_36.uexp" 1696
"C:/Users/bruwu/OneDrive/Documentos/GitHub/MotoresComerciales/MotoresComerciales/Content/ThirdPerson/Models/yonFBX/Studio_Studio_Setup_Knob_35.ubulk" 1697
"C:/Users/bruwu/OneDrive/Documentos/GitHub/MotoresComerciales/MotoresComerciales/Content/ThirdPerson/Models/yonFBX/Studio_Studio_Setup_Knob_35.uasset" 1698
"C:/Users/bruwu/OneDrive/Documentos/GitHub/MotoresComerciales/MotoresComerciales/Content/ThirdPerson/Models/yonFBX/Studio_Studio_Setup_Knob_35.uexp" 1699
"C:/Users/bruwu/OneDrive/Documentos/GitHub/MotoresComerciales/MotoresComerciales/Content/ThirdPerson/Models/yonFBX/Studio_Studio_Setup_Knob_34.ubulk" 1700
"C:/Users/bruwu/OneDrive/Documentos/GitHub/MotoresComerciales/MotoresComerciales/Content/ThirdPerson/Models/yonFBX/Studio_Studio_Setup_Knob_34.uasset" 1701
"C:/Users/bruwu/OneDrive/Documentos/GitHub/MotoresComerciales/MotoresComerciales/Content/ThirdPerson/Models/yonFBX/Studio_Studio_Setup_Knob_34.uexp" 1702
"C:/Users/bruwu/OneDrive/Documentos/GitHub/MotoresComerciales/MotoresComerciales/Content/ThirdPerson/Models/yonFBX/Studio_Studio_Setup_Knob_33.ubulk" 1703
"C:/Users/bruwu/OneDrive/Documentos/GitHub/MotoresComerciales/MotoresComerciales/Content/ThirdPerson/Models/yonFBX/Studio_Studio_Setup_Knob_33.uasset" 1704
"C:/Users/bruwu/OneDrive/Documentos/GitHub/MotoresComerciales/MotoresComerciales/Content/ThirdPerson/Models/yonFBX/Studio_Studio_Setup_Knob_33.uexp" 1705
"C:/Users/bruwu/OneDrive/Documentos/GitHub/MotoresComerciales/MotoresComerciales/Content/ThirdPerson/Models/yonFBX/Studio_Studio_Setup_Knob_32.ubulk" 1706
"C:/Users/bruwu/OneDrive/Documentos/GitHub/MotoresComerciales/MotoresComerciales/Content/ThirdPerson/Models/yonFBX/Studio_Studio_Setup_Knob_32.uasset" 1707
"C:/Users/bruwu/OneDrive/Documentos/GitHub/MotoresComerciales/MotoresComerciales/Content/ThirdPerson/Models/yonFBX/Studio_Studio_Setup_Knob_32.uexp" 1708
"C:/Users/bruwu/OneDrive/Documentos/GitHub/MotoresComerciales/MotoresComerciales/Content/ThirdPerson/Models/yonFBX/Studio_Studio_Setup_Knob_31.ubulk" 1709
"C:/Users/bruwu/OneDrive/Documentos/GitHub/MotoresComerciales/MotoresComerciales/Content/ThirdPerson/Models/yonFBX/Studio_Studio_Setup_Knob_31.uasset" 1710
"C:/Users/bruwu/OneDrive/Documentos/GitHub/MotoresComerciales/MotoresComerciales/Content/ThirdPerson/Models/yonFBX/Studio_Studio_Setup_Knob_31.uexp" 1711
"C:/Users/bruwu/OneDrive/Documentos/GitHub/MotoresComerciales/MotoresComerciales/Content/ThirdPerson/Models/yonFBX/Studio_Studio_Setup_Knob_30.ubulk" 1712
"C:/Users/bruwu/OneDrive/Documentos/GitHub/MotoresComerciales/MotoresComerciales/Content/ThirdPerson/Models/yonFBX/Studio_Studio_Setup_Knob_30.uasset" 1713
"C:/Users/bruwu/OneDrive/Documentos/GitHub/MotoresComerciales/MotoresComerciales/Content/ThirdPerson/Models/yonFBX/Studio_Studio_Setup_Knob_30.uexp" 1714
"C:/Users/bruwu/OneDrive/Documentos/GitHub/MotoresComerciales/MotoresComerciales/Content/ThirdPerson/Models/yonFBX/Studio_Studio_Setup_Knob_3.ubulk" 1715
"C:/Users/bruwu/OneDrive/Documentos/GitHub/MotoresComerciales/MotoresComerciales/Content/ThirdPerson/Models/yonFBX/Studio_Studio_Setup_Knob_3.uasset" 1716
"C:/Users/bruwu/OneDrive/Documentos/GitHub/MotoresComerciales/MotoresComerciales/Content/ThirdPerson/Models/yonFBX/Studio_Studio_Setup_Knob_3.uexp" 1717
"C:/Users/bruwu/OneDrive/Documentos/GitHub/MotoresComerciales/MotoresComerciales/Content/ThirdPerson/Models/yonFBX/Studio_Studio_Setup_Knob_29.ubulk" 1718
"C:/Users/bruwu/OneDrive/Documentos/GitHub/MotoresComerciales/MotoresComerciales/Content/ThirdPerson/Models/yonFBX/Studio_Studio_Setup_Knob_29.uasset" 1719
"C:/Users/bruwu/OneDrive/Documentos/GitHub/MotoresComerciales/MotoresComerciales/Content/ThirdPerson/Models/yonFBX/Studio_Studio_Setup_Knob_29.uexp" 1720
"C:/Users/bruwu/OneDrive/Documentos/GitHub/MotoresComerciales/MotoresComerciales/Content/ThirdPerson/Models/yonFBX/Studio_Studio_Setup_Knob_28.ubulk" 1721
"C:/Users/bruwu/OneDrive/Documentos/GitHub/MotoresComerciales/MotoresComerciales/Content/ThirdPerson/Models/yonFBX/Studio_Studio_Setup_Knob_28.uasset" 1722
"C:/Users/bruwu/OneDrive/Documentos/GitHub/MotoresComerciales/MotoresComerciales/Content/ThirdPerson/Models/yonFBX/Studio_Studio_Setup_Knob_28.uexp" 1723
"C:/Users/bruwu/OneDrive/Documentos/GitHub/MotoresComerciales/MotoresComerciales/Content/ThirdPerson/Models/yonFBX/Studio_Studio_Setup_Knob_27.ubulk" 1724
"C:/Users/bruwu/OneDrive/Documentos/GitHub/MotoresComerciales/MotoresComerciales/Content/ThirdPerson/Models/yonFBX/Studio_Studio_Setup_Knob_27.uasset" 1725
"C:/Users/bruwu/OneDrive/Documentos/GitHub/MotoresComerciales/MotoresComerciales/Content/ThirdPerson/Models/yonFBX/Studio_Studio_Setup_Knob_27.uexp" 1726
"C:/Users/bruwu/OneDrive/Documentos/GitHub/MotoresComerciales/MotoresComerciales/Content/ThirdPerson/Models/yonFBX/Studio_Studio_Setup_Knob_26.ubulk" 1727
"C:/Users/bruwu/OneDrive/Documentos/GitHub/MotoresComerciales/MotoresComerciales/Content/ThirdPerson/Models/yonFBX/Studio_Studio_Setup_Knob_26.uasset" 1728
"C:/Users/bruwu/OneDrive/Documentos/GitHub/MotoresComerciales/MotoresComerciales/Content/ThirdPerson/Models/yonFBX/Studio_Studio_Setup_Knob_26.uexp" 1729
"C:/Users/bruwu/OneDrive/Documentos/GitHub/MotoresComerciales/MotoresComerciales/Content/ThirdPerson/Models/yonFBX/Studio_Studio_Setup_Knob_25.ubulk" 1730
"C:/Users/bruwu/OneDrive/Documentos/GitHub/MotoresComerciales/MotoresComerciales/Content/ThirdPerson/Models/yonFBX/Studio_Studio_Setup_Knob_25.uasset" 1731
"C:/Users/bruwu/OneDrive/Documentos/GitHub/MotoresComerciales/MotoresComerciales/Content/ThirdPerson/Models/yonFBX/Studio_Studio_Setup_Knob_25.uexp" 1732
"C:/Users/bruwu/OneDrive/Documentos/GitHub/MotoresComerciales/MotoresComerciales/Content/ThirdPerson/Models/yonFBX/Studio_Studio_Setup_Knob_24.ubulk" 1733
"C:/Users/bruwu/OneDrive/Documentos/GitHub/MotoresComerciales/MotoresComerciales/Content/ThirdPerson/Models/yonFBX/Studio_Studio_Setup_Knob_24.uasset" 1734
"C:/Users/bruwu/OneDrive/Documentos/GitHub/MotoresComerciales/MotoresComerciales/Content/ThirdPerson/Models/yonFBX/Studio_Studio_Setup_Knob_24.uexp" 1735
"C:/Users/bruwu/OneDrive/Documentos/GitHub/MotoresComerciales/MotoresComerciales/Content/ThirdPerson/Models/yonFBX/Studio_Studio_Setup_Knob_23.ubulk" 1736
"C:/Users/bruwu/OneDrive/Documentos/GitHub/MotoresComerciales/MotoresComerciales/Content/ThirdPerson/Models/yonFBX/Studio_Studio_Setup_Knob_23.uasset" 1737
"C:/Users/bruwu/OneDrive/Documentos/GitHub/MotoresComerciales/MotoresComerciales/Content/ThirdPerson/Models/yonFBX/Studio_Studio_Setup_Knob_23.uexp" 1738
"C:/Users/bruwu/OneDrive/Documentos/GitHub/MotoresComerciales/MotoresComerciales/Content/ThirdPerson/Models/yonFBX/Studio_Studio_Setup_Knob_22.ubulk" 1739
"C:/Users/bruwu/OneDrive/Documentos/GitHub/MotoresComerciales/MotoresComerciales/Content/ThirdPerson/Models/yonFBX/Studio_Studio_Setup_Knob_22.uasset" 1740
"C:/Users/bruwu/OneDrive/Documentos/GitHub/MotoresComerciales/MotoresComerciales/Content/ThirdPerson/Models/yonFBX/Studio_Studio_Setup_Knob_22.uexp" 1741
"C:/Users/bruwu/OneDrive/Documentos/GitHub/MotoresComerciales/MotoresComerciales/Content/ThirdPerson/Models/yonFBX/Studio_Studio_Setup_Knob_21.ubulk" 1742
"C:/Users/bruwu/OneDrive/Documentos/GitHub/MotoresComerciales/MotoresComerciales/Content/ThirdPerson/Models/yonFBX/Studio_Studio_Setup_Knob_21.uasset" 1743
"C:/Users/bruwu/OneDrive/Documentos/GitHub/MotoresComerciales/MotoresComerciales/Content/ThirdPerson/Models/yonFBX/Studio_Studio_Setup_Knob_21.uexp" 1744
"C:/Users/bruwu/OneDrive/Documentos/GitHub/MotoresComerciales/MotoresComerciales/Content/ThirdPerson/Models/yonFBX/Studio_Studio_Setup_Knob_20.ubulk" 1745
"C:/Users/bruwu/OneDrive/Documentos/GitHub/MotoresComerciales/MotoresComerciales/Content/ThirdPerson/Models/yonFBX/Studio_Studio_Setup_Knob_20.uasset" 1746
"C:/Users/bruwu/OneDrive/Documentos/GitHub/MotoresComerciales/MotoresComerciales/Content/ThirdPerson/Models/yonFBX/Studio_Studio_Setup_Knob_20.uexp" 1747
"C:/Users/bruwu/OneDrive/Documentos/GitHub/MotoresComerciales/MotoresComerciales/Content/ThirdPerson/Models/yonFBX/Studio_Studio_Setup_Knob_2.ubulk" 1748
"C:/Users/bruwu/OneDrive/Documentos/GitHub/MotoresComerciales/MotoresComerciales/Content/ThirdPerson/Models/yonFBX/Studio_Studio_Setup_Knob_2.uasset" 1749
"C:/Users/bruwu/OneDrive/Documentos/GitHub/MotoresComerciales/MotoresComerciales/Content/ThirdPerson/Models/yonFBX/Studio_Studio_Setup_Knob_2.uexp" 1750
"C:/Users/bruwu/OneDrive/Documentos/GitHub/MotoresComerciales/MotoresComerciales/Content/ThirdPerson/Models/yonFBX/Studio_Studio_Setup_Knob_19.ubulk" 1751
"C:/Users/bruwu/OneDrive/Documentos/GitHub/MotoresComerciales/MotoresComerciales/Content/ThirdPerson/Models/yonFBX/Studio_Studio_Setup_Knob_19.uasset" 1752
"C:/Users/bruwu/OneDrive/Documentos/GitHub/MotoresComerciales/MotoresComerciales/Content/ThirdPerson/Models/yonFBX/Studio_Studio_Setup_Knob_19.uexp" 1753
"C:/Users/bruwu/OneDrive/Documentos/GitHub/MotoresComerciales/MotoresComerciales/Content/ThirdPerson/Models/yonFBX/Studio_Studio_Setup_Knob_18.ubulk" 1754
"C:/Users/bruwu/OneDrive/Documentos/GitHub/MotoresComerciales/MotoresComerciales/Content/ThirdPerson/Models/yonFBX/Studio_Studio_Setup_Knob_18.uasset" 1755
"C:/Users/bruwu/OneDrive/Documentos/GitHub/MotoresComerciales/MotoresComerciales/Content/ThirdPerson/Models/yonFBX/Studio_Studio_Setup_Knob_18.uexp" 1756
"C:/Users/bruwu/OneDrive/Documentos/GitHub/MotoresComerciales/MotoresComerciales/Content/ThirdPerson/Models/yonFBX/Studio_Studio_Setup_Knob_17.ubulk" 1757
"C:/Users/bruwu/OneDrive/Documentos/GitHub/MotoresComerciales/MotoresComerciales/Content/ThirdPerson/Models/yonFBX/Studio_Studio_Setup_Knob_17.uasset" 1758
"C:/Users/bruwu/OneDrive/Documentos/GitHub/MotoresComerciales/MotoresComerciales/Content/ThirdPerson/Models/yonFBX/Studio_Studio_Setup_Knob_17.uexp" 1759
"C:/Users/bruwu/OneDrive/Documentos/GitHub/MotoresComerciales/MotoresComerciales/Content/ThirdPerson/Models/yonFBX/Studio_Studio_Setup_Knob_16.ubulk" 1760
"C:/Users/bruwu/OneDrive/Documentos/GitHub/MotoresComerciales/MotoresComerciales/Content/ThirdPerson/Models/yonFBX/Studio_Studio_Setup_Knob_16.uasset" 1761
"C:/Users/bruwu/OneDrive/Documentos/GitHub/MotoresComerciales/MotoresComerciales/Content/ThirdPerson/Models/yonFBX/Studio_Studio_Setup_Knob_16.uexp" 1762
"C:/Users/bruwu/OneDrive/Documentos/GitHub/MotoresComerciales/MotoresComerciales/Content/ThirdPerson/Models/yonFBX/Studio_Studio_Setup_Knob_15.ubulk" 1763
"C:/Users/bruwu/OneDrive/Documentos/GitHub/MotoresComerciales/MotoresComerciales/Content/ThirdPerson/Models/yonFBX/Studio_Studio_Setup_Knob_15.uasset" 1764
"C:/Users/bruwu/OneDrive/Documentos/GitHub/MotoresComerciales/MotoresComerciales/Content/ThirdPerson/Models/yonFBX/Studio_Studio_Setup_Knob_15.uexp" 1765
"C:/Users/bruwu/OneDrive/Documentos/GitHub/MotoresComerciales/MotoresComerciales/Content/ThirdPerson/Models/yonFBX/Studio_Studio_Setup_Knob_14.ubulk" 1766
"C:/Users/bruwu/OneDrive/Documentos/GitHub/MotoresComerciales/MotoresComerciales/Content/ThirdPerson/Models/yonFBX/Studio_Studio_Setup_Knob_14.uasset" 1767
"C:/Users/bruwu/OneDrive/Documentos/GitHub/MotoresComerciales/MotoresComerciales/Content/ThirdPerson/Models/yonFBX/Studio_Studio_Setup_Knob_14.uexp" 1768
"C:/Users/bruwu/OneDrive/Documentos/GitHub/MotoresComerciales/MotoresComerciales/Content/ThirdPerson/Models/yonFBX/Studio_Studio_Setup_Knob_13.ubulk" 1769
"C:/Users/bruwu/OneDrive/Documentos/GitHub/MotoresComerciales/MotoresComerciales/Content/ThirdPerson/Models/yonFBX/Studio_Studio_Setup_Knob_13.uasset" 1770
"C:/Users/bruwu/OneDrive/Documentos/GitHub/MotoresComerciales/MotoresComerciales/Content/ThirdPerson/Models/yonFBX/Studio_Studio_Setup_Knob_13.uexp" 1771
"C:/Users/bruwu/OneDrive/Documentos/GitHub/MotoresComerciales/MotoresComerciales/Content/ThirdPerson/Models/yonFBX/Studio_Studio_Setup_Knob_12.ubulk" 1772
"C:/Users/bruwu/OneDrive/Documentos/GitHub/MotoresComerciales/MotoresComerciales/Content/ThirdPerson/Models/yonFBX/Studio_Studio_Setup_Knob_12.uasset" 1773
"C:/Users/bruwu/OneDrive/Documentos/GitHub/MotoresComerciales/MotoresComerciales/Content/ThirdPerson/Models/yonFBX/Studio_Studio_Setup_Knob_12.uexp" 1774
"C:/Users/bruwu/OneDrive/Documentos/GitHub/MotoresComerciales/MotoresComerciales/Content/ThirdPerson/Models/yonFBX/Studio_Studio_Setup_Knob_11.ubulk" 1775
"C:/Users/bruwu/OneDrive/Documentos/GitHub/MotoresComerciales/MotoresComerciales/Content/ThirdPerson/Models/yonFBX/Studio_Studio_Setup_Knob_11.uasset" 1776
"C:/Users/bruwu/OneDrive/Documentos/GitHub/MotoresComerciales/MotoresComerciales/Content/ThirdPerson/Models/yonFBX/Studio_Studio_Setup_Knob_11.uexp" 1777
"C:/Users/bruwu/OneDrive/Documentos/GitHub/MotoresComerciales/MotoresComerciales/Content/ThirdPerson/Models/yonFBX/Studio_Studio_Setup_Knob_10.ubulk" 1778
"C:/Users/bruwu/OneDrive/Documentos/GitHub/MotoresComerciales/MotoresComerciales/Content/ThirdPerson/Models/yonFBX/Studio_Studio_Setup_Knob_10.uasset" 1779
"C:/Users/bruwu/OneDrive/Documentos/GitHub/MotoresComerciales/MotoresComerciales/Content/ThirdPerson/Models/yonFBX/Studio_Studio_Setup_Knob_10.uexp" 1780
"C:/Users/bruwu/OneDrive/Documentos/GitHub/MotoresComerciales/MotoresComerciales/Content/ThirdPerson/Models/yonFBX/Studio_Studio_Setup_Knob_1.ubulk" 1781
"C:/Users/bruwu/OneDrive/Documentos/GitHub/MotoresComerciales/MotoresComerciales/Content/ThirdPerson/Models/yonFBX/Studio_Studio_Setup_Knob_1.uasset" 1782
"C:/Users/bruwu/OneDrive/Documentos/GitHub/MotoresComerciales/MotoresComerciales/Content/ThirdPerson/Models/yonFBX/Studio_Studio_Setup_Knob_1.uexp" 1783
"C:/Users/bruwu/OneDrive/Documentos/GitHub/MotoresComerciales/MotoresComerciales/Content/ThirdPerson/Models/yonFBX/Studio_Studio_Setup_Joint_9.ubulk" 1784
"C:/Users/bruwu/OneDrive/Documentos/GitHub/MotoresComerciales/MotoresComerciales/Content/ThirdPerson/Models/yonFBX/Studio_Studio_Setup_Joint_9.uasset" 1785
"C:/Users/bruwu/OneDrive/Documentos/GitHub/MotoresComerciales/MotoresComerciales/Content/ThirdPerson/Models/yonFBX/Studio_Studio_Setup_Joint_9.uexp" 1786
"C:/Users/bruwu/OneDrive/Documentos/GitHub/MotoresComerciales/MotoresComerciales/Content/ThirdPerson/Models/yonFBX/Studio_Studio_Setup_Joint_8.ubulk" 1787
"C:/Users/bruwu/OneDrive/Documentos/GitHub/MotoresComerciales/MotoresComerciales/Content/ThirdPerson/Models/yonFBX/Studio_Studio_Setup_Joint_8.uasset" 1788
"C:/Users/bruwu/OneDrive/Documentos/GitHub/MotoresComerciales/MotoresComerciales/Content/ThirdPerson/Models/yonFBX/Studio_Studio_Setup_Joint_8.uexp" 1789
"C:/Users/bruwu/OneDrive/Documentos/GitHub/MotoresComerciales/MotoresComerciales/Content/ThirdPerson/Models/yonFBX/Studio_Studio_Setup_Joint_7.ubulk" 1790
"C:/Users/bruwu/OneDrive/Documentos/GitHub/MotoresComerciales/MotoresComerciales/Content/ThirdPerson/Models/yonFBX/Studio_Studio_Setup_Joint_7.uasset" 1791
"C:/Users/bruwu/OneDrive/Documentos/GitHub/MotoresComerciales/MotoresComerciales/Content/ThirdPerson/Models/yonFBX/Studio_Studio_Setup_Joint_7.uexp" 1792
"C:/Users/bruwu/OneDrive/Documentos/GitHub/MotoresComerciales/MotoresComerciales/Content/ThirdPerson/Models/yonFBX/Studio_Studio_Setup_Joint_6.ubulk" 1793
"C:/Users/bruwu/OneDrive/Documentos/GitHub/MotoresComerciales/MotoresComerciales/Content/ThirdPerson/Models/yonFBX/Studio_Studio_Setup_Joint_6.uasset" 1794
"C:/Users/bruwu/OneDrive/Documentos/GitHub/MotoresComerciales/MotoresComerciales/Content/ThirdPerson/Models/yonFBX/Studio_Studio_Setup_Joint_6.uexp" 1795
"C:/Users/bruwu/OneDrive/Documentos/GitHub/MotoresComerciales/MotoresComerciales/Content/ThirdPerson/Models/yonFBX/Studio_Studio_Setup_Joint_5.ubulk" 1796
"C:/Users/bruwu/OneDrive/Documentos/GitHub/MotoresComerciales/MotoresComerciales/Content/ThirdPerson/Models/yonFBX/Studio_Studio_Setup_Joint_5.uasset" 1797
"C:/Users/bruwu/OneDrive/Documentos/GitHub/MotoresComerciales/MotoresComerciales/Content/ThirdPerson/Models/yonFBX/Studio_Studio_Setup_Joint_5.uexp" 1798
"C:/Users/bruwu/OneDrive/Documentos/GitHub/MotoresComerciales/MotoresComerciales/Content/ThirdPerson/Models/yonFBX/Studio_Studio_Setup_Joint_4.ubulk" 1799
"C:/Users/bruwu/OneDrive/Documentos/GitHub/MotoresComerciales/MotoresComerciales/Content/ThirdPerson/Models/yonFBX/Studio_Studio_Setup_Joint_4.uasset" 1800
"C:/Users/bruwu/OneDrive/Documentos/GitHub/MotoresComerciales/MotoresComerciales/Content/ThirdPerson/Models/yonFBX/Studio_Studio_Setup_Joint_4.uexp" 1801
"C:/Users/bruwu/OneDrive/Documentos/GitHub/MotoresComerciales/MotoresComerciales/Content/ThirdPerson/Models/yonFBX/Studio_Studio_Setup_Joint_3.ubulk" 1802
"C:/Users/bruwu/OneDrive/Documentos/GitHub/MotoresComerciales/MotoresComerciales/Content/ThirdPerson/Models/yonFBX/Studio_Studio_Setup_Joint_3.uasset" 1803
"C:/Users/bruwu/OneDrive/Documentos/GitHub/MotoresComerciales/MotoresComerciales/Content/ThirdPerson/Models/yonFBX/Studio_Studio_Setup_Joint_3.uexp" 1804
"C:/Users/bruwu/OneDrive/Documentos/GitHub/MotoresComerciales/MotoresComerciales/Content/ThirdPerson/Models/yonFBX/Studio_Studio_Setup_Joint_2.ubulk" 1805
"C:/Users/bruwu/OneDrive/Documentos/GitHub/MotoresComerciales/MotoresComerciales/Content/ThirdPerson/Models/yonFBX/Studio_Studio_Setup_Joint_2.uasset" 1806
"C:/Users/bruwu/OneDrive/Documentos/GitHub/MotoresComerciales/MotoresComerciales/Content/ThirdPerson/Models/yonFBX/Studio_Studio_Setup_Joint_2.uexp" 1807
"C:/Users/bruwu/OneDrive/Documentos/GitHub/MotoresComerciales/MotoresComerciales/Content/ThirdPerson/Models/yonFBX/Studio_Studio_Setup_Joint_12.ubulk" 1808
"C:/Users/bruwu/OneDrive/Documentos/GitHub/MotoresComerciales/MotoresComerciales/Content/ThirdPerson/Models/yonFBX/Studio_Studio_Setup_Joint_12.uasset" 1809
"C:/Users/bruwu/OneDrive/Documentos/GitHub/MotoresComerciales/MotoresComerciales/Content/ThirdPerson/Models/yonFBX/Studio_Studio_Setup_Joint_12.uexp" 1810
"C:/Users/bruwu/OneDrive/Documentos/GitHub/MotoresComerciales/MotoresComerciales/Content/ThirdPerson/Models/yonFBX/Studio_Studio_Setup_Joint_11.ubulk" 1811
"C:/Users/bruwu/OneDrive/Documentos/GitHub/MotoresComerciales/MotoresComerciales/Content/ThirdPerson/Models/yonFBX/Studio_Studio_Setup_Joint_11.uasset" 1812
"C:/Users/bruwu/OneDrive/Documentos/GitHub/MotoresComerciales/MotoresComerciales/Content/ThirdPerson/Models/yonFBX/Studio_Studio_Setup_Joint_11.uexp" 1813
"C:/Users/bruwu/OneDrive/Documentos/GitHub/MotoresComerciales/MotoresComerciales/Content/ThirdPerson/Models/yonFBX/Studio_Studio_Setup_Joint_10.ubulk" 1814
"C:/Users/bruwu/OneDrive/Documentos/GitHub/MotoresComerciales/MotoresComerciales/Content/ThirdPerson/Models/yonFBX/Studio_Studio_Setup_Joint_10.uasset" 1815
"C:/Users/bruwu/OneDrive/Documentos/GitHub/MotoresComerciales/MotoresComerciales/Content/ThirdPerson/Models/yonFBX/Studio_Studio_Setup_Joint_10.uexp" 1816
"C:/Users/bruwu/OneDrive/Documentos/GitHub/MotoresComerciales/MotoresComerciales/Content/ThirdPerson/Models/yonFBX/Studio_Studio_Setup_Joint_1.ubulk" 1817
"C:/Users/bruwu/OneDrive/Documentos/GitHub/MotoresComerciales/MotoresComerciales/Content/ThirdPerson/Models/yonFBX/Studio_Studio_Setup_Joint_1.uasset" 1818
"C:/Users/bruwu/OneDrive/Documentos/GitHub/MotoresComerciales/MotoresComerciales/Content/ThirdPerson/Models/yonFBX/Studio_Studio_Setup_Joint_1.uexp" 1819
"C:/Users/bruwu/OneDrive/Documentos/GitHub/MotoresComerciales/MotoresComerciales/Content/ThirdPerson/Models/yonFBX/Studio_Studio_Setup_Holder_2.ubulk" 1820
"C:/Users/bruwu/OneDrive/Documentos/GitHub/MotoresComerciales/MotoresComerciales/Content/ThirdPerson/Models/yonFBX/Studio_Studio_Setup_Holder_2.uasset" 1821
"C:/Users/bruwu/OneDrive/Documentos/GitHub/MotoresComerciales/MotoresComerciales/Content/ThirdPerson/Models/yonFBX/Studio_Studio_Setup_Holder_2.uexp" 1822
"C:/Users/bruwu/OneDrive/Documentos/GitHub/MotoresComerciales/MotoresComerciales/Content/ThirdPerson/Models/yonFBX/Studio_Studio_Setup_Holder_1.ubulk" 1823
"C:/Users/bruwu/OneDrive/Documentos/GitHub/MotoresComerciales/MotoresComerciales/Content/ThirdPerson/Models/yonFBX/Studio_Studio_Setup_Holder_1.uasset" 1824
"C:/Users/bruwu/OneDrive/Documentos/GitHub/MotoresComerciales/MotoresComerciales/Content/ThirdPerson/Models/yonFBX/Studio_Studio_Setup_Holder_1.uexp" 1825
"C:/Users/bruwu/OneDrive/Documentos/GitHub/MotoresComerciales/MotoresComerciales/Content/ThirdPerson/Models/yonFBX/Studio_Studio_Setup_Handle_9.ubulk" 1826
"C:/Users/bruwu/OneDrive/Documentos/GitHub/MotoresComerciales/MotoresComerciales/Content/ThirdPerson/Models/yonFBX/Studio_Studio_Setup_Handle_9.uasset" 1827
"C:/Users/bruwu/OneDrive/Documentos/GitHub/MotoresComerciales/MotoresComerciales/Content/ThirdPerson/Models/yonFBX/Studio_Studio_Setup_Handle_9.uexp" 1828
"C:/Users/bruwu/OneDrive/Documentos/GitHub/MotoresComerciales/MotoresComerciales/Content/ThirdPerson/Models/yonFBX/Studio_Studio_Setup_Handle_8.ubulk" 1829
"C:/Users/bruwu/OneDrive/Documentos/GitHub/MotoresComerciales/MotoresComerciales/Content/ThirdPerson/Models/yonFBX/Studio_Studio_Setup_Handle_8.uasset" 1830
"C:/Users/bruwu/OneDrive/Documentos/GitHub/MotoresComerciales/MotoresComerciales/Content/ThirdPerson/Models/yonFBX/Studio_Studio_Setup_Handle_8.uexp" 1831
"C:/Users/bruwu/OneDrive/Documentos/GitHub/MotoresComerciales/MotoresComerciales/Content/ThirdPerson/Models/yonFBX/Studio_Studio_Setup_Handle_7.ubulk" 1832
"C:/Users/bruwu/OneDrive/Documentos/GitHub/MotoresComerciales/MotoresComerciales/Content/ThirdPerson/Models/yonFBX/Studio_Studio_Setup_Handle_7.uasset" 1833
"C:/Users/bruwu/OneDrive/Documentos/GitHub/MotoresComerciales/MotoresComerciales/Content/ThirdPerson/Models/yonFBX/Studio_Studio_Setup_Handle_7.uexp" 1834
"C:/Users/bruwu/OneDrive/Documentos/GitHub/MotoresComerciales/MotoresComerciales/Content/ThirdPerson/Models/yonFBX/Studio_Studio_Setup_Handle_6.ubulk" 1835
"C:/Users/bruwu/OneDrive/Documentos/GitHub/MotoresComerciales/MotoresComerciales/Content/ThirdPerson/Models/yonFBX/Studio_Studio_Setup_Handle_6.uasset" 1836
"C:/Users/bruwu/OneDrive/Documentos/GitHub/MotoresComerciales/MotoresComerciales/Content/ThirdPerson/Models/yonFBX/Studio_Studio_Setup_Handle_6.uexp" 1837
"C:/Users/bruwu/OneDrive/Documentos/GitHub/MotoresComerciales/MotoresComerciales/Content/ThirdPerson/Models/yonFBX/Studio_Studio_Setup_Handle_5.ubulk" 1838
"C:/Users/bruwu/OneDrive/Documentos/GitHub/MotoresComerciales/MotoresComerciales/Content/ThirdPerson/Models/yonFBX/Studio_Studio_Setup_Handle_5.uasset" 1839
"C:/Users/bruwu/OneDrive/Documentos/GitHub/MotoresComerciales/MotoresComerciales/Content/ThirdPerson/Models/yonFBX/Studio_Studio_Setup_Handle_5.uexp" 1840
"C:/Users/bruwu/OneDrive/Documentos/GitHub/MotoresComerciales/MotoresComerciales/Content/ThirdPerson/Models/yonFBX/Studio_Studio_Setup_Handle_4.ubulk" 1841
"C:/Users/bruwu/OneDrive/Documentos/GitHub/MotoresComerciales/MotoresComerciales/Content/ThirdPerson/Models/yonFBX/Studio_Studio_Setup_Handle_4.uasset" 1842
"C:/Users/bruwu/OneDrive/Documentos/GitHub/MotoresComerciales/MotoresComerciales/Content/ThirdPerson/Models/yonFBX/Studio_Studio_Setup_Handle_4.uexp" 1843
"C:/Users/bruwu/OneDrive/Documentos/GitHub/MotoresComerciales/MotoresComerciales/Content/ThirdPerson/Models/yonFBX/Studio_Studio_Setup_Handle_3.ubulk" 1844
"C:/Users/bruwu/OneDrive/Documentos/GitHub/MotoresComerciales/MotoresComerciales/Content/ThirdPerson/Models/yonFBX/Studio_Studio_Setup_Handle_3.uasset" 1845
"C:/Users/bruwu/OneDrive/Documentos/GitHub/MotoresComerciales/MotoresComerciales/Content/ThirdPerson/Models/yonFBX/Studio_Studio_Setup_Handle_3.uexp" 1846
"C:/Users/bruwu/OneDrive/Documentos/GitHub/MotoresComerciales/MotoresComerciales/Content/ThirdPerson/Models/yonFBX/Studio_Studio_Setup_Handle_2.ubulk" 1847
"C:/Users/bruwu/OneDrive/Documentos/GitHub/MotoresComerciales/MotoresComerciales/Content/ThirdPerson/Models/yonFBX/Studio_Studio_Setup_Handle_2.uasset" 1848
"C:/Users/bruwu/OneDrive/Documentos/GitHub/MotoresComerciales/MotoresComerciales/Content/ThirdPerson/Models/yonFBX/Studio_Studio_Setup_Handle_2.uexp" 1849
"C:/Users/bruwu/OneDrive/Documentos/GitHub/MotoresComerciales/MotoresComerciales/Content/ThirdPerson/Models/yonFBX/Studio_Studio_Setup_Handle_10.ubulk" 1850
"C:/Users/bruwu/OneDrive/Documentos/GitHub/MotoresComerciales/MotoresComerciales/Content/ThirdPerson/Models/yonFBX/Studio_Studio_Setup_Handle_10.uasset" 1851
"C:/Users/bruwu/OneDrive/Documentos/GitHub/MotoresComerciales/MotoresComerciales/Content/ThirdPerson/Models/yonFBX/Studio_Studio_Setup_Handle_10.uexp" 1852
"C:/Users/bruwu/OneDrive/Documentos/GitHub/MotoresComerciales/MotoresComerciales/Content/ThirdPerson/Models/yonFBX/Studio_Studio_Setup_Handle_1.ubulk" 1853
"C:/Users/bruwu/OneDrive/Documentos/GitHub/MotoresComerciales/MotoresComerciales/Content/ThirdPerson/Models/yonFBX/Studio_Studio_Setup_Handle_1.uasset" 1854
"C:/Users/bruwu/OneDrive/Documentos/GitHub/MotoresComerciales/MotoresComerciales/Content/ThirdPerson/Models/yonFBX/Studio_Studio_Setup_Handle_1.uexp" 1855
"C:/Users/bruwu/OneDrive/Documentos/GitHub/MotoresComerciales/MotoresComerciales/Content/ThirdPerson/Models/yonFBX/Studio_Plastic_1.uasset" 1856
"C:/Users/bruwu/OneDrive/Documentos/GitHub/MotoresComerciales/MotoresComerciales/Content/ThirdPerson/Models/yonFBX/Studio_Plastic_1.uexp" 1857
"C:/Users/bruwu/OneDrive/Documentos/GitHub/MotoresComerciales/MotoresComerciales/Content/ThirdPerson/Models/yonFBX/Studio_Studio_Setup_Floor_001.ubulk" 1858
"C:/Users/bruwu/OneDrive/Documentos/GitHub/MotoresComerciales/MotoresComerciales/Content/ThirdPerson/Models/yonFBX/Studio_Studio_Setup_Floor_001.uasset" 1859
"C:/Users/bruwu/OneDrive/Documentos/GitHub/MotoresComerciales/MotoresComerciales/Content/ThirdPerson/Models/yonFBX/Studio_Studio_Setup_Floor_001.uexp" 1860
"C:/Users/bruwu/OneDrive/Documentos/GitHub/MotoresComerciales/MotoresComerciales/Content/ThirdPerson/Models/yonFBX/Studio_Fabric_3.uasset" 1861
"C:/Users/bruwu/OneDrive/Documentos/GitHub/MotoresComerciales/MotoresComerciales/Content/ThirdPerson/Models/yonFBX/Studio_Fabric_3.uexp" 1862
"C:/Users/bruwu/OneDrive/Documentos/GitHub/MotoresComerciales/MotoresComerciales/Content/ThirdPerson/Models/yonFBX/Studio_Studio_Setup_Curtain_8.ubulk" 1863
"C:/Users/bruwu/OneDrive/Documentos/GitHub/MotoresComerciales/MotoresComerciales/Content/ThirdPerson/Models/yonFBX/Studio_Studio_Setup_Curtain_8.uasset" 1864
"C:/Users/bruwu/OneDrive/Documentos/GitHub/MotoresComerciales/MotoresComerciales/Content/ThirdPerson/Models/yonFBX/Studio_Studio_Setup_Curtain_8.uexp" 1865
"C:/Users/bruwu/OneDrive/Documentos/GitHub/MotoresComerciales/MotoresComerciales/Content/ThirdPerson/Models/yonFBX/Studio_Studio_Setup_Curtain_3_001.ubulk" 1866
"C:/Users/bruwu/OneDrive/Documentos/GitHub/MotoresComerciales/MotoresComerciales/Content/ThirdPerson/Models/yonFBX/Studio_Studio_Setup_Curtain_3_001.uasset" 1867
"C:/Users/bruwu/OneDrive/Documentos/GitHub/MotoresComerciales/MotoresComerciales/Content/ThirdPerson/Models/yonFBX/Studio_Studio_Setup_Curtain_3_001.uexp" 1868
"C:/Users/bruwu/OneDrive/Documentos/GitHub/MotoresComerciales/MotoresComerciales/Content/ThirdPerson/Models/yonFBX/Studio_Studio_Setup_Curtain_2.ubulk" 1869
"C:/Users/bruwu/OneDrive/Documentos/GitHub/MotoresComerciales/MotoresComerciales/Content/ThirdPerson/Models/yonFBX/Studio_Studio_Setup_Curtain_2.uasset" 1870
"C:/Users/bruwu/OneDrive/Documentos/GitHub/MotoresComerciales/MotoresComerciales/Content/ThirdPerson/Models/yonFBX/Studio_Studio_Setup_Curtain_2.uexp" 1871
"C:/Users/bruwu/OneDrive/Documentos/GitHub/MotoresComerciales/MotoresComerciales/Content/ThirdPerson/Models/yonFBX/Studio_Studio_Setup_Curtain_1.ubulk" 1872
"C:/Users/bruwu/OneDrive/Documentos/GitHub/MotoresComerciales/MotoresComerciales/Content/ThirdPerson/Models/yonFBX/Studio_Studio_Setup_Curtain_1.uasset" 1873
"C:/Users/bruwu/OneDrive/Documentos/GitHub/MotoresComerciales/MotoresComerciales/Content/ThirdPerson/Models/yonFBX/Studio_Studio_Setup_Curtain_1.uexp" 1874
"C:/Users/bruwu/OneDrive/Documentos/GitHub/MotoresComerciales/MotoresComerciales/Content/ThirdPerson/Models/yonFBX/Studio_Studio_Setup_Connector_9.ubulk" 1875
"C:/Users/bruwu/OneDrive/Documentos/GitHub/MotoresComerciales/MotoresComerciales/Content/ThirdPerson/Models/yonFBX/Studio_Studio_Setup_Connector_9.uasset" 1876
"C:/Users/bruwu/OneDrive/Documentos/GitHub/MotoresComerciales/MotoresComerciales/Content/ThirdPerson/Models/yonFBX/Studio_Studio_Setup_Connector_9.uexp" 1877
"C:/Users/bruwu/OneDrive/Documentos/GitHub/MotoresComerciales/MotoresComerciales/Content/ThirdPerson/Models/yonFBX/Studio_Studio_Setup_Connector_8.ubulk" 1878
"C:/Users/bruwu/OneDrive/Documentos/GitHub/MotoresComerciales/MotoresComerciales/Content/ThirdPerson/Models/yonFBX/Studio_Studio_Setup_Connector_8.uasset" 1879
"C:/Users/bruwu/OneDrive/Documentos/GitHub/MotoresComerciales/MotoresComerciales/Content/ThirdPerson/Models/yonFBX/Studio_Studio_Setup_Connector_8.uexp" 1880
"C:/Users/bruwu/OneDrive/Documentos/GitHub/MotoresComerciales/MotoresComerciales/Content/ThirdPerson/Models/yonFBX/Studio_Studio_Setup_Connector_7.ubulk" 1881
"C:/Users/bruwu/OneDrive/Documentos/GitHub/MotoresComerciales/MotoresComerciales/Content/ThirdPerson/Models/yonFBX/Studio_Studio_Setup_Connector_7.uasset" 1882
"C:/Users/bruwu/OneDrive/Documentos/GitHub/MotoresComerciales/MotoresComerciales/Content/ThirdPerson/Models/yonFBX/Studio_Studio_Setup_Connector_7.uexp" 1883
"C:/Users/bruwu/OneDrive/Documentos/GitHub/MotoresComerciales/MotoresComerciales/Content/ThirdPerson/Models/yonFBX/Studio_Studio_Setup_Connector_6.ubulk" 1884
"C:/Users/bruwu/OneDrive/Documentos/GitHub/MotoresComerciales/MotoresComerciales/Content/ThirdPerson/Models/yonFBX/Studio_Studio_Setup_Connector_6.uasset" 1885
"C:/Users/bruwu/OneDrive/Documentos/GitHub/MotoresComerciales/MotoresComerciales/Content/ThirdPerson/Models/yonFBX/Studio_Studio_Setup_Connector_6.uexp" 1886
"C:/Users/bruwu/OneDrive/Documentos/GitHub/MotoresComerciales/MotoresComerciales/Content/ThirdPerson/Models/yonFBX/Studio_Studio_Setup_Connector_5.ubulk" 1887
"C:/Users/bruwu/OneDrive/Documentos/GitHub/MotoresComerciales/MotoresComerciales/Content/ThirdPerson/Models/yonFBX/Studio_Studio_Setup_Connector_5.uasset" 1888
"C:/Users/bruwu/OneDrive/Documentos/GitHub/MotoresComerciales/MotoresComerciales/Content/ThirdPerson/Models/yonFBX/Studio_Studio_Setup_Connector_5.uexp" 1889
"C:/Users/bruwu/OneDrive/Documentos/GitHub/MotoresComerciales/MotoresComerciales/Content/ThirdPerson/Models/yonFBX/Studio_Studio_Setup_Connector_4.ubulk" 1890
"C:/Users/bruwu/OneDrive/Documentos/GitHub/MotoresComerciales/MotoresComerciales/Content/ThirdPerson/Models/yonFBX/Studio_Studio_Setup_Connector_4.uasset" 1891
"C:/Users/bruwu/OneDrive/Documentos/GitHub/MotoresComerciales/MotoresComerciales/Content/ThirdPerson/Models/yonFBX/Studio_Studio_Setup_Connector_4.uexp" 1892
"C:/Users/bruwu/OneDrive/Documentos/GitHub/MotoresComerciales/MotoresComerciales/Content/ThirdPerson/Models/yonFBX/Studio_Studio_Setup_Connector_3.ubulk" 1893
"C:/Users/bruwu/OneDrive/Documentos/GitHub/MotoresComerciales/MotoresComerciales/Content/ThirdPerson/Models/yonFBX/Studio_Studio_Setup_Connector_3.uasset" 1894
"C:/Users/bruwu/OneDrive/Documentos/GitHub/MotoresComerciales/MotoresComerciales/Content/ThirdPerson/Models/yonFBX/Studio_Studio_Setup_Connector_3.uexp" 1895
"C:/Users/bruwu/OneDrive/Documentos/GitHub/MotoresComerciales/MotoresComerciales/Content/ThirdPerson/Models/yonFBX/Studio_Studio_Setup_Connector_2.ubulk" 1896
"C:/Users/bruwu/OneDrive/Documentos/GitHub/MotoresComerciales/MotoresComerciales/Content/ThirdPerson/Models/yonFBX/Studio_Studio_Setup_Connector_2.uasset" 1897
"C:/Users/bruwu/OneDrive/Documentos/GitHub/MotoresComerciales/MotoresComerciales/Content/ThirdPerson/Models/yonFBX/Studio_Studio_Setup_Connector_2.uexp" 1898
"C:/Users/bruwu/OneDrive/Documentos/GitHub/MotoresComerciales/MotoresComerciales/Content/ThirdPerson/Models/yonFBX/Studio_Studio_Setup_Connector_1.ubulk" 1899
"C:/Users/bruwu/OneDrive/Documentos/GitHub/MotoresComerciales/MotoresComerciales/Content/ThirdPerson/Models/yonFBX/Studio_Studio_Setup_Connector_1.uasset" 1900
"C:/Users/bruwu/OneDrive/Documentos/GitHub/MotoresComerciales/MotoresComerciales/Content/ThirdPerson/Models/yonFBX/Studio_Studio_Setup_Connector_1.uexp" 1901
"C:/Users/bruwu/OneDrive/Documentos/GitHub/MotoresComerciales/MotoresComerciales/Content/ThirdPerson/Models/yonFBX/Studio_Setup_Mtl_19_001.uasset" 1902
"C:/Users/bruwu/OneDrive/Documentos/GitHub/MotoresComerciales/MotoresComerciales/Content/ThirdPerson/Models/yonFBX/Studio_Setup_Mtl_19_001.uexp" 1903
"C:/Users/bruwu/OneDrive/Documentos/GitHub/MotoresComerciales/MotoresComerciales/Content/ThirdPerson/Models/yonFBX/Studio_Studio_Setup_Ceiling.ubulk" 1904
"C:/Users/bruwu/OneDrive/Documentos/GitHub/MotoresComerciales/MotoresComerciales/Content/ThirdPerson/Models/yonFBX/Studio_Studio_Setup_Ceiling.uasset" 1905
"C:/Users/bruwu/OneDrive/Documentos/GitHub/MotoresComerciales/MotoresComerciales/Content/ThirdPerson/Models/yonFBX/Studio_Studio_Setup_Ceiling.uexp" 1906
"C:/Users/bruwu/OneDrive/Documentos/GitHub/MotoresComerciales/MotoresComerciales/Content/ThirdPerson/Models/yonFBX/Studio_Studio_Setup_Cable_9.ubulk" 1907
"C:/Users/bruwu/OneDrive/Documentos/GitHub/MotoresComerciales/MotoresComerciales/Content/ThirdPerson/Models/yonFBX/Studio_Studio_Setup_Cable_9.uasset" 1908
"C:/Users/bruwu/OneDrive/Documentos/GitHub/MotoresComerciales/MotoresComerciales/Content/ThirdPerson/Models/yonFBX/Studio_Studio_Setup_Cable_9.uexp" 1909
"C:/Users/bruwu/OneDrive/Documentos/GitHub/MotoresComerciales/MotoresComerciales/Content/ThirdPerson/Models/yonFBX/Studio_Studio_Setup_Cable_8.ubulk" 1910
"C:/Users/bruwu/OneDrive/Documentos/GitHub/MotoresComerciales/MotoresComerciales/Content/ThirdPerson/Models/yonFBX/Studio_Studio_Setup_Cable_8.uasset" 1911
"C:/Users/bruwu/OneDrive/Documentos/GitHub/MotoresComerciales/MotoresComerciales/Content/ThirdPerson/Models/yonFBX/Studio_Studio_Setup_Cable_8.uexp" 1912
"C:/Users/bruwu/OneDrive/Documentos/GitHub/MotoresComerciales/MotoresComerciales/Content/ThirdPerson/Models/yonFBX/Studio_Studio_Setup_Cable_7.ubulk" 1913
"C:/Users/bruwu/OneDrive/Documentos/GitHub/MotoresComerciales/MotoresComerciales/Content/ThirdPerson/Models/yonFBX/Studio_Studio_Setup_Cable_7.uasset" 1914
"C:/Users/bruwu/OneDrive/Documentos/GitHub/MotoresComerciales/MotoresComerciales/Content/ThirdPerson/Models/yonFBX/Studio_Studio_Setup_Cable_7.uexp" 1915
"C:/Users/bruwu/OneDrive/Documentos/GitHub/MotoresComerciales/MotoresComerciales/Content/ThirdPerson/Models/yonFBX/Studio_Studio_Setup_Cable_6.ubulk" 1916
"C:/Users/bruwu/OneDrive/Documentos/GitHub/MotoresComerciales/MotoresComerciales/Content/ThirdPerson/Models/yonFBX/Studio_Studio_Setup_Cable_6.uasset" 1917
"C:/Users/bruwu/OneDrive/Documentos/GitHub/MotoresComerciales/MotoresComerciales/Content/ThirdPerson/Models/yonFBX/Studio_Studio_Setup_Cable_6.uexp" 1918
"C:/Users/bruwu/OneDrive/Documentos/GitHub/MotoresComerciales/MotoresComerciales/Content/ThirdPerson/Models/yonFBX/Studio_Studio_Setup_Cable_5.ubulk" 1919
"C:/Users/bruwu/OneDrive/Documentos/GitHub/MotoresComerciales/MotoresComerciales/Content/ThirdPerson/Models/yonFBX/Studio_Studio_Setup_Cable_5.uasset" 1920
"C:/Users/bruwu/OneDrive/Documentos/GitHub/MotoresComerciales/MotoresComerciales/Content/ThirdPerson/Models/yonFBX/Studio_Studio_Setup_Cable_5.uexp" 1921
"C:/Users/bruwu/OneDrive/Documentos/GitHub/MotoresComerciales/MotoresComerciales/Content/ThirdPerson/Models/yonFBX/Studio_Studio_Setup_Cable_4.ubulk" 1922
"C:/Users/bruwu/OneDrive/Documentos/GitHub/MotoresComerciales/MotoresComerciales/Content/ThirdPerson/Models/yonFBX/Studio_Studio_Setup_Cable_4.uasset" 1923
"C:/Users/bruwu/OneDrive/Documentos/GitHub/MotoresComerciales/MotoresComerciales/Content/ThirdPerson/Models/yonFBX/Studio_Studio_Setup_Cable_4.uexp" 1924
"C:/Users/bruwu/OneDrive/Documentos/GitHub/MotoresComerciales/MotoresComerciales/Content/ThirdPerson/Models/yonFBX/Studio_Studio_Setup_Cable_3.ubulk" 1925
"C:/Users/bruwu/OneDrive/Documentos/GitHub/MotoresComerciales/MotoresComerciales/Content/ThirdPerson/Models/yonFBX/Studio_Studio_Setup_Cable_3.uasset" 1926
"C:/Users/bruwu/OneDrive/Documentos/GitHub/MotoresComerciales/MotoresComerciales/Content/ThirdPerson/Models/yonFBX/Studio_Studio_Setup_Cable_3.uexp" 1927
"C:/Users/bruwu/OneDrive/Documentos/GitHub/MotoresComerciales/MotoresComerciales/Content/ThirdPerson/Models/yonFBX/Studio_Studio_Setup_Cable_2.ubulk" 1928
"C:/Users/bruwu/OneDrive/Documentos/GitHub/MotoresComerciales/MotoresComerciales/Content/ThirdPerson/Models/yonFBX/Studio_Studio_Setup_Cable_2.uasset" 1929
"C:/Users/bruwu/OneDrive/Documentos/GitHub/MotoresComerciales/MotoresComerciales/Content/ThirdPerson/Models/yonFBX/Studio_Studio_Setup_Cable_2.uexp" 1930
"C:/Users/bruwu/OneDrive/Documentos/GitHub/MotoresComerciales/MotoresComerciales/Content/ThirdPerson/Models/yonFBX/Studio_Studio_Setup_Cable_1.ubulk" 1931
"C:/Users/bruwu/OneDrive/Documentos/GitHub/MotoresComerciales/MotoresComerciales/Content/ThirdPerson/Models/yonFBX/Studio_Studio_Setup_Cable_1.uasset" 1932
"C:/Users/bruwu/OneDrive/Documentos/GitHub/MotoresComerciales/MotoresComerciales/Content/ThirdPerson/Models/yonFBX/Studio_Studio_Setup_Cable_1.uexp" 1933
"C:/Users/bruwu/OneDrive/Documentos/GitHub/MotoresComerciales/MotoresComerciales/Content/ThirdPerson/Models/yonFBX/Studio_Setup_Mtl_4_001.uasset" 1934
"C:/Users/bruwu/OneDrive/Documentos/GitHub/MotoresComerciales/MotoresComerciales/Content/ThirdPerson/Models/yonFBX/Studio_Setup_Mtl_4_001.uexp" 1935
"C:/Users/bruwu/OneDrive/Documentos/GitHub/MotoresComerciales/MotoresComerciales/Content/ThirdPerson/Models/yonFBX/Studio_Setup_Mtl_1_001.uasset" 1936
"C:/Users/bruwu/OneDrive/Documentos/GitHub/MotoresComerciales/MotoresComerciales/Content/ThirdPerson/Models/yonFBX/Studio_Setup_Mtl_1_001.uexp" 1937
"C:/Users/bruwu/OneDrive/Documentos/GitHub/MotoresComerciales/MotoresComerciales/Content/ThirdPerson/Models/yonFBX/Studio_Studio_Setup_Backdrop_Axis_1.ubulk" 1938
"C:/Users/bruwu/OneDrive/Documentos/GitHub/MotoresComerciales/MotoresComerciales/Content/ThirdPerson/Models/yonFBX/Studio_Studio_Setup_Backdrop_Axis_1.uasset" 1939
"C:/Users/bruwu/OneDrive/Documentos/GitHub/MotoresComerciales/MotoresComerciales/Content/ThirdPerson/Models/yonFBX/Studio_Studio_Setup_Backdrop_Axis_1.uexp" 1940
"C:/Users/bruwu/OneDrive/Documentos/GitHub/MotoresComerciales/MotoresComerciales/Content/ThirdPerson/Models/yonFBX/Studio_Studio_Setup_Arm_9.ubulk" 1941
"C:/Users/bruwu/OneDrive/Documentos/GitHub/MotoresComerciales/MotoresComerciales/Content/ThirdPerson/Models/yonFBX/Studio_Studio_Setup_Arm_9.uasset" 1942
"C:/Users/bruwu/OneDrive/Documentos/GitHub/MotoresComerciales/MotoresComerciales/Content/ThirdPerson/Models/yonFBX/Studio_Studio_Setup_Arm_9.uexp" 1943
"C:/Users/bruwu/OneDrive/Documentos/GitHub/MotoresComerciales/MotoresComerciales/Content/ThirdPerson/Models/yonFBX/Studio_Studio_Setup_Arm_8.ubulk" 1944
"C:/Users/bruwu/OneDrive/Documentos/GitHub/MotoresComerciales/MotoresComerciales/Content/ThirdPerson/Models/yonFBX/Studio_Studio_Setup_Arm_8.uasset" 1945
"C:/Users/bruwu/OneDrive/Documentos/GitHub/MotoresComerciales/MotoresComerciales/Content/ThirdPerson/Models/yonFBX/Studio_Studio_Setup_Arm_8.uexp" 1946
"C:/Users/bruwu/OneDrive/Documentos/GitHub/MotoresComerciales/MotoresComerciales/Content/ThirdPerson/Models/yonFBX/Studio_Studio_Setup_Arm_7.ubulk" 1947
"C:/Users/bruwu/OneDrive/Documentos/GitHub/MotoresComerciales/MotoresComerciales/Content/ThirdPerson/Models/yonFBX/Studio_Studio_Setup_Arm_7.uasset" 1948
"C:/Users/bruwu/OneDrive/Documentos/GitHub/MotoresComerciales/MotoresComerciales/Content/ThirdPerson/Models/yonFBX/Studio_Studio_Setup_Arm_7.uexp" 1949
"C:/Users/bruwu/OneDrive/Documentos/GitHub/MotoresComerciales/MotoresComerciales/Content/ThirdPerson/Models/yonFBX/Studio_Studio_Setup_Arm_6.ubulk" 1950
"C:/Users/bruwu/OneDrive/Documentos/GitHub/MotoresComerciales/MotoresComerciales/Content/ThirdPerson/Models/yonFBX/Studio_Studio_Setup_Arm_6.uasset" 1951
"C:/Users/bruwu/OneDrive/Documentos/GitHub/MotoresComerciales/MotoresComerciales/Content/ThirdPerson/Models/yonFBX/Studio_Studio_Setup_Arm_6.uexp" 1952
"C:/Users/bruwu/OneDrive/Documentos/GitHub/MotoresComerciales/MotoresComerciales/Content/ThirdPerson/Models/yonFBX/Studio_Studio_Setup_Arm_5.ubulk" 1953
"C:/Users/bruwu/OneDrive/Documentos/GitHub/MotoresComerciales/MotoresComerciales/Content/ThirdPerson/Models/yonFBX/Studio_Studio_Setup_Arm_5.uasset" 1954
"C:/Users/bruwu/OneDrive/Documentos/GitHub/MotoresComerciales/MotoresComerciales/Content/ThirdPerson/Models/yonFBX/Studio_Studio_Setup_Arm_5.uexp" 1955
"C:/Users/bruwu/OneDrive/Documentos/GitHub/MotoresComerciales/MotoresComerciales/Content/ThirdPerson/Models/yonFBX/Studio_Studio_Setup_Arm_4.ubulk" 1956
"C:/Users/bruwu/OneDrive/Documentos/GitHub/MotoresComerciales/MotoresComerciales/Content/ThirdPerson/Models/yonFBX/Studio_Studio_Setup_Arm_4.uasset" 1957
"C:/Users/bruwu/OneDrive/Documentos/GitHub/MotoresComerciales/MotoresComerciales/Content/ThirdPerson/Models/yonFBX/Studio_Studio_Setup_Arm_4.uexp" 1958
"C:/Users/bruwu/OneDrive/Documentos/GitHub/MotoresComerciales/MotoresComerciales/Content/ThirdPerson/Models/yonFBX/Studio_Studio_Setup_Arm_3.ubulk" 1959
"C:/Users/bruwu/OneDrive/Documentos/GitHub/MotoresComerciales/MotoresComerciales/Content/ThirdPerson/Models/yonFBX/Studio_Studio_Setup_Arm_3.uasset" 1960
"C:/Users/bruwu/OneDrive/Documentos/GitHub/MotoresComerciales/MotoresComerciales/Content/ThirdPerson/Models/yonFBX/Studio_Studio_Setup_Arm_3.uexp" 1961
"C:/Users/bruwu/OneDrive/Documentos/GitHub/MotoresComerciales/MotoresComerciales/Content/ThirdPerson/Models/yonFBX/Studio_Studio_Setup_Arm_2.ubulk" 1962
"C:/Users/bruwu/OneDrive/Documentos/GitHub/MotoresComerciales/MotoresComerciales/Content/ThirdPerson/Models/yonFBX/Studio_Studio_Setup_Arm_2.uasset" 1963
"C:/Users/bruwu/OneDrive/Documentos/GitHub/MotoresComerciales/MotoresComerciales/Content/ThirdPerson/Models/yonFBX/Studio_Studio_Setup_Arm_2.uexp" 1964
"C:/Users/bruwu/OneDrive/Documentos/GitHub/MotoresComerciales/MotoresComerciales/Content/ThirdPerson/Models/yonFBX/Studio_Studio_Setup_Arm_18.ubulk" 1965
"C:/Users/bruwu/OneDrive/Documentos/GitHub/MotoresComerciales/MotoresComerciales/Content/ThirdPerson/Models/yonFBX/Studio_Studio_Setup_Arm_18.uasset" 1966
"C:/Users/bruwu/OneDrive/Documentos/GitHub/MotoresComerciales/MotoresComerciales/Content/ThirdPerson/Models/yonFBX/Studio_Studio_Setup_Arm_18.uexp" 1967
"C:/Users/bruwu/OneDrive/Documentos/GitHub/MotoresComerciales/MotoresComerciales/Content/ThirdPerson/Models/yonFBX/Studio_Studio_Setup_Arm_17.ubulk" 1968
"C:/Users/bruwu/OneDrive/Documentos/GitHub/MotoresComerciales/MotoresComerciales/Content/ThirdPerson/Models/yonFBX/Studio_Studio_Setup_Arm_17.uasset" 1969
"C:/Users/bruwu/OneDrive/Documentos/GitHub/MotoresComerciales/MotoresComerciales/Content/ThirdPerson/Models/yonFBX/Studio_Studio_Setup_Arm_17.uexp" 1970
"C:/Users/bruwu/OneDrive/Documentos/GitHub/MotoresComerciales/MotoresComerciales/Content/ThirdPerson/Models/yonFBX/Studio_Studio_Setup_Arm_16.ubulk" 1971
"C:/Users/bruwu/OneDrive/Documentos/GitHub/MotoresComerciales/MotoresComerciales/Content/ThirdPerson/Models/yonFBX/Studio_Studio_Setup_Arm_16.uasset" 1972
"C:/Users/bruwu/OneDrive/Documentos/GitHub/MotoresComerciales/MotoresComerciales/Content/ThirdPerson/Models/yonFBX/Studio_Studio_Setup_Arm_16.uexp" 1973
"C:/Users/bruwu/OneDrive/Documentos/GitHub/MotoresComerciales/MotoresComerciales/Content/ThirdPerson/Models/yonFBX/Studio_Studio_Setup_Arm_15.ubulk" 1974
"C:/Users/bruwu/OneDrive/Documentos/GitHub/MotoresComerciales/MotoresComerciales/Content/ThirdPerson/Models/yonFBX/Studio_Studio_Setup_Arm_15.uasset" 1975
"C:/Users/bruwu/OneDrive/Documentos/GitHub/MotoresComerciales/MotoresComerciales/Content/ThirdPerson/Models/yonFBX/Studio_Studio_Setup_Arm_15.uexp" 1976
"C:/Users/bruwu/OneDrive/Documentos/GitHub/MotoresComerciales/MotoresComerciales/Content/ThirdPerson/Models/yonFBX/Studio_Studio_Setup_Arm_14.ubulk" 1977
"C:/Users/bruwu/OneDrive/Documentos/GitHub/MotoresComerciales/MotoresComerciales/Content/ThirdPerson/Models/yonFBX/Studio_Studio_Setup_Arm_14.uasset" 1978
"C:/Users/bruwu/OneDrive/Documentos/GitHub/MotoresComerciales/MotoresComerciales/Content/ThirdPerson/Models/yonFBX/Studio_Studio_Setup_Arm_14.uexp" 1979
"C:/Users/bruwu/OneDrive/Documentos/GitHub/MotoresComerciales/MotoresComerciales/Content/ThirdPerson/Models/yonFBX/Studio_Studio_Setup_Arm_13.ubulk" 1980
"C:/Users/bruwu/OneDrive/Documentos/GitHub/MotoresComerciales/MotoresComerciales/Content/ThirdPerson/Models/yonFBX/Studio_Studio_Setup_Arm_13.uasset" 1981
"C:/Users/bruwu/OneDrive/Documentos/GitHub/MotoresComerciales/MotoresComerciales/Content/ThirdPerson/Models/yonFBX/Studio_Studio_Setup_Arm_13.uexp" 1982
"C:/Users/bruwu/OneDrive/Documentos/GitHub/MotoresComerciales/MotoresComerciales/Content/ThirdPerson/Models/yonFBX/Studio_Studio_Setup_Arm_12.ubulk" 1983
"C:/Users/bruwu/OneDrive/Documentos/GitHub/MotoresComerciales/MotoresComerciales/Content/ThirdPerson/Models/yonFBX/Studio_Studio_Setup_Arm_12.uasset" 1984
"C:/Users/bruwu/OneDrive/Documentos/GitHub/MotoresComerciales/MotoresComerciales/Content/ThirdPerson/Models/yonFBX/Studio_Studio_Setup_Arm_12.uexp" 1985
"C:/Users/bruwu/OneDrive/Documentos/GitHub/MotoresComerciales/MotoresComerciales/Content/ThirdPerson/Models/yonFBX/Studio_Studio_Setup_Arm_11.ubulk" 1986
"C:/Users/bruwu/OneDrive/Documentos/GitHub/MotoresComerciales/MotoresComerciales/Content/ThirdPerson/Models/yonFBX/Studio_Studio_Setup_Arm_11.uasset" 1987
"C:/Users/bruwu/OneDrive/Documentos/GitHub/MotoresComerciales/MotoresComerciales/Content/ThirdPerson/Models/yonFBX/Studio_Studio_Setup_Arm_11.uexp" 1988
"C:/Users/bruwu/OneDrive/Documentos/GitHub/MotoresComerciales/MotoresComerciales/Content/ThirdPerson/Models/yonFBX/Studio_Studio_Setup_Arm_10.ubulk" 1989
"C:/Users/bruwu/OneDrive/Documentos/GitHub/MotoresComerciales/MotoresComerciales/Content/ThirdPerson/Models/yonFBX/Studio_Studio_Setup_Arm_10.uasset" 1990
"C:/Users/bruwu/OneDrive/Documentos/GitHub/MotoresComerciales/MotoresComerciales/Content/ThirdPerson/Models/yonFBX/Studio_Studio_Setup_Arm_10.uexp" 1991
"C:/Users/bruwu/OneDrive/Documentos/GitHub/MotoresComerciales/MotoresComerciales/Content/ThirdPerson/Models/yonFBX/Studio_Studio_Setup_Arm_1.ubulk" 1992
"C:/Users/bruwu/OneDrive/Documentos/GitHub/MotoresComerciales/MotoresComerciales/Content/ThirdPerson/Models/yonFBX/Studio_Studio_Setup_Arm_1.uasset" 1993
"C:/Users/bruwu/OneDrive/Documentos/GitHub/MotoresComerciales/MotoresComerciales/Content/ThirdPerson/Models/yonFBX/Studio_Studio_Setup_Arm_1.uexp" 1994
"C:/Users/bruwu/OneDrive/Documentos/GitHub/MotoresComerciales/MotoresComerciales/Content/ThirdPerson/Models/yonFBX/QS_002.uasset" 1995
"C:/Users/bruwu/OneDrive/Documentos/GitHub/MotoresComerciales/MotoresComerciales/Content/ThirdPerson/Models/yonFBX/QS_002.uexp" 1996
"C:/Users/bruwu/OneDrive/Documentos/GitHub/MotoresComerciales/MotoresComerciales/Content/ThirdPerson/Models/yonFBX/Metal_002.uasset" 1997
"C:/Users/bruwu/OneDrive/Documentos/GitHub/MotoresComerciales/MotoresComerciales/Content/ThirdPerson/Models/yonFBX/Metal_002.uexp" 1998
"C:/Users/bruwu/OneDrive/Documentos/GitHub/MotoresComerciales/MotoresComerciales/Content/ThirdPerson/Models/yonFBX/White_002.uasset" 1999
"C:/Users/bruwu/OneDrive/Documentos/GitHub/MotoresComerciales/MotoresComerciales/Content/ThirdPerson/Models/yonFBX/White_002.uexp" 2000
"C:/Users/bruwu/OneDrive/Documentos/GitHub/MotoresComerciales/MotoresComerciales/Content/ThirdPerson/Models/yonFBX/Studio_Shader_Ball.ubulk" 2001
"C:/Users/bruwu/OneDrive/Documentos/GitHub/MotoresComerciales/MotoresComerciales/Content/ThirdPerson/Models/yonFBX/Studio_Shader_Ball.uasset" 2002
"C:/Users/bruwu/OneDrive/Documentos/GitHub/MotoresComerciales/MotoresComerciales/Content/ThirdPerson/Models/yonFBX/Studio_Shader_Ball.uexp" 2003
"C:/Users/bruwu/OneDrive/Documentos/GitHub/MotoresComerciales/MotoresComerciales/Content/Stylized_PBR_Nature/Foliage/Textures/T_Common_Tree_10_ORM.ubulk" 2004
"C:/Users/bruwu/OneDrive/Documentos/GitHub/MotoresComerciales/MotoresComerciales/Content/Stylized_PBR_Nature/Foliage/Textures/T_Common_Tree_10_ORM.uasset" 2005
"C:/Users/bruwu/OneDrive/Documentos/GitHub/MotoresComerciales/MotoresComerciales/Content/Stylized_PBR_Nature/Foliage/Textures/T_Common_Tree_10_ORM.uexp" 2006
"C:/Users/bruwu/OneDrive/Documentos/GitHub/MotoresComerciales/MotoresComerciales/Content/Stylized_PBR_Nature/Foliage/Textures/T_Grass_D.ubulk" 2007
"C:/Users/bruwu/OneDrive/Documentos/GitHub/MotoresComerciales/MotoresComerciales/Content/Stylized_PBR_Nature/Foliage/Textures/T_Grass_D.uasset" 2008
"C:/Users/bruwu/OneDrive/Documentos/GitHub/MotoresComerciales/MotoresComerciales/Content/Stylized_PBR_Nature/Foliage/Textures/T_Grass_D.uexp" 2009
"../../../Engine/Content/Functions/Engine_MaterialFunctions01/WorldPositionOffset/SimpleGrassWind.uasset" 2010
"../../../Engine/Content/Functions/Engine_MaterialFunctions01/WorldPositionOffset/SimpleGrassWind.uexp" 2011
"C:/Users/bruwu/OneDrive/Documentos/GitHub/MotoresComerciales/MotoresComerciales/Content/Stylized_PBR_Nature/Foliage/Materials/M_Foliage_Master.uasset" 2012
"C:/Users/bruwu/OneDrive/Documentos/GitHub/MotoresComerciales/MotoresComerciales/Content/Stylized_PBR_Nature/Foliage/Materials/M_Foliage_Master.uexp" 2013
"C:/Users/bruwu/OneDrive/Documentos/GitHub/MotoresComerciales/MotoresComerciales/Content/Stylized_PBR_Nature/Foliage/Textures/T_Pine_Tree_Leaves_D.ubulk" 2014
"C:/Users/bruwu/OneDrive/Documentos/GitHub/MotoresComerciales/MotoresComerciales/Content/Stylized_PBR_Nature/Foliage/Textures/T_Pine_Tree_Leaves_D.uasset" 2015
"C:/Users/bruwu/OneDrive/Documentos/GitHub/MotoresComerciales/MotoresComerciales/Content/Stylized_PBR_Nature/Foliage/Textures/T_Pine_Tree_Leaves_D.uexp" 2016
"C:/Users/bruwu/OneDrive/Documentos/GitHub/MotoresComerciales/MotoresComerciales/Content/Stylized_PBR_Nature/Foliage/Materials/MI_Pine_Tree_Leaves.uasset" 2017
"C:/Users/bruwu/OneDrive/Documentos/GitHub/MotoresComerciales/MotoresComerciales/Content/Stylized_PBR_Nature/Foliage/Materials/MI_Pine_Tree_Leaves.uexp" 2018
"C:/Users/bruwu/OneDrive/Documentos/GitHub/MotoresComerciales/MotoresComerciales/Content/Stylized_PBR_Nature/Foliage/Textures/T_Pine_Tree_Trunk_ORM.ubulk" 2019
"C:/Users/bruwu/OneDrive/Documentos/GitHub/MotoresComerciales/MotoresComerciales/Content/Stylized_PBR_Nature/Foliage/Textures/T_Pine_Tree_Trunk_ORM.uasset" 2020
"C:/Users/bruwu/OneDrive/Documentos/GitHub/MotoresComerciales/MotoresComerciales/Content/Stylized_PBR_Nature/Foliage/Textures/T_Pine_Tree_Trunk_ORM.uexp" 2021
"C:/Users/bruwu/OneDrive/Documentos/GitHub/MotoresComerciales/MotoresComerciales/Content/Stylized_PBR_Nature/Foliage/Textures/T_Pine_Tree_Trunk_D.ubulk" 2022
"C:/Users/bruwu/OneDrive/Documentos/GitHub/MotoresComerciales/MotoresComerciales/Content/Stylized_PBR_Nature/Foliage/Textures/T_Pine_Tree_Trunk_D.uasset" 2023
"C:/Users/bruwu/OneDrive/Documentos/GitHub/MotoresComerciales/MotoresComerciales/Content/Stylized_PBR_Nature/Foliage/Textures/T_Pine_Tree_Trunk_D.uexp" 2024
"C:/Users/bruwu/OneDrive/Documentos/GitHub/MotoresComerciales/MotoresComerciales/Content/Stylized_PBR_Nature/Foliage/Textures/T_Pine_Tree_Trunk_N.ubulk" 2025
"C:/Users/bruwu/OneDrive/Documentos/GitHub/MotoresComerciales/MotoresComerciales/Content/Stylized_PBR_Nature/Foliage/Textures/T_Pine_Tree_Trunk_N.uasset" 2026
"C:/Users/bruwu/OneDrive/Documentos/GitHub/MotoresComerciales/MotoresComerciales/Content/Stylized_PBR_Nature/Foliage/Textures/T_Pine_Tree_Trunk_N.uexp" 2027
"C:/Users/bruwu/OneDrive/Documentos/GitHub/MotoresComerciales/MotoresComerciales/Content/Stylized_PBR_Nature/Foliage/Materials/M_Tree_Trunk_Master.uasset" 2028
"C:/Users/bruwu/OneDrive/Documentos/GitHub/MotoresComerciales/MotoresComerciales/Content/Stylized_PBR_Nature/Foliage/Materials/M_Tree_Trunk_Master.uexp" 2029
"C:/Users/bruwu/OneDrive/Documentos/GitHub/MotoresComerciales/MotoresComerciales/Content/Stylized_PBR_Nature/Foliage/Materials/MI_Pine_Trunk.uasset" 2030
"C:/Users/bruwu/OneDrive/Documentos/GitHub/MotoresComerciales/MotoresComerciales/Content/Stylized_PBR_Nature/Foliage/Materials/MI_Pine_Trunk.uexp" 2031
"C:/Users/bruwu/OneDrive/Documentos/GitHub/MotoresComerciales/MotoresComerciales/Content/Stylized_PBR_Nature/Foliage/Assets/SM_Pine_Tree_4.ubulk" 2032
"C:/Users/bruwu/OneDrive/Documentos/GitHub/MotoresComerciales/MotoresComerciales/Content/Stylized_PBR_Nature/Foliage/Assets/SM_Pine_Tree_4.uasset" 2033
"C:/Users/bruwu/OneDrive/Documentos/GitHub/MotoresComerciales/MotoresComerciales/Content/Stylized_PBR_Nature/Foliage/Assets/SM_Pine_Tree_4.uexp" 2034
"C:/Users/bruwu/OneDrive/Documentos/GitHub/MotoresComerciales/MotoresComerciales/Content/Stylized_PBR_Nature/Foliage/FoliageTypes/SM_Pine_Tree_4_FoliageType.uasset" 2035
"C:/Users/bruwu/OneDrive/Documentos/GitHub/MotoresComerciales/MotoresComerciales/Content/Stylized_PBR_Nature/Foliage/FoliageTypes/SM_Pine_Tree_4_FoliageType.uexp" 2036
"C:/Users/bruwu/OneDrive/Documentos/GitHub/MotoresComerciales/MotoresComerciales/Content/Stylized_PBR_Nature/Foliage/Assets/SM_Pine_Tree_3.ubulk" 2037
"C:/Users/bruwu/OneDrive/Documentos/GitHub/MotoresComerciales/MotoresComerciales/Content/Stylized_PBR_Nature/Foliage/Assets/SM_Pine_Tree_3.uasset" 2038
"C:/Users/bruwu/OneDrive/Documentos/GitHub/MotoresComerciales/MotoresComerciales/Content/Stylized_PBR_Nature/Foliage/Assets/SM_Pine_Tree_3.uexp" 2039
"C:/Users/bruwu/OneDrive/Documentos/GitHub/MotoresComerciales/MotoresComerciales/Content/Stylized_PBR_Nature/Foliage/FoliageTypes/SM_Pine_Tree_3_FoliageType.uasset" 2040
"C:/Users/bruwu/OneDrive/Documentos/GitHub/MotoresComerciales/MotoresComerciales/Content/Stylized_PBR_Nature/Foliage/FoliageTypes/SM_Pine_Tree_3_FoliageType.uexp" 2041
"C:/Users/bruwu/OneDrive/Documentos/GitHub/MotoresComerciales/MotoresComerciales/Content/Stylized_PBR_Nature/Foliage/Assets/SM_Pine_Tree_2.ubulk" 2042
"C:/Users/bruwu/OneDrive/Documentos/GitHub/MotoresComerciales/MotoresComerciales/Content/Stylized_PBR_Nature/Foliage/Assets/SM_Pine_Tree_2.uasset" 2043
"C:/Users/bruwu/OneDrive/Documentos/GitHub/MotoresComerciales/MotoresComerciales/Content/Stylized_PBR_Nature/Foliage/Assets/SM_Pine_Tree_2.uexp" 2044
"C:/Users/bruwu/OneDrive/Documentos/GitHub/MotoresComerciales/MotoresComerciales/Content/Stylized_PBR_Nature/Foliage/FoliageTypes/SM_Pine_Tree_2_FoliageType.uasset" 2045
"C:/Users/bruwu/OneDrive/Documentos/GitHub/MotoresComerciales/MotoresComerciales/Content/Stylized_PBR_Nature/Foliage/FoliageTypes/SM_Pine_Tree_2_FoliageType.uexp" 2046
"C:/Users/bruwu/OneDrive/Documentos/GitHub/MotoresComerciales/MotoresComerciales/Content/Stylized_PBR_Nature/Foliage/Assets/SM_Pine_Tree_1.ubulk" 2047
"C:/Users/bruwu/OneDrive/Documentos/GitHub/MotoresComerciales/MotoresComerciales/Content/Stylized_PBR_Nature/Foliage/Assets/SM_Pine_Tree_1.uasset" 2048
"C:/Users/bruwu/OneDrive/Documentos/GitHub/MotoresComerciales/MotoresComerciales/Content/Stylized_PBR_Nature/Foliage/Assets/SM_Pine_Tree_1.uexp" 2049
"C:/Users/bruwu/OneDrive/Documentos/GitHub/MotoresComerciales/MotoresComerciales/Content/Stylized_PBR_Nature/Foliage/FoliageTypes/SM_Pine_Tree_1_FoliageType.uasset" 2050
"C:/Users/bruwu/OneDrive/Documentos/GitHub/MotoresComerciales/MotoresComerciales/Content/Stylized_PBR_Nature/Foliage/FoliageTypes/SM_Pine_Tree_1_FoliageType.uexp" 2051
"C:/Users/bruwu/OneDrive/Documentos/GitHub/MotoresComerciales/MotoresComerciales/Content/Stylized_PBR_Nature/Foliage/Materials/MI_Grass.uasset" 2052
"C:/Users/bruwu/OneDrive/Documentos/GitHub/MotoresComerciales/MotoresComerciales/Content/Stylized_PBR_Nature/Foliage/Materials/MI_Grass.uexp" 2053
"C:/Users/bruwu/OneDrive/Documentos/GitHub/MotoresComerciales/MotoresComerciales/Content/Stylized_PBR_Nature/Foliage/Assets/SM_Grass.ubulk" 2054
"C:/Users/bruwu/OneDrive/Documentos/GitHub/MotoresComerciales/MotoresComerciales/Content/Stylized_PBR_Nature/Foliage/Assets/SM_Grass.uasset" 2055
"C:/Users/bruwu/OneDrive/Documentos/GitHub/MotoresComerciales/MotoresComerciales/Content/Stylized_PBR_Nature/Foliage/Assets/SM_Grass.uexp" 2056
"C:/Users/bruwu/OneDrive/Documentos/GitHub/MotoresComerciales/MotoresComerciales/Content/Stylized_PBR_Nature/Foliage/FoliageTypes/SM_Grass_FoliageType.uasset" 2057
"C:/Users/bruwu/OneDrive/Documentos/GitHub/MotoresComerciales/MotoresComerciales/Content/Stylized_PBR_Nature/Foliage/FoliageTypes/SM_Grass_FoliageType.uexp" 2058
"C:/Users/bruwu/OneDrive/Documentos/GitHub/MotoresComerciales/MotoresComerciales/Content/Stylized_PBR_Nature/Foliage/Textures/T_Fern_D.ubulk" 2059
"C:/Users/bruwu/OneDrive/Documentos/GitHub/MotoresComerciales/MotoresComerciales/Content/Stylized_PBR_Nature/Foliage/Textures/T_Fern_D.uasset" 2060
"C:/Users/bruwu/OneDrive/Documentos/GitHub/MotoresComerciales/MotoresComerciales/Content/Stylized_PBR_Nature/Foliage/Textures/T_Fern_D.uexp" 2061
"C:/Users/bruwu/OneDrive/Documentos/GitHub/MotoresComerciales/MotoresComerciales/Content/Stylized_PBR_Nature/Foliage/Materials/MI_Fern.uasset" 2062
"C:/Users/bruwu/OneDrive/Documentos/GitHub/MotoresComerciales/MotoresComerciales/Content/Stylized_PBR_Nature/Foliage/Materials/MI_Fern.uexp" 2063
"C:/Users/bruwu/OneDrive/Documentos/GitHub/MotoresComerciales/MotoresComerciales/Content/Stylized_PBR_Nature/Foliage/Assets/SM_Fern.ubulk" 2064
"C:/Users/bruwu/OneDrive/Documentos/GitHub/MotoresComerciales/MotoresComerciales/Content/Stylized_PBR_Nature/Foliage/Assets/SM_Fern.uasset" 2065
"C:/Users/bruwu/OneDrive/Documentos/GitHub/MotoresComerciales/MotoresComerciales/Content/Stylized_PBR_Nature/Foliage/Assets/SM_Fern.uexp" 2066
"C:/Users/bruwu/OneDrive/Documentos/GitHub/MotoresComerciales/MotoresComerciales/Content/Stylized_PBR_Nature/Foliage/FoliageTypes/SM_Fern_FoliageType.uasset" 2067
"C:/Users/bruwu/OneDrive/Documentos/GitHub/MotoresComerciales/MotoresComerciales/Content/Stylized_PBR_Nature/Foliage/FoliageTypes/SM_Fern_FoliageType.uexp" 2068
"C:/Users/bruwu/OneDrive/Documentos/GitHub/MotoresComerciales/MotoresComerciales/Content/Stylized_PBR_Nature/Foliage/Textures/T_Common_Tree_Leaves_D.ubulk" 2069
"C:/Users/bruwu/OneDrive/Documentos/GitHub/MotoresComerciales/MotoresComerciales/Content/Stylized_PBR_Nature/Foliage/Textures/T_Common_Tree_Leaves_D.uasset" 2070
"C:/Users/bruwu/OneDrive/Documentos/GitHub/MotoresComerciales/MotoresComerciales/Content/Stylized_PBR_Nature/Foliage/Textures/T_Common_Tree_Leaves_D.uexp" 2071
"C:/Users/bruwu/OneDrive/Documentos/GitHub/MotoresComerciales/MotoresComerciales/Content/Stylized_PBR_Nature/Foliage/Materials/MI_Common_Tree_Leaves.uasset" 2072
"C:/Users/bruwu/OneDrive/Documentos/GitHub/MotoresComerciales/MotoresComerciales/Content/Stylized_PBR_Nature/Foliage/Materials/MI_Common_Tree_Leaves.uexp" 2073
"C:/Users/bruwu/OneDrive/Documentos/GitHub/MotoresComerciales/MotoresComerciales/Content/Stylized_PBR_Nature/Foliage/Textures/T_Common_Tree_10_D.ubulk" 2074
"C:/Users/bruwu/OneDrive/Documentos/GitHub/MotoresComerciales/MotoresComerciales/Content/Stylized_PBR_Nature/Foliage/Textures/T_Common_Tree_10_D.uasset" 2075
"C:/Users/bruwu/OneDrive/Documentos/GitHub/MotoresComerciales/MotoresComerciales/Content/Stylized_PBR_Nature/Foliage/Textures/T_Common_Tree_10_D.uexp" 2076
"C:/Users/bruwu/OneDrive/Documentos/GitHub/MotoresComerciales/MotoresComerciales/Content/Stylized_PBR_Nature/Foliage/Textures/T_Common_Tree_10_N.ubulk" 2077
"C:/Users/bruwu/OneDrive/Documentos/GitHub/MotoresComerciales/MotoresComerciales/Content/Stylized_PBR_Nature/Foliage/Textures/T_Common_Tree_10_N.uasset" 2078
"C:/Users/bruwu/OneDrive/Documentos/GitHub/MotoresComerciales/MotoresComerciales/Content/Stylized_PBR_Nature/Foliage/Textures/T_Common_Tree_10_N.uexp" 2079
"C:/Users/bruwu/OneDrive/Documentos/GitHub/MotoresComerciales/MotoresComerciales/Content/Stylized_PBR_Nature/Foliage/Materials/MI_Common_Tree_10.uasset" 2080
"C:/Users/bruwu/OneDrive/Documentos/GitHub/MotoresComerciales/MotoresComerciales/Content/Stylized_PBR_Nature/Foliage/Materials/MI_Common_Tree_10.uexp" 2081
"C:/Users/bruwu/OneDrive/Documentos/GitHub/MotoresComerciales/MotoresComerciales/Content/Stylized_PBR_Nature/Foliage/Assets/SM_Common_Tree_10.ubulk" 2082
"C:/Users/bruwu/OneDrive/Documentos/GitHub/MotoresComerciales/MotoresComerciales/Content/Stylized_PBR_Nature/Foliage/Assets/SM_Common_Tree_10.uasset" 2083
"C:/Users/bruwu/OneDrive/Documentos/GitHub/MotoresComerciales/MotoresComerciales/Content/Stylized_PBR_Nature/Foliage/Assets/SM_Common_Tree_10.uexp" 2084
"C:/Users/bruwu/OneDrive/Documentos/GitHub/MotoresComerciales/MotoresComerciales/Content/Stylized_PBR_Nature/Foliage/FoliageTypes/SM_Common_Tree_10_FoliageType.uasset" 2085
"C:/Users/bruwu/OneDrive/Documentos/GitHub/MotoresComerciales/MotoresComerciales/Content/Stylized_PBR_Nature/Foliage/FoliageTypes/SM_Common_Tree_10_FoliageType.uexp" 2086
"C:/Users/bruwu/OneDrive/Documentos/GitHub/MotoresComerciales/MotoresComerciales/Content/Stylized_PBR_Nature/Foliage/Textures/T_Clover_D.ubulk" 2087
"C:/Users/bruwu/OneDrive/Documentos/GitHub/MotoresComerciales/MotoresComerciales/Content/Stylized_PBR_Nature/Foliage/Textures/T_Clover_D.uasset" 2088
"C:/Users/bruwu/OneDrive/Documentos/GitHub/MotoresComerciales/MotoresComerciales/Content/Stylized_PBR_Nature/Foliage/Textures/T_Clover_D.uexp" 2089
"C:/Users/bruwu/OneDrive/Documentos/GitHub/MotoresComerciales/MotoresComerciales/Content/Stylized_PBR_Nature/Foliage/Materials/MI_Clover.uasset" 2090
"C:/Users/bruwu/OneDrive/Documentos/GitHub/MotoresComerciales/MotoresComerciales/Content/Stylized_PBR_Nature/Foliage/Materials/MI_Clover.uexp" 2091
"C:/Users/bruwu/OneDrive/Documentos/GitHub/MotoresComerciales/MotoresComerciales/Content/Stylized_PBR_Nature/Foliage/Assets/SM_Clover.ubulk" 2092
"C:/Users/bruwu/OneDrive/Documentos/GitHub/MotoresComerciales/MotoresComerciales/Content/Stylized_PBR_Nature/Foliage/Assets/SM_Clover.uasset" 2093
"C:/Users/bruwu/OneDrive/Documentos/GitHub/MotoresComerciales/MotoresComerciales/Content/Stylized_PBR_Nature/Foliage/Assets/SM_Clover.uexp" 2094
"C:/Users/bruwu/OneDrive/Documentos/GitHub/MotoresComerciales/MotoresComerciales/Content/Stylized_PBR_Nature/Foliage/FoliageTypes/SM_Clover_FoliageType.uasset" 2095
"C:/Users/bruwu/OneDrive/Documentos/GitHub/MotoresComerciales/MotoresComerciales/Content/Stylized_PBR_Nature/Foliage/FoliageTypes/SM_Clover_FoliageType.uexp" 2096
"C:/Users/bruwu/OneDrive/Documentos/GitHub/MotoresComerciales/MotoresComerciales/Content/Stylized_PBR_Nature/Foliage/Materials/MI_Bush.uasset" 2097
"C:/Users/bruwu/OneDrive/Documentos/GitHub/MotoresComerciales/MotoresComerciales/Content/Stylized_PBR_Nature/Foliage/Materials/MI_Bush.uexp" 2098
"C:/Users/bruwu/OneDrive/Documentos/GitHub/MotoresComerciales/MotoresComerciales/Content/Stylized_PBR_Nature/Foliage/Assets/SM_Bush.ubulk" 2099
"C:/Users/bruwu/OneDrive/Documentos/GitHub/MotoresComerciales/MotoresComerciales/Content/Stylized_PBR_Nature/Foliage/Assets/SM_Bush.uasset" 2100
"C:/Users/bruwu/OneDrive/Documentos/GitHub/MotoresComerciales/MotoresComerciales/Content/Stylized_PBR_Nature/Foliage/Assets/SM_Bush.uexp" 2101
"C:/Users/bruwu/OneDrive/Documentos/GitHub/MotoresComerciales/MotoresComerciales/Content/Stylized_PBR_Nature/Foliage/FoliageTypes/SM_Bush_FoliageType.uasset" 2102
"C:/Users/bruwu/OneDrive/Documentos/GitHub/MotoresComerciales/MotoresComerciales/Content/Stylized_PBR_Nature/Foliage/FoliageTypes/SM_Bush_FoliageType.uexp" 2103
"C:/Users/bruwu/OneDrive/Documentos/GitHub/MotoresComerciales/MotoresComerciales/Content/Fantastic_Village_Pack/textures/T_wood_03_BC.ubulk" 2104
"C:/Users/bruwu/OneDrive/Documentos/GitHub/MotoresComerciales/MotoresComerciales/Content/Fantastic_Village_Pack/textures/T_wood_03_BC.uasset" 2105
"C:/Users/bruwu/OneDrive/Documentos/GitHub/MotoresComerciales/MotoresComerciales/Content/Fantastic_Village_Pack/textures/T_wood_03_BC.uexp" 2106
"C:/Users/bruwu/OneDrive/Documentos/GitHub/MotoresComerciales/MotoresComerciales/Content/Fantastic_Village_Pack/textures/T_ENV_plants_village_BC.ubulk" 2107
"C:/Users/bruwu/OneDrive/Documentos/GitHub/MotoresComerciales/MotoresComerciales/Content/Fantastic_Village_Pack/textures/T_ENV_plants_village_BC.uasset" 2108
"C:/Users/bruwu/OneDrive/Documentos/GitHub/MotoresComerciales/MotoresComerciales/Content/Fantastic_Village_Pack/textures/T_ENV_plants_village_BC.uexp" 2109
"C:/Users/bruwu/OneDrive/Documentos/GitHub/MotoresComerciales/MotoresComerciales/Content/Fantastic_Village_Pack/settings/MPC_wind.uasset" 2110
"C:/Users/bruwu/OneDrive/Documentos/GitHub/MotoresComerciales/MotoresComerciales/Content/Fantastic_Village_Pack/settings/MPC_wind.uexp" 2111
"../../../Engine/Content/Functions/Engine_MaterialFunctions02/WorldPositionOffset/ObjectPivotPoint.uasset" 2112
"../../../Engine/Content/Functions/Engine_MaterialFunctions02/WorldPositionOffset/ObjectPivotPoint.uexp" 2113
"C:/Users/bruwu/OneDrive/Documentos/GitHub/MotoresComerciales/MotoresComerciales/Content/Fantastic_Village_Pack/materials/master_materials/M_Master_transparent_plants_wind.uasset" 2114
"C:/Users/bruwu/OneDrive/Documentos/GitHub/MotoresComerciales/MotoresComerciales/Content/Fantastic_Village_Pack/materials/master_materials/M_Master_transparent_plants_wind.uexp" 2115
"C:/Users/bruwu/OneDrive/Documentos/GitHub/MotoresComerciales/MotoresComerciales/Content/Fantastic_Village_Pack/materials/MI_wood_3_wind.uasset" 2116
"C:/Users/bruwu/OneDrive/Documentos/GitHub/MotoresComerciales/MotoresComerciales/Content/Fantastic_Village_Pack/materials/MI_wood_3_wind.uexp" 2117
"C:/Users/bruwu/OneDrive/Documentos/GitHub/MotoresComerciales/MotoresComerciales/Content/Fantastic_Village_Pack/materials/MI_ENV_trees_wind.uasset" 2118
"C:/Users/bruwu/OneDrive/Documentos/GitHub/MotoresComerciales/MotoresComerciales/Content/Fantastic_Village_Pack/materials/MI_ENV_trees_wind.uexp" 2119
"C:/Users/bruwu/OneDrive/Documentos/GitHub/MotoresComerciales/MotoresComerciales/Content/Fantastic_Village_Pack/meshes/environment/SM_ENV_TREE_village_LOD0.ubulk" 2120
"C:/Users/bruwu/OneDrive/Documentos/GitHub/MotoresComerciales/MotoresComerciales/Content/Fantastic_Village_Pack/meshes/environment/SM_ENV_TREE_village_LOD0.uasset" 2121
"C:/Users/bruwu/OneDrive/Documentos/GitHub/MotoresComerciales/MotoresComerciales/Content/Fantastic_Village_Pack/meshes/environment/SM_ENV_TREE_village_LOD0.uexp" 2122
"C:/Users/bruwu/OneDrive/Documentos/GitHub/MotoresComerciales/MotoresComerciales/Content/Fantastic_Village_Pack/meshes/environment/arbol.uasset" 2123
"C:/Users/bruwu/OneDrive/Documentos/GitHub/MotoresComerciales/MotoresComerciales/Content/Fantastic_Village_Pack/meshes/environment/arbol.uexp" 2124
"C:/Users/bruwu/OneDrive/Documentos/GitHub/MotoresComerciales/MotoresComerciales/Content/Characters/Mannequin_UE4/Rigs/RTG_UE5Manny_UE4Manny.uasset" 2125
"C:/Users/bruwu/OneDrive/Documentos/GitHub/MotoresComerciales/MotoresComerciales/Content/Characters/Mannequin_UE4/Rigs/RTG_UE5Manny_UE4Manny.uexp" 2126
"C:/Users/bruwu/OneDrive/Documentos/GitHub/MotoresComerciales/MotoresComerciales/Content/Characters/Mannequin_UE4/Rigs/RTG_UE4Manny_UE5Manny.uasset" 2127
"C:/Users/bruwu/OneDrive/Documentos/GitHub/MotoresComerciales/MotoresComerciales/Content/Characters/Mannequin_UE4/Rigs/RTG_UE4Manny_UE5Manny.uexp" 2128
"C:/Users/bruwu/OneDrive/Documentos/GitHub/MotoresComerciales/MotoresComerciales/Content/Characters/Mannequin_UE4/Rigs/IK_UE4_Mannequin.uasset" 2129
"C:/Users/bruwu/OneDrive/Documentos/GitHub/MotoresComerciales/MotoresComerciales/Content/Characters/Mannequin_UE4/Rigs/IK_UE4_Mannequin.uexp" 2130
"C:/Users/bruwu/OneDrive/Documentos/GitHub/MotoresComerciales/MotoresComerciales/Content/Characters/Mannequin_UE4/Textures/T_UELogo_N_TGA.ubulk" 2131
"C:/Users/bruwu/OneDrive/Documentos/GitHub/MotoresComerciales/MotoresComerciales/Content/Characters/Mannequin_UE4/Textures/T_UELogo_N_TGA.uasset" 2132
"C:/Users/bruwu/OneDrive/Documentos/GitHub/MotoresComerciales/MotoresComerciales/Content/Characters/Mannequin_UE4/Textures/T_UELogo_N_TGA.uexp" 2133
"C:/Users/bruwu/OneDrive/Documentos/GitHub/MotoresComerciales/MotoresComerciales/Content/Characters/Mannequin_UE4/Textures/T_UE4_Mannequin__normals.ubulk" 2134
"C:/Users/bruwu/OneDrive/Documentos/GitHub/MotoresComerciales/MotoresComerciales/Content/Characters/Mannequin_UE4/Textures/T_UE4_Mannequin__normals.uasset" 2135
"C:/Users/bruwu/OneDrive/Documentos/GitHub/MotoresComerciales/MotoresComerciales/Content/Characters/Mannequin_UE4/Textures/T_UE4_Mannequin__normals.uexp" 2136
"C:/Users/bruwu/OneDrive/Documentos/GitHub/MotoresComerciales/MotoresComerciales/Content/Characters/Mannequin_UE4/Materials/Layers/ML_ShinyPlastic_Beige.uasset" 2137
"C:/Users/bruwu/OneDrive/Documentos/GitHub/MotoresComerciales/MotoresComerciales/Content/Characters/Mannequin_UE4/Materials/Layers/ML_ShinyPlastic_Beige.uexp" 2138
"../../../Engine/Content/Functions/Engine_MaterialFunctions02/Utility/BlendAngleCorrectedNormals.uasset" 2139
"../../../Engine/Content/Functions/Engine_MaterialFunctions02/Utility/BlendAngleCorrectedNormals.uexp" 2140
"../../../Engine/Content/Functions/MaterialLayerFunctions/MatLayerBlend_NormalBlend.uasset" 2141
"../../../Engine/Content/Functions/MaterialLayerFunctions/MatLayerBlend_NormalBlend.uexp" 2142
"C:/Users/bruwu/OneDrive/Documentos/GitHub/MotoresComerciales/MotoresComerciales/Content/Characters/Mannequin_UE4/Textures/T_UELogo_Mask.ubulk" 2143
"C:/Users/bruwu/OneDrive/Documentos/GitHub/MotoresComerciales/MotoresComerciales/Content/Characters/Mannequin_UE4/Textures/T_UELogo_Mask.uasset" 2144
"C:/Users/bruwu/OneDrive/Documentos/GitHub/MotoresComerciales/MotoresComerciales/Content/Characters/Mannequin_UE4/Textures/T_UELogo_Mask.uexp" 2145
"C:/Users/bruwu/OneDrive/Documentos/GitHub/MotoresComerciales/MotoresComerciales/Content/Characters/Mannequin_UE4/Materials/Layers/ML_ShinyPlastic_Beige_Logo.uasset" 2146
"C:/Users/bruwu/OneDrive/Documentos/GitHub/MotoresComerciales/MotoresComerciales/Content/Characters/Mannequin_UE4/Materials/Layers/ML_ShinyPlastic_Beige_Logo.uexp" 2147
"C:/Users/bruwu/OneDrive/Documentos/GitHub/MotoresComerciales/MotoresComerciales/Content/Characters/Mannequin_UE4/Textures/T_UE4_Mannequin_MAT_MASKA.ubulk" 2148
"C:/Users/bruwu/OneDrive/Documentos/GitHub/MotoresComerciales/MotoresComerciales/Content/Characters/Mannequin_UE4/Textures/T_UE4_Mannequin_MAT_MASKA.uasset" 2149
"C:/Users/bruwu/OneDrive/Documentos/GitHub/MotoresComerciales/MotoresComerciales/Content/Characters/Mannequin_UE4/Textures/T_UE4_Mannequin_MAT_MASKA.uexp" 2150
"C:/Users/bruwu/OneDrive/Documentos/GitHub/MotoresComerciales/MotoresComerciales/Content/Characters/Mannequin_UE4/Textures/T_ML_Aluminum01_N.ubulk" 2151
"C:/Users/bruwu/OneDrive/Documentos/GitHub/MotoresComerciales/MotoresComerciales/Content/Characters/Mannequin_UE4/Textures/T_ML_Aluminum01_N.uasset" 2152
"C:/Users/bruwu/OneDrive/Documentos/GitHub/MotoresComerciales/MotoresComerciales/Content/Characters/Mannequin_UE4/Textures/T_ML_Aluminum01_N.uexp" 2153
"C:/Users/bruwu/OneDrive/Documentos/GitHub/MotoresComerciales/MotoresComerciales/Content/Characters/Mannequin_UE4/Textures/T_ML_Aluminum01.ubulk" 2154
"C:/Users/bruwu/OneDrive/Documentos/GitHub/MotoresComerciales/MotoresComerciales/Content/Characters/Mannequin_UE4/Textures/T_ML_Aluminum01.uasset" 2155
"C:/Users/bruwu/OneDrive/Documentos/GitHub/MotoresComerciales/MotoresComerciales/Content/Characters/Mannequin_UE4/Textures/T_ML_Aluminum01.uexp" 2156
"C:/Users/bruwu/OneDrive/Documentos/GitHub/MotoresComerciales/MotoresComerciales/Content/Characters/Mannequin_UE4/Materials/Layers/ML_SoftMetal.uasset" 2157
"C:/Users/bruwu/OneDrive/Documentos/GitHub/MotoresComerciales/MotoresComerciales/Content/Characters/Mannequin_UE4/Materials/Layers/ML_SoftMetal.uexp" 2158
"../../../Engine/Content/Functions/MaterialLayerFunctions/MatLayerBlend_Simple.uasset" 2159
"../../../Engine/Content/Functions/MaterialLayerFunctions/MatLayerBlend_Simple.uexp" 2160
"C:/Users/bruwu/OneDrive/Documentos/GitHub/MotoresComerciales/MotoresComerciales/Content/Characters/Mannequin_UE4/Textures/T_ML_Rubber_Blue_01_N.ubulk" 2161
"C:/Users/bruwu/OneDrive/Documentos/GitHub/MotoresComerciales/MotoresComerciales/Content/Characters/Mannequin_UE4/Textures/T_ML_Rubber_Blue_01_N.uasset" 2162
"C:/Users/bruwu/OneDrive/Documentos/GitHub/MotoresComerciales/MotoresComerciales/Content/Characters/Mannequin_UE4/Textures/T_ML_Rubber_Blue_01_N.uexp" 2163
"C:/Users/bruwu/OneDrive/Documentos/GitHub/MotoresComerciales/MotoresComerciales/Content/Characters/Mannequin_UE4/Textures/T_ML_Rubber_Blue_01_D.ubulk" 2164
"C:/Users/bruwu/OneDrive/Documentos/GitHub/MotoresComerciales/MotoresComerciales/Content/Characters/Mannequin_UE4/Textures/T_ML_Rubber_Blue_01_D.uasset" 2165
"C:/Users/bruwu/OneDrive/Documentos/GitHub/MotoresComerciales/MotoresComerciales/Content/Characters/Mannequin_UE4/Textures/T_ML_Rubber_Blue_01_D.uexp" 2166
"C:/Users/bruwu/OneDrive/Documentos/GitHub/MotoresComerciales/MotoresComerciales/Content/Characters/Mannequin_UE4/Materials/Layers/ML_Latex_Black.uasset" 2167
"C:/Users/bruwu/OneDrive/Documentos/GitHub/MotoresComerciales/MotoresComerciales/Content/Characters/Mannequin_UE4/Materials/Layers/ML_Latex_Black.uexp" 2168
"C:/Users/bruwu/OneDrive/Documentos/GitHub/MotoresComerciales/MotoresComerciales/Content/Characters/Mannequin_UE4/Materials/M_MannequinUE4_Body.uasset" 2169
"C:/Users/bruwu/OneDrive/Documentos/GitHub/MotoresComerciales/MotoresComerciales/Content/Characters/Mannequin_UE4/Materials/M_MannequinUE4_Body.uexp" 2170
"C:/Users/bruwu/OneDrive/Documentos/GitHub/MotoresComerciales/MotoresComerciales/Content/Characters/Mannequin_UE4/Materials/M_MannequinUE4_ChestLogo.uasset" 2171
"C:/Users/bruwu/OneDrive/Documentos/GitHub/MotoresComerciales/MotoresComerciales/Content/Characters/Mannequin_UE4/Materials/M_MannequinUE4_ChestLogo.uexp" 2172
"C:/Users/bruwu/OneDrive/Documentos/GitHub/MotoresComerciales/MotoresComerciales/Content/Characters/Mannequin_UE4/Meshes/SK_Mannequin_PhysicsAsset.uasset" 2173
"C:/Users/bruwu/OneDrive/Documentos/GitHub/MotoresComerciales/MotoresComerciales/Content/Characters/Mannequin_UE4/Meshes/SK_Mannequin_PhysicsAsset.uexp" 2174
"C:/Users/bruwu/OneDrive/Documentos/GitHub/MotoresComerciales/MotoresComerciales/Content/Characters/Mannequin_UE4/Meshes/SK_Mannequin_Skeleton.uasset" 2175
"C:/Users/bruwu/OneDrive/Documentos/GitHub/MotoresComerciales/MotoresComerciales/Content/Characters/Mannequin_UE4/Meshes/SK_Mannequin_Skeleton.uexp" 2176
"C:/Users/bruwu/OneDrive/Documentos/GitHub/MotoresComerciales/MotoresComerciales/Content/Characters/Mannequin_UE4/Meshes/SK_Mannequin.uasset" 2177
"C:/Users/bruwu/OneDrive/Documentos/GitHub/MotoresComerciales/MotoresComerciales/Content/Characters/Mannequin_UE4/Meshes/SK_Mannequin.uexp" 2178
"../../../Engine/Content/Animation/DefaultAnimCurveCompressionSettings.uasset" 2179
"../../../Engine/Content/Animation/DefaultAnimCurveCompressionSettings.uexp" 2180
"../../../Engine/Content/Animation/DefaultAnimBoneCompressionSettings.uasset" 2181
"../../../Engine/Content/Animation/DefaultAnimBoneCompressionSettings.uexp" 2182
"C:/Users/bruwu/OneDrive/Documentos/GitHub/MotoresComerciales/MotoresComerciales/Content/Characters/Mannequin_UE4/Animations/Jog_Fwd.uasset" 2183
"C:/Users/bruwu/OneDrive/Documentos/GitHub/MotoresComerciales/MotoresComerciales/Content/Characters/Mannequin_UE4/Animations/Jog_Fwd.uexp" 2184
"C:/Users/bruwu/OneDrive/Documentos/GitHub/MotoresComerciales/MotoresComerciales/Content/Characters/Mannequins/Rigs/RTG_Mannequin.uasset" 2185
"C:/Users/bruwu/OneDrive/Documentos/GitHub/MotoresComerciales/MotoresComerciales/Content/Characters/Mannequins/Rigs/RTG_Mannequin.uexp" 2186
"C:/Users/bruwu/OneDrive/Documentos/GitHub/MotoresComerciales/MotoresComerciales/Content/Characters/Mannequins/Rigs/IK_Mannequin.uasset" 2187
"C:/Users/bruwu/OneDrive/Documentos/GitHub/MotoresComerciales/MotoresComerciales/Content/Characters/Mannequins/Rigs/IK_Mannequin.uexp" 2188
"../../../Engine/Plugins/Animation/ControlRig/Content/Controls/DefaultGizmoLibraryNormalized.uasset" 2189
"../../../Engine/Plugins/Animation/ControlRig/Content/Controls/DefaultGizmoLibraryNormalized.uexp" 2190
"C:/Users/bruwu/OneDrive/Documentos/GitHub/MotoresComerciales/MotoresComerciales/Content/Characters/Mannequins/Rigs/CR_Mannequin_Body.uasset" 2191
"C:/Users/bruwu/OneDrive/Documentos/GitHub/MotoresComerciales/MotoresComerciales/Content/Characters/Mannequins/Rigs/CR_Mannequin_Body.uexp" 2192
"C:/Users/bruwu/OneDrive/Documentos/GitHub/MotoresComerciales/MotoresComerciales/Content/Characters/Mannequins/Meshes/SK_Mannequin.uasset" 2193
"C:/Users/bruwu/OneDrive/Documentos/GitHub/MotoresComerciales/MotoresComerciales/Content/Characters/Mannequins/Meshes/SK_Mannequin.uexp" 2194
"C:/Users/bruwu/OneDrive/Documentos/GitHub/MotoresComerciales/MotoresComerciales/Content/Characters/Mannequins/Rigs/Poses/Quinn/Quinn_foot_l_anim.uasset" 2195
"C:/Users/bruwu/OneDrive/Documentos/GitHub/MotoresComerciales/MotoresComerciales/Content/Characters/Mannequins/Rigs/Poses/Quinn/Quinn_foot_l_anim.uexp" 2196
"C:/Users/bruwu/OneDrive/Documentos/GitHub/MotoresComerciales/MotoresComerciales/Content/Characters/Mannequins/Rigs/Poses/Quinn/Quinn_foot_l_pose.uasset" 2197
"C:/Users/bruwu/OneDrive/Documentos/GitHub/MotoresComerciales/MotoresComerciales/Content/Characters/Mannequins/Rigs/Poses/Quinn/Quinn_foot_l_pose.uexp" 2198
"C:/Users/bruwu/OneDrive/Documentos/GitHub/MotoresComerciales/MotoresComerciales/Content/Characters/Mannequins/Rigs/Poses/Quinn/Quinn_clavicle_l_anim.uasset" 2199
"C:/Users/bruwu/OneDrive/Documentos/GitHub/MotoresComerciales/MotoresComerciales/Content/Characters/Mannequins/Rigs/Poses/Quinn/Quinn_clavicle_l_anim.uexp" 2200
"C:/Users/bruwu/OneDrive/Documentos/GitHub/MotoresComerciales/MotoresComerciales/Content/Characters/Mannequins/Rigs/Poses/Quinn/Quinn_clavicle_l_pose.uasset" 2201
"C:/Users/bruwu/OneDrive/Documentos/GitHub/MotoresComerciales/MotoresComerciales/Content/Characters/Mannequins/Rigs/Poses/Quinn/Quinn_clavicle_l_pose.uexp" 2202
"C:/Users/bruwu/OneDrive/Documentos/GitHub/MotoresComerciales/MotoresComerciales/Content/Characters/Mannequins/Rigs/Poses/Quinn/Quinn_clavicle_r_anim.uasset" 2203
"C:/Users/bruwu/OneDrive/Documentos/GitHub/MotoresComerciales/MotoresComerciales/Content/Characters/Mannequins/Rigs/Poses/Quinn/Quinn_clavicle_r_anim.uexp" 2204
"C:/Users/bruwu/OneDrive/Documentos/GitHub/MotoresComerciales/MotoresComerciales/Content/Characters/Mannequins/Rigs/Poses/Quinn/Quinn_clavicle_r_pose.uasset" 2205
"C:/Users/bruwu/OneDrive/Documentos/GitHub/MotoresComerciales/MotoresComerciales/Content/Characters/Mannequins/Rigs/Poses/Quinn/Quinn_clavicle_r_pose.uexp" 2206
"C:/Users/bruwu/OneDrive/Documentos/GitHub/MotoresComerciales/MotoresComerciales/Content/Characters/Mannequins/Rigs/Poses/Quinn/Quinn_upperarm_l_anim.uasset" 2207
"C:/Users/bruwu/OneDrive/Documentos/GitHub/MotoresComerciales/MotoresComerciales/Content/Characters/Mannequins/Rigs/Poses/Quinn/Quinn_upperarm_l_anim.uexp" 2208
"C:/Users/bruwu/OneDrive/Documentos/GitHub/MotoresComerciales/MotoresComerciales/Content/Characters/Mannequins/Rigs/Poses/Quinn/Quinn_upperarm_l_pose.uasset" 2209
"C:/Users/bruwu/OneDrive/Documentos/GitHub/MotoresComerciales/MotoresComerciales/Content/Characters/Mannequins/Rigs/Poses/Quinn/Quinn_upperarm_l_pose.uexp" 2210
"C:/Users/bruwu/OneDrive/Documentos/GitHub/MotoresComerciales/MotoresComerciales/Content/Characters/Mannequins/Rigs/Poses/Quinn/Quinn_lowerarm_l_anim.uasset" 2211
"C:/Users/bruwu/OneDrive/Documentos/GitHub/MotoresComerciales/MotoresComerciales/Content/Characters/Mannequins/Rigs/Poses/Quinn/Quinn_lowerarm_l_anim.uexp" 2212
"C:/Users/bruwu/OneDrive/Documentos/GitHub/MotoresComerciales/MotoresComerciales/Content/Characters/Mannequins/Rigs/Poses/Quinn/Quinn_lowerarm_l_pose.uasset" 2213
"C:/Users/bruwu/OneDrive/Documentos/GitHub/MotoresComerciales/MotoresComerciales/Content/Characters/Mannequins/Rigs/Poses/Quinn/Quinn_lowerarm_l_pose.uexp" 2214
"C:/Users/bruwu/OneDrive/Documentos/GitHub/MotoresComerciales/MotoresComerciales/Content/Characters/Mannequins/Rigs/Poses/Quinn/Quinn_calf_l_anim.uasset" 2215
"C:/Users/bruwu/OneDrive/Documentos/GitHub/MotoresComerciales/MotoresComerciales/Content/Characters/Mannequins/Rigs/Poses/Quinn/Quinn_calf_l_anim.uexp" 2216
"C:/Users/bruwu/OneDrive/Documentos/GitHub/MotoresComerciales/MotoresComerciales/Content/Characters/Mannequins/Rigs/Poses/Quinn/Quinn_calf_l_pose.uasset" 2217
"C:/Users/bruwu/OneDrive/Documentos/GitHub/MotoresComerciales/MotoresComerciales/Content/Characters/Mannequins/Rigs/Poses/Quinn/Quinn_calf_l_pose.uexp" 2218
"../../../Engine/Plugins/Animation/ControlRig/Content/Controls/DefaultGizmoLibrary.uasset" 2219
"../../../Engine/Plugins/Animation/ControlRig/Content/Controls/DefaultGizmoLibrary.uexp" 2220
"C:/Users/bruwu/OneDrive/Documentos/GitHub/MotoresComerciales/MotoresComerciales/Content/Characters/Mannequins/Rigs/CR_Mannequin_Procedural.uasset" 2221
"C:/Users/bruwu/OneDrive/Documentos/GitHub/MotoresComerciales/MotoresComerciales/Content/Characters/Mannequins/Rigs/CR_Mannequin_Procedural.uexp" 2222
"C:/Users/bruwu/OneDrive/Documentos/GitHub/MotoresComerciales/MotoresComerciales/Content/Characters/Mannequins/Rigs/Poses/Quinn/Quinn_upperarm_r_anim.uasset" 2223
"C:/Users/bruwu/OneDrive/Documentos/GitHub/MotoresComerciales/MotoresComerciales/Content/Characters/Mannequins/Rigs/Poses/Quinn/Quinn_upperarm_r_anim.uexp" 2224
"C:/Users/bruwu/OneDrive/Documentos/GitHub/MotoresComerciales/MotoresComerciales/Content/Characters/Mannequins/Rigs/Poses/Quinn/Quinn_upperarm_r_pose.uasset" 2225
"C:/Users/bruwu/OneDrive/Documentos/GitHub/MotoresComerciales/MotoresComerciales/Content/Characters/Mannequins/Rigs/Poses/Quinn/Quinn_upperarm_r_pose.uexp" 2226
"C:/Users/bruwu/OneDrive/Documentos/GitHub/MotoresComerciales/MotoresComerciales/Content/Characters/Mannequins/Rigs/Poses/Quinn/Quinn_calf_r_anim.uasset" 2227
"C:/Users/bruwu/OneDrive/Documentos/GitHub/MotoresComerciales/MotoresComerciales/Content/Characters/Mannequins/Rigs/Poses/Quinn/Quinn_calf_r_anim.uexp" 2228
"C:/Users/bruwu/OneDrive/Documentos/GitHub/MotoresComerciales/MotoresComerciales/Content/Characters/Mannequins/Rigs/Poses/Quinn/Quinn_calf_r_pose.uasset" 2229
"C:/Users/bruwu/OneDrive/Documentos/GitHub/MotoresComerciales/MotoresComerciales/Content/Characters/Mannequins/Rigs/Poses/Quinn/Quinn_calf_r_pose.uexp" 2230
"C:/Users/bruwu/OneDrive/Documentos/GitHub/MotoresComerciales/MotoresComerciales/Content/Characters/Mannequins/Rigs/Poses/Quinn/Quinn_foot_r_anim.uasset" 2231
"C:/Users/bruwu/OneDrive/Documentos/GitHub/MotoresComerciales/MotoresComerciales/Content/Characters/Mannequins/Rigs/Poses/Quinn/Quinn_foot_r_anim.uexp" 2232
"C:/Users/bruwu/OneDrive/Documentos/GitHub/MotoresComerciales/MotoresComerciales/Content/Characters/Mannequins/Rigs/Poses/Quinn/Quinn_foot_r_pose.uasset" 2233
"C:/Users/bruwu/OneDrive/Documentos/GitHub/MotoresComerciales/MotoresComerciales/Content/Characters/Mannequins/Rigs/Poses/Quinn/Quinn_foot_r_pose.uexp" 2234
"C:/Users/bruwu/OneDrive/Documentos/GitHub/MotoresComerciales/MotoresComerciales/Content/Characters/Mannequins/Rigs/Poses/Quinn/Quinn_lowerarm_r_anim.uasset" 2235
"C:/Users/bruwu/OneDrive/Documentos/GitHub/MotoresComerciales/MotoresComerciales/Content/Characters/Mannequins/Rigs/Poses/Quinn/Quinn_lowerarm_r_anim.uexp" 2236
"C:/Users/bruwu/OneDrive/Documentos/GitHub/MotoresComerciales/MotoresComerciales/Content/Characters/Mannequins/Rigs/Poses/Quinn/Quinn_lowerarm_r_pose.uasset" 2237
"C:/Users/bruwu/OneDrive/Documentos/GitHub/MotoresComerciales/MotoresComerciales/Content/Characters/Mannequins/Rigs/Poses/Quinn/Quinn_lowerarm_r_pose.uexp" 2238
"C:/Users/bruwu/OneDrive/Documentos/GitHub/MotoresComerciales/MotoresComerciales/Content/Characters/Mannequins/Rigs/Poses/Quinn/Quinn_thigh_l_anim.uasset" 2239
"C:/Users/bruwu/OneDrive/Documentos/GitHub/MotoresComerciales/MotoresComerciales/Content/Characters/Mannequins/Rigs/Poses/Quinn/Quinn_thigh_l_anim.uexp" 2240
"C:/Users/bruwu/OneDrive/Documentos/GitHub/MotoresComerciales/MotoresComerciales/Content/Characters/Mannequins/Rigs/Poses/Quinn/Quinn_thigh_l_pose.uasset" 2241
"C:/Users/bruwu/OneDrive/Documentos/GitHub/MotoresComerciales/MotoresComerciales/Content/Characters/Mannequins/Rigs/Poses/Quinn/Quinn_thigh_l_pose.uexp" 2242
"C:/Users/bruwu/OneDrive/Documentos/GitHub/MotoresComerciales/MotoresComerciales/Content/Characters/Mannequins/Rigs/Poses/Quinn/Quinn_thigh_r_anim.uasset" 2243
"C:/Users/bruwu/OneDrive/Documentos/GitHub/MotoresComerciales/MotoresComerciales/Content/Characters/Mannequins/Rigs/Poses/Quinn/Quinn_thigh_r_anim.uexp" 2244
"C:/Users/bruwu/OneDrive/Documentos/GitHub/MotoresComerciales/MotoresComerciales/Content/Characters/Mannequins/Rigs/Poses/Quinn/Quinn_thigh_r_pose.uasset" 2245
"C:/Users/bruwu/OneDrive/Documentos/GitHub/MotoresComerciales/MotoresComerciales/Content/Characters/Mannequins/Rigs/Poses/Quinn/Quinn_thigh_r_pose.uexp" 2246
"C:/Users/bruwu/OneDrive/Documentos/GitHub/MotoresComerciales/MotoresComerciales/Content/Characters/Mannequins/Rigs/Poses/Quinn/Quinn_hand_l_anim.uasset" 2247
"C:/Users/bruwu/OneDrive/Documentos/GitHub/MotoresComerciales/MotoresComerciales/Content/Characters/Mannequins/Rigs/Poses/Quinn/Quinn_hand_l_anim.uexp" 2248
"C:/Users/bruwu/OneDrive/Documentos/GitHub/MotoresComerciales/MotoresComerciales/Content/Characters/Mannequins/Rigs/Poses/Quinn/Quinn_hand_l_pose.uasset" 2249
"C:/Users/bruwu/OneDrive/Documentos/GitHub/MotoresComerciales/MotoresComerciales/Content/Characters/Mannequins/Rigs/Poses/Quinn/Quinn_hand_l_pose.uexp" 2250
"C:/Users/bruwu/OneDrive/Documentos/GitHub/MotoresComerciales/MotoresComerciales/Content/Characters/Mannequins/Rigs/Poses/Quinn/Quinn_hand_r_anim.uasset" 2251
"C:/Users/bruwu/OneDrive/Documentos/GitHub/MotoresComerciales/MotoresComerciales/Content/Characters/Mannequins/Rigs/Poses/Quinn/Quinn_hand_r_anim.uexp" 2252
"C:/Users/bruwu/OneDrive/Documentos/GitHub/MotoresComerciales/MotoresComerciales/Content/Characters/Mannequins/Rigs/Poses/Quinn/Quinn_hand_r_pose.uasset" 2253
"C:/Users/bruwu/OneDrive/Documentos/GitHub/MotoresComerciales/MotoresComerciales/Content/Characters/Mannequins/Rigs/Poses/Quinn/Quinn_hand_r_pose.uexp" 2254
"C:/Users/bruwu/OneDrive/Documentos/GitHub/MotoresComerciales/MotoresComerciales/Content/Characters/Mannequins/Rigs/ABP_Quinn_PostProcess.uasset" 2255
"C:/Users/bruwu/OneDrive/Documentos/GitHub/MotoresComerciales/MotoresComerciales/Content/Characters/Mannequins/Rigs/ABP_Quinn_PostProcess.uexp" 2256
"C:/Users/bruwu/OneDrive/Documentos/GitHub/MotoresComerciales/MotoresComerciales/Content/Characters/Mannequins/Textures/Quinn/T_Quinn_02ID_MSR_MSK.ubulk" 2257
"C:/Users/bruwu/OneDrive/Documentos/GitHub/MotoresComerciales/MotoresComerciales/Content/Characters/Mannequins/Textures/Quinn/T_Quinn_02ID_MSR_MSK.uasset" 2258
"C:/Users/bruwu/OneDrive/Documentos/GitHub/MotoresComerciales/MotoresComerciales/Content/Characters/Mannequins/Textures/Quinn/T_Quinn_02ID_MSR_MSK.uexp" 2259
"C:/Users/bruwu/OneDrive/Documentos/GitHub/MotoresComerciales/MotoresComerciales/Content/Characters/Mannequins/Textures/Quinn/T_Quinn_02ID_BN.ubulk" 2260
"C:/Users/bruwu/OneDrive/Documentos/GitHub/MotoresComerciales/MotoresComerciales/Content/Characters/Mannequins/Textures/Quinn/T_Quinn_02ID_BN.uasset" 2261
"C:/Users/bruwu/OneDrive/Documentos/GitHub/MotoresComerciales/MotoresComerciales/Content/Characters/Mannequins/Textures/Quinn/T_Quinn_02ID_BN.uexp" 2262
"C:/Users/bruwu/OneDrive/Documentos/GitHub/MotoresComerciales/MotoresComerciales/Content/Characters/Mannequins/Textures/Quinn/T_Quinn_02_ASAOMASK_MSK.ubulk" 2263
"C:/Users/bruwu/OneDrive/Documentos/GitHub/MotoresComerciales/MotoresComerciales/Content/Characters/Mannequins/Textures/Quinn/T_Quinn_02_ASAOMASK_MSK.uasset" 2264
"C:/Users/bruwu/OneDrive/Documentos/GitHub/MotoresComerciales/MotoresComerciales/Content/Characters/Mannequins/Textures/Quinn/T_Quinn_02_ASAOMASK_MSK.uexp" 2265
"C:/Users/bruwu/OneDrive/Documentos/GitHub/MotoresComerciales/MotoresComerciales/Content/Characters/Mannequins/Textures/Quinn/T_Quinn_02_CCRCCPlastic_MSK.ubulk" 2266
"C:/Users/bruwu/OneDrive/Documentos/GitHub/MotoresComerciales/MotoresComerciales/Content/Characters/Mannequins/Textures/Quinn/T_Quinn_02_CCRCCPlastic_MSK.uasset" 2267
"C:/Users/bruwu/OneDrive/Documentos/GitHub/MotoresComerciales/MotoresComerciales/Content/Characters/Mannequins/Textures/Quinn/T_Quinn_02_CCRCCPlastic_MSK.uexp" 2268
"C:/Users/bruwu/OneDrive/Documentos/GitHub/MotoresComerciales/MotoresComerciales/Content/Characters/Mannequins/Textures/Quinn/T_Quinn_02ID_Tan.ubulk" 2269
"C:/Users/bruwu/OneDrive/Documentos/GitHub/MotoresComerciales/MotoresComerciales/Content/Characters/Mannequins/Textures/Quinn/T_Quinn_02ID_Tan.uasset" 2270
"C:/Users/bruwu/OneDrive/Documentos/GitHub/MotoresComerciales/MotoresComerciales/Content/Characters/Mannequins/Textures/Quinn/T_Quinn_02ID_Tan.uexp" 2271
"C:/Users/bruwu/OneDrive/Documentos/GitHub/MotoresComerciales/MotoresComerciales/Content/Characters/Mannequins/Textures/Quinn/T_Quinn_02ID_D.ubulk" 2272
"C:/Users/bruwu/OneDrive/Documentos/GitHub/MotoresComerciales/MotoresComerciales/Content/Characters/Mannequins/Textures/Quinn/T_Quinn_02ID_D.uasset" 2273
"C:/Users/bruwu/OneDrive/Documentos/GitHub/MotoresComerciales/MotoresComerciales/Content/Characters/Mannequins/Textures/Quinn/T_Quinn_02ID_D.uexp" 2274
"C:/Users/bruwu/OneDrive/Documentos/GitHub/MotoresComerciales/MotoresComerciales/Content/Characters/Mannequins/Textures/Quinn/T_Quinn_01ID_MSR_MSK.ubulk" 2275
"C:/Users/bruwu/OneDrive/Documentos/GitHub/MotoresComerciales/MotoresComerciales/Content/Characters/Mannequins/Textures/Quinn/T_Quinn_01ID_MSR_MSK.uasset" 2276
"C:/Users/bruwu/OneDrive/Documentos/GitHub/MotoresComerciales/MotoresComerciales/Content/Characters/Mannequins/Textures/Quinn/T_Quinn_01ID_MSR_MSK.uexp" 2277
"C:/Users/bruwu/OneDrive/Documentos/GitHub/MotoresComerciales/MotoresComerciales/Content/Characters/Mannequins/Materials/Functions/ChromaticCurve.uasset" 2278
"C:/Users/bruwu/OneDrive/Documentos/GitHub/MotoresComerciales/MotoresComerciales/Content/Characters/Mannequins/Materials/Functions/ChromaticCurve.uexp" 2279
"C:/Users/bruwu/OneDrive/Documentos/GitHub/MotoresComerciales/MotoresComerciales/Content/Characters/Mannequins/Materials/Functions/CA_Mannequin.uasset" 2280
"C:/Users/bruwu/OneDrive/Documentos/GitHub/MotoresComerciales/MotoresComerciales/Content/Characters/Mannequins/Materials/Functions/CA_Mannequin.uexp" 2281
"C:/Users/bruwu/OneDrive/Documentos/GitHub/MotoresComerciales/MotoresComerciales/Content/Characters/Mannequins/Materials/Functions/MF_Diffraction.uasset" 2282
"C:/Users/bruwu/OneDrive/Documentos/GitHub/MotoresComerciales/MotoresComerciales/Content/Characters/Mannequins/Materials/Functions/MF_Diffraction.uexp" 2283
"C:/Users/bruwu/OneDrive/Documentos/GitHub/MotoresComerciales/MotoresComerciales/Content/Characters/Mannequins/Textures/Manny/T_Manny_01_N.ubulk" 2284
"C:/Users/bruwu/OneDrive/Documentos/GitHub/MotoresComerciales/MotoresComerciales/Content/Characters/Mannequins/Textures/Manny/T_Manny_01_N.uasset" 2285
"C:/Users/bruwu/OneDrive/Documentos/GitHub/MotoresComerciales/MotoresComerciales/Content/Characters/Mannequins/Textures/Manny/T_Manny_01_N.uexp" 2286
"C:/Users/bruwu/OneDrive/Documentos/GitHub/MotoresComerciales/MotoresComerciales/Content/Characters/Mannequins/Materials/Functions/ML_BaseColorFallOff.uasset" 2287
"C:/Users/bruwu/OneDrive/Documentos/GitHub/MotoresComerciales/MotoresComerciales/Content/Characters/Mannequins/Materials/Functions/ML_BaseColorFallOff.uexp" 2288
"../../../Engine/Content/Functions/Engine_MaterialFunctions01/Texturing/ScaleUVsByCenter.uasset" 2289
"../../../Engine/Content/Functions/Engine_MaterialFunctions01/Texturing/ScaleUVsByCenter.uexp" 2290
"C:/Users/bruwu/OneDrive/Documentos/GitHub/MotoresComerciales/MotoresComerciales/Content/Characters/Mannequins/Textures/Shared/T_UE_Logo_M.uasset" 2291
"C:/Users/bruwu/OneDrive/Documentos/GitHub/MotoresComerciales/MotoresComerciales/Content/Characters/Mannequins/Textures/Shared/T_UE_Logo_M.uexp" 2292
"C:/Users/bruwu/OneDrive/Documentos/GitHub/MotoresComerciales/MotoresComerciales/Content/Characters/Mannequins/Materials/Functions/MF_logo3layers.uasset" 2293
"C:/Users/bruwu/OneDrive/Documentos/GitHub/MotoresComerciales/MotoresComerciales/Content/Characters/Mannequins/Materials/Functions/MF_logo3layers.uexp" 2294
"C:/Users/bruwu/OneDrive/Documentos/GitHub/MotoresComerciales/MotoresComerciales/Content/Characters/Mannequins/Textures/Manny/T_Manny_01_CCRCCPlastic_MSK.ubulk" 2295
"C:/Users/bruwu/OneDrive/Documentos/GitHub/MotoresComerciales/MotoresComerciales/Content/Characters/Mannequins/Textures/Manny/T_Manny_01_CCRCCPlastic_MSK.uasset" 2296
"C:/Users/bruwu/OneDrive/Documentos/GitHub/MotoresComerciales/MotoresComerciales/Content/Characters/Mannequins/Textures/Manny/T_Manny_01_CCRCCPlastic_MSK.uexp" 2297
"C:/Users/bruwu/OneDrive/Documentos/GitHub/MotoresComerciales/MotoresComerciales/Content/Characters/Mannequins/Textures/Manny/T_Manny_01_ASAOPMASK_MSK.ubulk" 2298
"C:/Users/bruwu/OneDrive/Documentos/GitHub/MotoresComerciales/MotoresComerciales/Content/Characters/Mannequins/Textures/Manny/T_Manny_01_ASAOPMASK_MSK.uasset" 2299
"C:/Users/bruwu/OneDrive/Documentos/GitHub/MotoresComerciales/MotoresComerciales/Content/Characters/Mannequins/Textures/Manny/T_Manny_01_ASAOPMASK_MSK.uexp" 2300
"C:/Users/bruwu/OneDrive/Documentos/GitHub/MotoresComerciales/MotoresComerciales/Content/Characters/Mannequins/Textures/Manny/T_Manny_01_MSR_MSK.ubulk" 2301
"C:/Users/bruwu/OneDrive/Documentos/GitHub/MotoresComerciales/MotoresComerciales/Content/Characters/Mannequins/Textures/Manny/T_Manny_01_MSR_MSK.uasset" 2302
"C:/Users/bruwu/OneDrive/Documentos/GitHub/MotoresComerciales/MotoresComerciales/Content/Characters/Mannequins/Textures/Manny/T_Manny_01_MSR_MSK.uexp" 2303
"C:/Users/bruwu/OneDrive/Documentos/GitHub/MotoresComerciales/MotoresComerciales/Content/Characters/Mannequins/Textures/Manny/T_Manny_01_BN.ubulk" 2304
"C:/Users/bruwu/OneDrive/Documentos/GitHub/MotoresComerciales/MotoresComerciales/Content/Characters/Mannequins/Textures/Manny/T_Manny_01_BN.uasset" 2305
"C:/Users/bruwu/OneDrive/Documentos/GitHub/MotoresComerciales/MotoresComerciales/Content/Characters/Mannequins/Textures/Manny/T_Manny_01_BN.uexp" 2306
"C:/Users/bruwu/OneDrive/Documentos/GitHub/MotoresComerciales/MotoresComerciales/Content/Characters/Mannequins/Textures/Manny/T_Manny_01_D.ubulk" 2307
"C:/Users/bruwu/OneDrive/Documentos/GitHub/MotoresComerciales/MotoresComerciales/Content/Characters/Mannequins/Textures/Manny/T_Manny_01_D.uasset" 2308
"C:/Users/bruwu/OneDrive/Documentos/GitHub/MotoresComerciales/MotoresComerciales/Content/Characters/Mannequins/Textures/Manny/T_Manny_01_D.uexp" 2309
"C:/Users/bruwu/OneDrive/Documentos/GitHub/MotoresComerciales/MotoresComerciales/Content/Characters/Mannequins/Textures/Manny/T_Manny_01_Tan.ubulk" 2310
"C:/Users/bruwu/OneDrive/Documentos/GitHub/MotoresComerciales/MotoresComerciales/Content/Characters/Mannequins/Textures/Manny/T_Manny_01_Tan.uasset" 2311
"C:/Users/bruwu/OneDrive/Documentos/GitHub/MotoresComerciales/MotoresComerciales/Content/Characters/Mannequins/Textures/Manny/T_Manny_01_Tan.uexp" 2312
"C:/Users/bruwu/OneDrive/Documentos/GitHub/MotoresComerciales/MotoresComerciales/Content/Characters/Mannequins/Materials/M_Mannequin.uasset" 2313
"C:/Users/bruwu/OneDrive/Documentos/GitHub/MotoresComerciales/MotoresComerciales/Content/Characters/Mannequins/Materials/M_Mannequin.uexp" 2314
"C:/Users/bruwu/OneDrive/Documentos/GitHub/MotoresComerciales/MotoresComerciales/Content/Characters/Mannequins/Textures/Quinn/T_Quinn_01_ASAOMASK_MSK.ubulk" 2315
"C:/Users/bruwu/OneDrive/Documentos/GitHub/MotoresComerciales/MotoresComerciales/Content/Characters/Mannequins/Textures/Quinn/T_Quinn_01_ASAOMASK_MSK.uasset" 2316
"C:/Users/bruwu/OneDrive/Documentos/GitHub/MotoresComerciales/MotoresComerciales/Content/Characters/Mannequins/Textures/Quinn/T_Quinn_01_ASAOMASK_MSK.uexp" 2317
"C:/Users/bruwu/OneDrive/Documentos/GitHub/MotoresComerciales/MotoresComerciales/Content/Characters/Mannequins/Textures/Quinn/T_Quinn_01ID_N.ubulk" 2318
"C:/Users/bruwu/OneDrive/Documentos/GitHub/MotoresComerciales/MotoresComerciales/Content/Characters/Mannequins/Textures/Quinn/T_Quinn_01ID_N.uasset" 2319
"C:/Users/bruwu/OneDrive/Documentos/GitHub/MotoresComerciales/MotoresComerciales/Content/Characters/Mannequins/Textures/Quinn/T_Quinn_01ID_N.uexp" 2320
"C:/Users/bruwu/OneDrive/Documentos/GitHub/MotoresComerciales/MotoresComerciales/Content/Characters/Mannequins/Textures/Quinn/T_Quinn_01ID_BN.ubulk" 2321
"C:/Users/bruwu/OneDrive/Documentos/GitHub/MotoresComerciales/MotoresComerciales/Content/Characters/Mannequins/Textures/Quinn/T_Quinn_01ID_BN.uasset" 2322
"C:/Users/bruwu/OneDrive/Documentos/GitHub/MotoresComerciales/MotoresComerciales/Content/Characters/Mannequins/Textures/Quinn/T_Quinn_01ID_BN.uexp" 2323
"C:/Users/bruwu/OneDrive/Documentos/GitHub/MotoresComerciales/MotoresComerciales/Content/Characters/Mannequins/Textures/Quinn/T_Quinn_01ID_D.ubulk" 2324
"C:/Users/bruwu/OneDrive/Documentos/GitHub/MotoresComerciales/MotoresComerciales/Content/Characters/Mannequins/Textures/Quinn/T_Quinn_01ID_D.uasset" 2325
"C:/Users/bruwu/OneDrive/Documentos/GitHub/MotoresComerciales/MotoresComerciales/Content/Characters/Mannequins/Textures/Quinn/T_Quinn_01ID_D.uexp" 2326
"C:/Users/bruwu/OneDrive/Documentos/GitHub/MotoresComerciales/MotoresComerciales/Content/Characters/Mannequins/Textures/Quinn/T_Quinn_01ID_Tan.ubulk" 2327
"C:/Users/bruwu/OneDrive/Documentos/GitHub/MotoresComerciales/MotoresComerciales/Content/Characters/Mannequins/Textures/Quinn/T_Quinn_01ID_Tan.uasset" 2328
"C:/Users/bruwu/OneDrive/Documentos/GitHub/MotoresComerciales/MotoresComerciales/Content/Characters/Mannequins/Textures/Quinn/T_Quinn_01ID_Tan.uexp" 2329
"C:/Users/bruwu/OneDrive/Documentos/GitHub/MotoresComerciales/MotoresComerciales/Content/Characters/Mannequins/Textures/Quinn/T_Quinn_01_CCRCCPlastic_MSK.ubulk" 2330
"C:/Users/bruwu/OneDrive/Documentos/GitHub/MotoresComerciales/MotoresComerciales/Content/Characters/Mannequins/Textures/Quinn/T_Quinn_01_CCRCCPlastic_MSK.uasset" 2331
"C:/Users/bruwu/OneDrive/Documentos/GitHub/MotoresComerciales/MotoresComerciales/Content/Characters/Mannequins/Textures/Quinn/T_Quinn_01_CCRCCPlastic_MSK.uexp" 2332
"C:/Users/bruwu/OneDrive/Documentos/GitHub/MotoresComerciales/MotoresComerciales/Content/Characters/Mannequins/Materials/Instances/Quinn/MI_Quinn_01.uasset" 2333
"C:/Users/bruwu/OneDrive/Documentos/GitHub/MotoresComerciales/MotoresComerciales/Content/Characters/Mannequins/Materials/Instances/Quinn/MI_Quinn_01.uexp" 2334
"C:/Users/bruwu/OneDrive/Documentos/GitHub/MotoresComerciales/MotoresComerciales/Content/Characters/Mannequins/Textures/Quinn/T_Quinn_02ID_N.ubulk" 2335
"C:/Users/bruwu/OneDrive/Documentos/GitHub/MotoresComerciales/MotoresComerciales/Content/Characters/Mannequins/Textures/Quinn/T_Quinn_02ID_N.uasset" 2336
"C:/Users/bruwu/OneDrive/Documentos/GitHub/MotoresComerciales/MotoresComerciales/Content/Characters/Mannequins/Textures/Quinn/T_Quinn_02ID_N.uexp" 2337
"C:/Users/bruwu/OneDrive/Documentos/GitHub/MotoresComerciales/MotoresComerciales/Content/Characters/Mannequins/Materials/Instances/Quinn/MI_Quinn_02.uasset" 2338
"C:/Users/bruwu/OneDrive/Documentos/GitHub/MotoresComerciales/MotoresComerciales/Content/Characters/Mannequins/Materials/Instances/Quinn/MI_Quinn_02.uexp" 2339
"C:/Users/bruwu/OneDrive/Documentos/GitHub/MotoresComerciales/MotoresComerciales/Content/Characters/Mannequins/Rigs/PA_Mannequin.uasset" 2340
"C:/Users/bruwu/OneDrive/Documentos/GitHub/MotoresComerciales/MotoresComerciales/Content/Characters/Mannequins/Rigs/PA_Mannequin.uexp" 2341
"C:/Users/bruwu/OneDrive/Documentos/GitHub/MotoresComerciales/MotoresComerciales/Content/Characters/Mannequins/Meshes/SKM_Quinn.uasset" 2342
"C:/Users/bruwu/OneDrive/Documentos/GitHub/MotoresComerciales/MotoresComerciales/Content/Characters/Mannequins/Meshes/SKM_Quinn.uexp" 2343
"C:/Users/bruwu/OneDrive/Documentos/GitHub/MotoresComerciales/MotoresComerciales/Content/Characters/Mannequins/Textures/Manny/T_Manny_02_MSR_MSK.ubulk" 2344
"C:/Users/bruwu/OneDrive/Documentos/GitHub/MotoresComerciales/MotoresComerciales/Content/Characters/Mannequins/Textures/Manny/T_Manny_02_MSR_MSK.uasset" 2345
"C:/Users/bruwu/OneDrive/Documentos/GitHub/MotoresComerciales/MotoresComerciales/Content/Characters/Mannequins/Textures/Manny/T_Manny_02_MSR_MSK.uexp" 2346
"C:/Users/bruwu/OneDrive/Documentos/GitHub/MotoresComerciales/MotoresComerciales/Content/Characters/Mannequins/Textures/Manny/T_Manny_02_CCRCCPlastic_MSK.ubulk" 2347
"C:/Users/bruwu/OneDrive/Documentos/GitHub/MotoresComerciales/MotoresComerciales/Content/Characters/Mannequins/Textures/Manny/T_Manny_02_CCRCCPlastic_MSK.uasset" 2348
"C:/Users/bruwu/OneDrive/Documentos/GitHub/MotoresComerciales/MotoresComerciales/Content/Characters/Mannequins/Textures/Manny/T_Manny_02_CCRCCPlastic_MSK.uexp" 2349
"C:/Users/bruwu/OneDrive/Documentos/GitHub/MotoresComerciales/MotoresComerciales/Content/Characters/Mannequins/Textures/Manny/T_Manny_02_Tan.ubulk" 2350
"C:/Users/bruwu/OneDrive/Documentos/GitHub/MotoresComerciales/MotoresComerciales/Content/Characters/Mannequins/Textures/Manny/T_Manny_02_Tan.uasset" 2351
"C:/Users/bruwu/OneDrive/Documentos/GitHub/MotoresComerciales/MotoresComerciales/Content/Characters/Mannequins/Textures/Manny/T_Manny_02_Tan.uexp" 2352
"C:/Users/bruwu/OneDrive/Documentos/GitHub/MotoresComerciales/MotoresComerciales/Content/Characters/Mannequins/Textures/Manny/T_Manny_02_N.ubulk" 2353
"C:/Users/bruwu/OneDrive/Documentos/GitHub/MotoresComerciales/MotoresComerciales/Content/Characters/Mannequins/Textures/Manny/T_Manny_02_N.uasset" 2354
"C:/Users/bruwu/OneDrive/Documentos/GitHub/MotoresComerciales/MotoresComerciales/Content/Characters/Mannequins/Textures/Manny/T_Manny_02_N.uexp" 2355
"C:/Users/bruwu/OneDrive/Documentos/GitHub/MotoresComerciales/MotoresComerciales/Content/Characters/Mannequins/Materials/Instances/Manny/MI_Manny_01.uasset" 2356
"C:/Users/bruwu/OneDrive/Documentos/GitHub/MotoresComerciales/MotoresComerciales/Content/Characters/Mannequins/Materials/Instances/Manny/MI_Manny_01.uexp" 2357
"C:/Users/bruwu/OneDrive/Documentos/GitHub/MotoresComerciales/MotoresComerciales/Content/Characters/Mannequins/Textures/Manny/T_Manny_02_BN.ubulk" 2358
"C:/Users/bruwu/OneDrive/Documentos/GitHub/MotoresComerciales/MotoresComerciales/Content/Characters/Mannequins/Textures/Manny/T_Manny_02_BN.uasset" 2359
"C:/Users/bruwu/OneDrive/Documentos/GitHub/MotoresComerciales/MotoresComerciales/Content/Characters/Mannequins/Textures/Manny/T_Manny_02_BN.uexp" 2360
"C:/Users/bruwu/OneDrive/Documentos/GitHub/MotoresComerciales/MotoresComerciales/Content/Characters/Mannequins/Textures/Manny/T_Manny_02_ASAOPMASK_MSK.ubulk" 2361
"C:/Users/bruwu/OneDrive/Documentos/GitHub/MotoresComerciales/MotoresComerciales/Content/Characters/Mannequins/Textures/Manny/T_Manny_02_ASAOPMASK_MSK.uasset" 2362
"C:/Users/bruwu/OneDrive/Documentos/GitHub/MotoresComerciales/MotoresComerciales/Content/Characters/Mannequins/Textures/Manny/T_Manny_02_ASAOPMASK_MSK.uexp" 2363
"C:/Users/bruwu/OneDrive/Documentos/GitHub/MotoresComerciales/MotoresComerciales/Content/Characters/Mannequins/Textures/Manny/T_Manny_02_D.ubulk" 2364
"C:/Users/bruwu/OneDrive/Documentos/GitHub/MotoresComerciales/MotoresComerciales/Content/Characters/Mannequins/Textures/Manny/T_Manny_02_D.uasset" 2365
"C:/Users/bruwu/OneDrive/Documentos/GitHub/MotoresComerciales/MotoresComerciales/Content/Characters/Mannequins/Textures/Manny/T_Manny_02_D.uexp" 2366
"C:/Users/bruwu/OneDrive/Documentos/GitHub/MotoresComerciales/MotoresComerciales/Content/Characters/Mannequins/Materials/Instances/Manny/MI_Manny_02.uasset" 2367
"C:/Users/bruwu/OneDrive/Documentos/GitHub/MotoresComerciales/MotoresComerciales/Content/Characters/Mannequins/Materials/Instances/Manny/MI_Manny_02.uexp" 2368
"C:/Users/bruwu/OneDrive/Documentos/GitHub/MotoresComerciales/MotoresComerciales/Content/Characters/Mannequins/Meshes/SKM_Manny_Simple.uasset" 2369
"C:/Users/bruwu/OneDrive/Documentos/GitHub/MotoresComerciales/MotoresComerciales/Content/Characters/Mannequins/Meshes/SKM_Manny_Simple.uexp" 2370
"C:/Users/bruwu/OneDrive/Documentos/GitHub/MotoresComerciales/MotoresComerciales/Content/Characters/Mannequins/Rigs/Poses/Manny/Manny_foot_l_anim.uasset" 2371
"C:/Users/bruwu/OneDrive/Documentos/GitHub/MotoresComerciales/MotoresComerciales/Content/Characters/Mannequins/Rigs/Poses/Manny/Manny_foot_l_anim.uexp" 2372
"C:/Users/bruwu/OneDrive/Documentos/GitHub/MotoresComerciales/MotoresComerciales/Content/Characters/Mannequins/Rigs/Poses/Manny/Manny_foot_l_pose.uasset" 2373
"C:/Users/bruwu/OneDrive/Documentos/GitHub/MotoresComerciales/MotoresComerciales/Content/Characters/Mannequins/Rigs/Poses/Manny/Manny_foot_l_pose.uexp" 2374
"C:/Users/bruwu/OneDrive/Documentos/GitHub/MotoresComerciales/MotoresComerciales/Content/Characters/Mannequins/Rigs/Poses/Manny/Manny_thigh_r_anim.uasset" 2375
"C:/Users/bruwu/OneDrive/Documentos/GitHub/MotoresComerciales/MotoresComerciales/Content/Characters/Mannequins/Rigs/Poses/Manny/Manny_thigh_r_anim.uexp" 2376
"C:/Users/bruwu/OneDrive/Documentos/GitHub/MotoresComerciales/MotoresComerciales/Content/Characters/Mannequins/Rigs/Poses/Manny/Manny_thigh_r_pose.uasset" 2377
"C:/Users/bruwu/OneDrive/Documentos/GitHub/MotoresComerciales/MotoresComerciales/Content/Characters/Mannequins/Rigs/Poses/Manny/Manny_thigh_r_pose.uexp" 2378
"C:/Users/bruwu/OneDrive/Documentos/GitHub/MotoresComerciales/MotoresComerciales/Content/Characters/Mannequins/Rigs/Poses/Manny/Manny_hand_r_anim.uasset" 2379
"C:/Users/bruwu/OneDrive/Documentos/GitHub/MotoresComerciales/MotoresComerciales/Content/Characters/Mannequins/Rigs/Poses/Manny/Manny_hand_r_anim.uexp" 2380
"C:/Users/bruwu/OneDrive/Documentos/GitHub/MotoresComerciales/MotoresComerciales/Content/Characters/Mannequins/Rigs/Poses/Manny/Manny_hand_r_pose.uasset" 2381
"C:/Users/bruwu/OneDrive/Documentos/GitHub/MotoresComerciales/MotoresComerciales/Content/Characters/Mannequins/Rigs/Poses/Manny/Manny_hand_r_pose.uexp" 2382
"C:/Users/bruwu/OneDrive/Documentos/GitHub/MotoresComerciales/MotoresComerciales/Content/Characters/Mannequins/Rigs/Poses/Manny/Manny_clavicle_l_anim.uasset" 2383
"C:/Users/bruwu/OneDrive/Documentos/GitHub/MotoresComerciales/MotoresComerciales/Content/Characters/Mannequins/Rigs/Poses/Manny/Manny_clavicle_l_anim.uexp" 2384
"C:/Users/bruwu/OneDrive/Documentos/GitHub/MotoresComerciales/MotoresComerciales/Content/Characters/Mannequins/Rigs/Poses/Manny/Manny_clavicle_l_pose.uasset" 2385
"C:/Users/bruwu/OneDrive/Documentos/GitHub/MotoresComerciales/MotoresComerciales/Content/Characters/Mannequins/Rigs/Poses/Manny/Manny_clavicle_l_pose.uexp" 2386
"C:/Users/bruwu/OneDrive/Documentos/GitHub/MotoresComerciales/MotoresComerciales/Content/Characters/Mannequins/Rigs/Poses/Manny/Manny_calf_l_anim.uasset" 2387
"C:/Users/bruwu/OneDrive/Documentos/GitHub/MotoresComerciales/MotoresComerciales/Content/Characters/Mannequins/Rigs/Poses/Manny/Manny_calf_l_anim.uexp" 2388
"C:/Users/bruwu/OneDrive/Documentos/GitHub/MotoresComerciales/MotoresComerciales/Content/Characters/Mannequins/Rigs/Poses/Manny/Manny_calf_l_pose.uasset" 2389
"C:/Users/bruwu/OneDrive/Documentos/GitHub/MotoresComerciales/MotoresComerciales/Content/Characters/Mannequins/Rigs/Poses/Manny/Manny_calf_l_pose.uexp" 2390
"C:/Users/bruwu/OneDrive/Documentos/GitHub/MotoresComerciales/MotoresComerciales/Content/Characters/Mannequins/Rigs/Poses/Manny/Manny_hand_l_anim.uasset" 2391
"C:/Users/bruwu/OneDrive/Documentos/GitHub/MotoresComerciales/MotoresComerciales/Content/Characters/Mannequins/Rigs/Poses/Manny/Manny_hand_l_anim.uexp" 2392
"C:/Users/bruwu/OneDrive/Documentos/GitHub/MotoresComerciales/MotoresComerciales/Content/Characters/Mannequins/Rigs/Poses/Manny/Manny_hand_l_pose.uasset" 2393
"C:/Users/bruwu/OneDrive/Documentos/GitHub/MotoresComerciales/MotoresComerciales/Content/Characters/Mannequins/Rigs/Poses/Manny/Manny_hand_l_pose.uexp" 2394
"C:/Users/bruwu/OneDrive/Documentos/GitHub/MotoresComerciales/MotoresComerciales/Content/Characters/Mannequins/Rigs/Poses/Manny/Manny_upperarm_r_anim.uasset" 2395
"C:/Users/bruwu/OneDrive/Documentos/GitHub/MotoresComerciales/MotoresComerciales/Content/Characters/Mannequins/Rigs/Poses/Manny/Manny_upperarm_r_anim.uexp" 2396
"C:/Users/bruwu/OneDrive/Documentos/GitHub/MotoresComerciales/MotoresComerciales/Content/Characters/Mannequins/Rigs/Poses/Manny/Manny_upperarm_r_pose.uasset" 2397
"C:/Users/bruwu/OneDrive/Documentos/GitHub/MotoresComerciales/MotoresComerciales/Content/Characters/Mannequins/Rigs/Poses/Manny/Manny_upperarm_r_pose.uexp" 2398
"C:/Users/bruwu/OneDrive/Documentos/GitHub/MotoresComerciales/MotoresComerciales/Content/Characters/Mannequins/Rigs/Poses/Manny/Manny_lowerarm_r_anim.uasset" 2399
"C:/Users/bruwu/OneDrive/Documentos/GitHub/MotoresComerciales/MotoresComerciales/Content/Characters/Mannequins/Rigs/Poses/Manny/Manny_lowerarm_r_anim.uexp" 2400
"C:/Users/bruwu/OneDrive/Documentos/GitHub/MotoresComerciales/MotoresComerciales/Content/Characters/Mannequins/Rigs/Poses/Manny/Manny_lowerarm_r_pose.uasset" 2401
"C:/Users/bruwu/OneDrive/Documentos/GitHub/MotoresComerciales/MotoresComerciales/Content/Characters/Mannequins/Rigs/Poses/Manny/Manny_lowerarm_r_pose.uexp" 2402
"C:/Users/bruwu/OneDrive/Documentos/GitHub/MotoresComerciales/MotoresComerciales/Content/Characters/Mannequins/Rigs/Poses/Manny/Manny_calf_r_anim.uasset" 2403
"C:/Users/bruwu/OneDrive/Documentos/GitHub/MotoresComerciales/MotoresComerciales/Content/Characters/Mannequins/Rigs/Poses/Manny/Manny_calf_r_anim.uexp" 2404
"C:/Users/bruwu/OneDrive/Documentos/GitHub/MotoresComerciales/MotoresComerciales/Content/Characters/Mannequins/Rigs/Poses/Manny/Manny_calf_r_pose.uasset" 2405
"C:/Users/bruwu/OneDrive/Documentos/GitHub/MotoresComerciales/MotoresComerciales/Content/Characters/Mannequins/Rigs/Poses/Manny/Manny_calf_r_pose.uexp" 2406
"C:/Users/bruwu/OneDrive/Documentos/GitHub/MotoresComerciales/MotoresComerciales/Content/Characters/Mannequins/Rigs/Poses/Manny/Manny_foot_r_anim.uasset" 2407
"C:/Users/bruwu/OneDrive/Documentos/GitHub/MotoresComerciales/MotoresComerciales/Content/Characters/Mannequins/Rigs/Poses/Manny/Manny_foot_r_anim.uexp" 2408
"C:/Users/bruwu/OneDrive/Documentos/GitHub/MotoresComerciales/MotoresComerciales/Content/Characters/Mannequins/Rigs/Poses/Manny/Manny_foot_r_pose.uasset" 2409
"C:/Users/bruwu/OneDrive/Documentos/GitHub/MotoresComerciales/MotoresComerciales/Content/Characters/Mannequins/Rigs/Poses/Manny/Manny_foot_r_pose.uexp" 2410
"C:/Users/bruwu/OneDrive/Documentos/GitHub/MotoresComerciales/MotoresComerciales/Content/Characters/Mannequins/Rigs/Poses/Manny/Manny_lowerarm_l_anim.uasset" 2411
"C:/Users/bruwu/OneDrive/Documentos/GitHub/MotoresComerciales/MotoresComerciales/Content/Characters/Mannequins/Rigs/Poses/Manny/Manny_lowerarm_l_anim.uexp" 2412
"C:/Users/bruwu/OneDrive/Documentos/GitHub/MotoresComerciales/MotoresComerciales/Content/Characters/Mannequins/Rigs/Poses/Manny/Manny_lowerarm_l_pose.uasset" 2413
"C:/Users/bruwu/OneDrive/Documentos/GitHub/MotoresComerciales/MotoresComerciales/Content/Characters/Mannequins/Rigs/Poses/Manny/Manny_lowerarm_l_pose.uexp" 2414
"C:/Users/bruwu/OneDrive/Documentos/GitHub/MotoresComerciales/MotoresComerciales/Content/Characters/Mannequins/Rigs/Poses/Manny/Manny_clavicle_r_anim.uasset" 2415
"C:/Users/bruwu/OneDrive/Documentos/GitHub/MotoresComerciales/MotoresComerciales/Content/Characters/Mannequins/Rigs/Poses/Manny/Manny_clavicle_r_anim.uexp" 2416
"C:/Users/bruwu/OneDrive/Documentos/GitHub/MotoresComerciales/MotoresComerciales/Content/Characters/Mannequins/Rigs/Poses/Manny/Manny_clavicle_r_pose.uasset" 2417
"C:/Users/bruwu/OneDrive/Documentos/GitHub/MotoresComerciales/MotoresComerciales/Content/Characters/Mannequins/Rigs/Poses/Manny/Manny_clavicle_r_pose.uexp" 2418
"C:/Users/bruwu/OneDrive/Documentos/GitHub/MotoresComerciales/MotoresComerciales/Content/Characters/Mannequins/Rigs/Poses/Manny/Manny_thigh_l_anim.uasset" 2419
"C:/Users/bruwu/OneDrive/Documentos/GitHub/MotoresComerciales/MotoresComerciales/Content/Characters/Mannequins/Rigs/Poses/Manny/Manny_thigh_l_anim.uexp" 2420
"C:/Users/bruwu/OneDrive/Documentos/GitHub/MotoresComerciales/MotoresComerciales/Content/Characters/Mannequins/Rigs/Poses/Manny/Manny_thigh_l_pose.uasset" 2421
"C:/Users/bruwu/OneDrive/Documentos/GitHub/MotoresComerciales/MotoresComerciales/Content/Characters/Mannequins/Rigs/Poses/Manny/Manny_thigh_l_pose.uexp" 2422
"C:/Users/bruwu/OneDrive/Documentos/GitHub/MotoresComerciales/MotoresComerciales/Content/Characters/Mannequins/Rigs/Poses/Manny/Manny_upperarm_l_anim.uasset" 2423
"C:/Users/bruwu/OneDrive/Documentos/GitHub/MotoresComerciales/MotoresComerciales/Content/Characters/Mannequins/Rigs/Poses/Manny/Manny_upperarm_l_anim.uexp" 2424
"C:/Users/bruwu/OneDrive/Documentos/GitHub/MotoresComerciales/MotoresComerciales/Content/Characters/Mannequins/Rigs/Poses/Manny/Manny_upperarm_l_pose.uasset" 2425
"C:/Users/bruwu/OneDrive/Documentos/GitHub/MotoresComerciales/MotoresComerciales/Content/Characters/Mannequins/Rigs/Poses/Manny/Manny_upperarm_l_pose.uexp" 2426
"C:/Users/bruwu/OneDrive/Documentos/GitHub/MotoresComerciales/MotoresComerciales/Content/Characters/Mannequins/Rigs/ABP_Manny_PostProcess.uasset" 2427
"C:/Users/bruwu/OneDrive/Documentos/GitHub/MotoresComerciales/MotoresComerciales/Content/Characters/Mannequins/Rigs/ABP_Manny_PostProcess.uexp" 2428
"C:/Users/bruwu/OneDrive/Documentos/GitHub/MotoresComerciales/MotoresComerciales/Content/Characters/Mannequins/Meshes/SKM_Manny.uasset" 2429
"C:/Users/bruwu/OneDrive/Documentos/GitHub/MotoresComerciales/MotoresComerciales/Content/Characters/Mannequins/Meshes/SKM_Manny.uexp" 2430
"C:/Users/bruwu/OneDrive/Documentos/GitHub/MotoresComerciales/MotoresComerciales/Content/Characters/Mannequins/Meshes/Mannequin_LODSettings.uasset" 2431
"C:/Users/bruwu/OneDrive/Documentos/GitHub/MotoresComerciales/MotoresComerciales/Content/Characters/Mannequins/Meshes/Mannequin_LODSettings.uexp" 2432
"C:/Users/bruwu/OneDrive/Documentos/GitHub/MotoresComerciales/MotoresComerciales/Content/Fantastic_Village_Pack/textures/T_wood_05_BC.ubulk" 2433
"C:/Users/bruwu/OneDrive/Documentos/GitHub/MotoresComerciales/MotoresComerciales/Content/Fantastic_Village_Pack/textures/T_wood_05_BC.uasset" 2434
"C:/Users/bruwu/OneDrive/Documentos/GitHub/MotoresComerciales/MotoresComerciales/Content/Fantastic_Village_Pack/textures/T_wood_05_BC.uexp" 2435
"C:/Users/bruwu/OneDrive/Documentos/GitHub/MotoresComerciales/MotoresComerciales/Content/Fantastic_Village_Pack/textures/T_wood_05_N.ubulk" 2436
"C:/Users/bruwu/OneDrive/Documentos/GitHub/MotoresComerciales/MotoresComerciales/Content/Fantastic_Village_Pack/textures/T_wood_05_N.uasset" 2437
"C:/Users/bruwu/OneDrive/Documentos/GitHub/MotoresComerciales/MotoresComerciales/Content/Fantastic_Village_Pack/textures/T_wood_05_N.uexp" 2438
"C:/Users/bruwu/OneDrive/Documentos/GitHub/MotoresComerciales/MotoresComerciales/Content/Fantastic_Village_Pack/materials/MI_wood_05.uasset" 2439
"C:/Users/bruwu/OneDrive/Documentos/GitHub/MotoresComerciales/MotoresComerciales/Content/Fantastic_Village_Pack/materials/MI_wood_05.uexp" 2440
"C:/Users/bruwu/OneDrive/Documentos/GitHub/MotoresComerciales/MotoresComerciales/Content/Fantastic_Village_Pack/textures/T_metal_02_BC.ubulk" 2441
"C:/Users/bruwu/OneDrive/Documentos/GitHub/MotoresComerciales/MotoresComerciales/Content/Fantastic_Village_Pack/textures/T_metal_02_BC.uasset" 2442
"C:/Users/bruwu/OneDrive/Documentos/GitHub/MotoresComerciales/MotoresComerciales/Content/Fantastic_Village_Pack/textures/T_metal_02_BC.uexp" 2443
"C:/Users/bruwu/OneDrive/Documentos/GitHub/MotoresComerciales/MotoresComerciales/Content/Fantastic_Village_Pack/textures/T_metal_01_N.ubulk" 2444
"C:/Users/bruwu/OneDrive/Documentos/GitHub/MotoresComerciales/MotoresComerciales/Content/Fantastic_Village_Pack/textures/T_metal_01_N.uasset" 2445
"C:/Users/bruwu/OneDrive/Documentos/GitHub/MotoresComerciales/MotoresComerciales/Content/Fantastic_Village_Pack/textures/T_metal_01_N.uexp" 2446
"C:/Users/bruwu/OneDrive/Documentos/GitHub/MotoresComerciales/MotoresComerciales/Content/Fantastic_Village_Pack/materials/MI_metal_02.uasset" 2447
"C:/Users/bruwu/OneDrive/Documentos/GitHub/MotoresComerciales/MotoresComerciales/Content/Fantastic_Village_Pack/materials/MI_metal_02.uexp" 2448
"C:/Users/bruwu/OneDrive/Documentos/GitHub/MotoresComerciales/MotoresComerciales/Content/Fantastic_Village_Pack/meshes/props/vehicles/SM_PROP_rowboat_paddle_01.ubulk" 2449
"C:/Users/bruwu/OneDrive/Documentos/GitHub/MotoresComerciales/MotoresComerciales/Content/Fantastic_Village_Pack/meshes/props/vehicles/SM_PROP_rowboat_paddle_01.uasset" 2450
"C:/Users/bruwu/OneDrive/Documentos/GitHub/MotoresComerciales/MotoresComerciales/Content/Fantastic_Village_Pack/meshes/props/vehicles/SM_PROP_rowboat_paddle_01.uexp" 2451
"C:/Users/bruwu/OneDrive/Documentos/GitHub/MotoresComerciales/MotoresComerciales/Content/Fantastic_Village_Pack/materials/MI_CLR_emission_yellow.uasset" 2452
"C:/Users/bruwu/OneDrive/Documentos/GitHub/MotoresComerciales/MotoresComerciales/Content/Fantastic_Village_Pack/materials/MI_CLR_emission_yellow.uexp" 2453
"C:/Users/bruwu/OneDrive/Documentos/GitHub/MotoresComerciales/MotoresComerciales/Content/Fantastic_Village_Pack/meshes/props/vehicles/SM_PROP_rowboat_lantern.ubulk" 2454
"C:/Users/bruwu/OneDrive/Documentos/GitHub/MotoresComerciales/MotoresComerciales/Content/Fantastic_Village_Pack/meshes/props/vehicles/SM_PROP_rowboat_lantern.uasset" 2455
"C:/Users/bruwu/OneDrive/Documentos/GitHub/MotoresComerciales/MotoresComerciales/Content/Fantastic_Village_Pack/meshes/props/vehicles/SM_PROP_rowboat_lantern.uexp" 2456
"C:/Users/bruwu/OneDrive/Documentos/GitHub/MotoresComerciales/MotoresComerciales/Content/Fantastic_Village_Pack/textures/T_metal_01_BC.ubulk" 2457
"C:/Users/bruwu/OneDrive/Documentos/GitHub/MotoresComerciales/MotoresComerciales/Content/Fantastic_Village_Pack/textures/T_metal_01_BC.uasset" 2458
"C:/Users/bruwu/OneDrive/Documentos/GitHub/MotoresComerciales/MotoresComerciales/Content/Fantastic_Village_Pack/textures/T_metal_01_BC.uexp" 2459
"C:/Users/bruwu/OneDrive/Documentos/GitHub/MotoresComerciales/MotoresComerciales/Content/Fantastic_Village_Pack/materials/MI_metal_01.uasset" 2460
"C:/Users/bruwu/OneDrive/Documentos/GitHub/MotoresComerciales/MotoresComerciales/Content/Fantastic_Village_Pack/materials/MI_metal_01.uexp" 2461
"C:/Users/bruwu/OneDrive/Documentos/GitHub/MotoresComerciales/MotoresComerciales/Content/Fantastic_Village_Pack/meshes/props/vehicles/SM_PROP_rowboat_handle_01.ubulk" 2462
"C:/Users/bruwu/OneDrive/Documentos/GitHub/MotoresComerciales/MotoresComerciales/Content/Fantastic_Village_Pack/meshes/props/vehicles/SM_PROP_rowboat_handle_01.uasset" 2463
"C:/Users/bruwu/OneDrive/Documentos/GitHub/MotoresComerciales/MotoresComerciales/Content/Fantastic_Village_Pack/meshes/props/vehicles/SM_PROP_rowboat_handle_01.uexp" 2464
"C:/Users/bruwu/OneDrive/Documentos/GitHub/MotoresComerciales/MotoresComerciales/Content/Fantastic_Village_Pack/textures/T_wood_07_BC.ubulk" 2465
"C:/Users/bruwu/OneDrive/Documentos/GitHub/MotoresComerciales/MotoresComerciales/Content/Fantastic_Village_Pack/textures/T_wood_07_BC.uasset" 2466
"C:/Users/bruwu/OneDrive/Documentos/GitHub/MotoresComerciales/MotoresComerciales/Content/Fantastic_Village_Pack/textures/T_wood_07_BC.uexp" 2467
"C:/Users/bruwu/OneDrive/Documentos/GitHub/MotoresComerciales/MotoresComerciales/Content/Fantastic_Village_Pack/textures/T_wood_07_N.ubulk" 2468
"C:/Users/bruwu/OneDrive/Documentos/GitHub/MotoresComerciales/MotoresComerciales/Content/Fantastic_Village_Pack/textures/T_wood_07_N.uasset" 2469
"C:/Users/bruwu/OneDrive/Documentos/GitHub/MotoresComerciales/MotoresComerciales/Content/Fantastic_Village_Pack/textures/T_wood_07_N.uexp" 2470
"C:/Users/bruwu/OneDrive/Documentos/GitHub/MotoresComerciales/MotoresComerciales/Content/Fantastic_Village_Pack/materials/MI_wood_07.uasset" 2471
"C:/Users/bruwu/OneDrive/Documentos/GitHub/MotoresComerciales/MotoresComerciales/Content/Fantastic_Village_Pack/materials/MI_wood_07.uexp" 2472
"C:/Users/bruwu/OneDrive/Documentos/GitHub/MotoresComerciales/MotoresComerciales/Content/Fantastic_Village_Pack/textures/T_wood_planks_03_BC.ubulk" 2473
"C:/Users/bruwu/OneDrive/Documentos/GitHub/MotoresComerciales/MotoresComerciales/Content/Fantastic_Village_Pack/textures/T_wood_planks_03_BC.uasset" 2474
"C:/Users/bruwu/OneDrive/Documentos/GitHub/MotoresComerciales/MotoresComerciales/Content/Fantastic_Village_Pack/textures/T_wood_planks_03_BC.uexp" 2475
"C:/Users/bruwu/OneDrive/Documentos/GitHub/MotoresComerciales/MotoresComerciales/Content/Fantastic_Village_Pack/textures/T_wood_planks_02_N.ubulk" 2476
"C:/Users/bruwu/OneDrive/Documentos/GitHub/MotoresComerciales/MotoresComerciales/Content/Fantastic_Village_Pack/textures/T_wood_planks_02_N.uasset" 2477
"C:/Users/bruwu/OneDrive/Documentos/GitHub/MotoresComerciales/MotoresComerciales/Content/Fantastic_Village_Pack/textures/T_wood_planks_02_N.uexp" 2478
"C:/Users/bruwu/OneDrive/Documentos/GitHub/MotoresComerciales/MotoresComerciales/Content/Fantastic_Village_Pack/materials/MI_wood_planks_03.uasset" 2479
"C:/Users/bruwu/OneDrive/Documentos/GitHub/MotoresComerciales/MotoresComerciales/Content/Fantastic_Village_Pack/materials/MI_wood_planks_03.uexp" 2480
"C:/Users/bruwu/OneDrive/Documentos/GitHub/MotoresComerciales/MotoresComerciales/Content/Fantastic_Village_Pack/meshes/props/vehicles/SM_PROP_rowboat.ubulk" 2481
"C:/Users/bruwu/OneDrive/Documentos/GitHub/MotoresComerciales/MotoresComerciales/Content/Fantastic_Village_Pack/meshes/props/vehicles/SM_PROP_rowboat.uasset" 2482
"C:/Users/bruwu/OneDrive/Documentos/GitHub/MotoresComerciales/MotoresComerciales/Content/Fantastic_Village_Pack/meshes/props/vehicles/SM_PROP_rowboat.uexp" 2483
"C:/Users/bruwu/OneDrive/Documentos/GitHub/MotoresComerciales/MotoresComerciales/Content/Fantastic_Village_Pack/meshes/props/vehicles/SM_PROP_cart_wheel_small_R.ubulk" 2484
"C:/Users/bruwu/OneDrive/Documentos/GitHub/MotoresComerciales/MotoresComerciales/Content/Fantastic_Village_Pack/meshes/props/vehicles/SM_PROP_cart_wheel_small_R.uasset" 2485
"C:/Users/bruwu/OneDrive/Documentos/GitHub/MotoresComerciales/MotoresComerciales/Content/Fantastic_Village_Pack/meshes/props/vehicles/SM_PROP_cart_wheel_small_R.uexp" 2486
"C:/Users/bruwu/OneDrive/Documentos/GitHub/MotoresComerciales/MotoresComerciales/Content/Fantastic_Village_Pack/meshes/props/vehicles/SM_PROP_cart_wheel_small_L.ubulk" 2487
"C:/Users/bruwu/OneDrive/Documentos/GitHub/MotoresComerciales/MotoresComerciales/Content/Fantastic_Village_Pack/meshes/props/vehicles/SM_PROP_cart_wheel_small_L.uasset" 2488
"C:/Users/bruwu/OneDrive/Documentos/GitHub/MotoresComerciales/MotoresComerciales/Content/Fantastic_Village_Pack/meshes/props/vehicles/SM_PROP_cart_wheel_small_L.uexp" 2489
"C:/Users/bruwu/OneDrive/Documentos/GitHub/MotoresComerciales/MotoresComerciales/Content/Fantastic_Village_Pack/textures/T_wood_detail_01_BC.ubulk" 2490
"C:/Users/bruwu/OneDrive/Documentos/GitHub/MotoresComerciales/MotoresComerciales/Content/Fantastic_Village_Pack/textures/T_wood_detail_01_BC.uasset" 2491
"C:/Users/bruwu/OneDrive/Documentos/GitHub/MotoresComerciales/MotoresComerciales/Content/Fantastic_Village_Pack/textures/T_wood_detail_01_BC.uexp" 2492
"C:/Users/bruwu/OneDrive/Documentos/GitHub/MotoresComerciales/MotoresComerciales/Content/Fantastic_Village_Pack/textures/T_leather.ubulk" 2493
"C:/Users/bruwu/OneDrive/Documentos/GitHub/MotoresComerciales/MotoresComerciales/Content/Fantastic_Village_Pack/textures/T_leather.uasset" 2494
"C:/Users/bruwu/OneDrive/Documentos/GitHub/MotoresComerciales/MotoresComerciales/Content/Fantastic_Village_Pack/textures/T_leather.uexp" 2495
"C:/Users/bruwu/OneDrive/Documentos/GitHub/MotoresComerciales/MotoresComerciales/Content/Fantastic_Village_Pack/materials/master_materials/M_Master_opaque.uasset" 2496
"C:/Users/bruwu/OneDrive/Documentos/GitHub/MotoresComerciales/MotoresComerciales/Content/Fantastic_Village_Pack/materials/master_materials/M_Master_opaque.uexp" 2497
"C:/Users/bruwu/OneDrive/Documentos/GitHub/MotoresComerciales/MotoresComerciales/Content/Fantastic_Village_Pack/materials/MI_wood_detail_01.uasset" 2498
"C:/Users/bruwu/OneDrive/Documentos/GitHub/MotoresComerciales/MotoresComerciales/Content/Fantastic_Village_Pack/materials/MI_wood_detail_01.uexp" 2499
"C:/Users/bruwu/OneDrive/Documentos/GitHub/MotoresComerciales/MotoresComerciales/Content/Fantastic_Village_Pack/textures/T_PROP_hay.ubulk" 2500
"C:/Users/bruwu/OneDrive/Documentos/GitHub/MotoresComerciales/MotoresComerciales/Content/Fantastic_Village_Pack/textures/T_PROP_hay.uasset" 2501
"C:/Users/bruwu/OneDrive/Documentos/GitHub/MotoresComerciales/MotoresComerciales/Content/Fantastic_Village_Pack/textures/T_PROP_hay.uexp" 2502
"C:/Users/bruwu/OneDrive/Documentos/GitHub/MotoresComerciales/MotoresComerciales/Content/Fantastic_Village_Pack/textures/T_PROP_potplants.ubulk" 2503
"C:/Users/bruwu/OneDrive/Documentos/GitHub/MotoresComerciales/MotoresComerciales/Content/Fantastic_Village_Pack/textures/T_PROP_potplants.uasset" 2504
"C:/Users/bruwu/OneDrive/Documentos/GitHub/MotoresComerciales/MotoresComerciales/Content/Fantastic_Village_Pack/textures/T_PROP_potplants.uexp" 2505
"C:/Users/bruwu/OneDrive/Documentos/GitHub/MotoresComerciales/MotoresComerciales/Content/Fantastic_Village_Pack/materials/master_materials/M_Master_transparent.uasset" 2506
"C:/Users/bruwu/OneDrive/Documentos/GitHub/MotoresComerciales/MotoresComerciales/Content/Fantastic_Village_Pack/materials/master_materials/M_Master_transparent.uexp" 2507
"C:/Users/bruwu/OneDrive/Documentos/GitHub/MotoresComerciales/MotoresComerciales/Content/Fantastic_Village_Pack/materials/MI_PROP_hay.uasset" 2508
"C:/Users/bruwu/OneDrive/Documentos/GitHub/MotoresComerciales/MotoresComerciales/Content/Fantastic_Village_Pack/materials/MI_PROP_hay.uexp" 2509
"C:/Users/bruwu/OneDrive/Documentos/GitHub/MotoresComerciales/MotoresComerciales/Content/Fantastic_Village_Pack/meshes/props/vehicles/SM_PROP_cart_03.ubulk" 2510
"C:/Users/bruwu/OneDrive/Documentos/GitHub/MotoresComerciales/MotoresComerciales/Content/Fantastic_Village_Pack/meshes/props/vehicles/SM_PROP_cart_03.uasset" 2511
"C:/Users/bruwu/OneDrive/Documentos/GitHub/MotoresComerciales/MotoresComerciales/Content/Fantastic_Village_Pack/meshes/props/vehicles/SM_PROP_cart_03.uexp" 2512
"C:/Users/bruwu/OneDrive/Documentos/GitHub/MotoresComerciales/MotoresComerciales/Content/Fantastic_Village_Pack/meshes/props/vehicles/SM_PROP_cart_01.ubulk" 2513
"C:/Users/bruwu/OneDrive/Documentos/GitHub/MotoresComerciales/MotoresComerciales/Content/Fantastic_Village_Pack/meshes/props/vehicles/SM_PROP_cart_01.uasset" 2514
"C:/Users/bruwu/OneDrive/Documentos/GitHub/MotoresComerciales/MotoresComerciales/Content/Fantastic_Village_Pack/meshes/props/vehicles/SM_PROP_cart_01.uexp" 2515
"C:/Users/bruwu/OneDrive/Documentos/GitHub/MotoresComerciales/MotoresComerciales/Content/Fantastic_Village_Pack/meshes/props/light/SM_PROP_campfire_poles.ubulk" 2516
"C:/Users/bruwu/OneDrive/Documentos/GitHub/MotoresComerciales/MotoresComerciales/Content/Fantastic_Village_Pack/meshes/props/light/SM_PROP_campfire_poles.uasset" 2517
"C:/Users/bruwu/OneDrive/Documentos/GitHub/MotoresComerciales/MotoresComerciales/Content/Fantastic_Village_Pack/meshes/props/light/SM_PROP_campfire_poles.uexp" 2518
"C:/Users/bruwu/OneDrive/Documentos/GitHub/MotoresComerciales/MotoresComerciales/Content/Fantastic_Village_Pack/textures/T_wood_planks_06_BC.ubulk" 2519
"C:/Users/bruwu/OneDrive/Documentos/GitHub/MotoresComerciales/MotoresComerciales/Content/Fantastic_Village_Pack/textures/T_wood_planks_06_BC.uasset" 2520
"C:/Users/bruwu/OneDrive/Documentos/GitHub/MotoresComerciales/MotoresComerciales/Content/Fantastic_Village_Pack/textures/T_wood_planks_06_BC.uexp" 2521
"C:/Users/bruwu/OneDrive/Documentos/GitHub/MotoresComerciales/MotoresComerciales/Content/Fantastic_Village_Pack/materials/MI_wood_planks_06.uasset" 2522
"C:/Users/bruwu/OneDrive/Documentos/GitHub/MotoresComerciales/MotoresComerciales/Content/Fantastic_Village_Pack/materials/MI_wood_planks_06.uexp" 2523
"C:/Users/bruwu/OneDrive/Documentos/GitHub/MotoresComerciales/MotoresComerciales/Content/Fantastic_Village_Pack/meshes/props/furniture/SM_PROP_outhouse_door.ubulk" 2524
"C:/Users/bruwu/OneDrive/Documentos/GitHub/MotoresComerciales/MotoresComerciales/Content/Fantastic_Village_Pack/meshes/props/furniture/SM_PROP_outhouse_door.uasset" 2525
"C:/Users/bruwu/OneDrive/Documentos/GitHub/MotoresComerciales/MotoresComerciales/Content/Fantastic_Village_Pack/meshes/props/furniture/SM_PROP_outhouse_door.uexp" 2526
"C:/Users/bruwu/OneDrive/Documentos/GitHub/MotoresComerciales/MotoresComerciales/Content/Fantastic_Village_Pack/meshes/props/furniture/SM_PROP_outhouse.ubulk" 2527
"C:/Users/bruwu/OneDrive/Documentos/GitHub/MotoresComerciales/MotoresComerciales/Content/Fantastic_Village_Pack/meshes/props/furniture/SM_PROP_outhouse.uasset" 2528
"C:/Users/bruwu/OneDrive/Documentos/GitHub/MotoresComerciales/MotoresComerciales/Content/Fantastic_Village_Pack/meshes/props/furniture/SM_PROP_outhouse.uexp" 2529
"C:/Users/bruwu/OneDrive/Documentos/GitHub/MotoresComerciales/MotoresComerciales/Content/Fantastic_Village_Pack/textures/T_rope.ubulk" 2530
"C:/Users/bruwu/OneDrive/Documentos/GitHub/MotoresComerciales/MotoresComerciales/Content/Fantastic_Village_Pack/textures/T_rope.uasset" 2531
"C:/Users/bruwu/OneDrive/Documentos/GitHub/MotoresComerciales/MotoresComerciales/Content/Fantastic_Village_Pack/textures/T_rope.uexp" 2532
"C:/Users/bruwu/OneDrive/Documentos/GitHub/MotoresComerciales/MotoresComerciales/Content/Fantastic_Village_Pack/materials/MI_rope.uasset" 2533
"C:/Users/bruwu/OneDrive/Documentos/GitHub/MotoresComerciales/MotoresComerciales/Content/Fantastic_Village_Pack/materials/MI_rope.uexp" 2534
"C:/Users/bruwu/OneDrive/Documentos/GitHub/MotoresComerciales/MotoresComerciales/Content/Fantastic_Village_Pack/textures/T_wood_planks_05_BC.ubulk" 2535
"C:/Users/bruwu/OneDrive/Documentos/GitHub/MotoresComerciales/MotoresComerciales/Content/Fantastic_Village_Pack/textures/T_wood_planks_05_BC.uasset" 2536
"C:/Users/bruwu/OneDrive/Documentos/GitHub/MotoresComerciales/MotoresComerciales/Content/Fantastic_Village_Pack/textures/T_wood_planks_05_BC.uexp" 2537
"C:/Users/bruwu/OneDrive/Documentos/GitHub/MotoresComerciales/MotoresComerciales/Content/Fantastic_Village_Pack/materials/MI_wood_planks_05.uasset" 2538
"C:/Users/bruwu/OneDrive/Documentos/GitHub/MotoresComerciales/MotoresComerciales/Content/Fantastic_Village_Pack/materials/MI_wood_planks_05.uexp" 2539
"C:/Users/bruwu/OneDrive/Documentos/GitHub/MotoresComerciales/MotoresComerciales/Content/Fantastic_Village_Pack/meshes/props/furniture/SM_PROP_guillotine_blade.ubulk" 2540
"C:/Users/bruwu/OneDrive/Documentos/GitHub/MotoresComerciales/MotoresComerciales/Content/Fantastic_Village_Pack/meshes/props/furniture/SM_PROP_guillotine_blade.uasset" 2541
"C:/Users/bruwu/OneDrive/Documentos/GitHub/MotoresComerciales/MotoresComerciales/Content/Fantastic_Village_Pack/meshes/props/furniture/SM_PROP_guillotine_blade.uexp" 2542
"C:/Users/bruwu/OneDrive/Documentos/GitHub/MotoresComerciales/MotoresComerciales/Content/Fantastic_Village_Pack/textures/T_wood_06_N.ubulk" 2543
"C:/Users/bruwu/OneDrive/Documentos/GitHub/MotoresComerciales/MotoresComerciales/Content/Fantastic_Village_Pack/textures/T_wood_06_N.uasset" 2544
"C:/Users/bruwu/OneDrive/Documentos/GitHub/MotoresComerciales/MotoresComerciales/Content/Fantastic_Village_Pack/textures/T_wood_06_N.uexp" 2545
"C:/Users/bruwu/OneDrive/Documentos/GitHub/MotoresComerciales/MotoresComerciales/Content/Fantastic_Village_Pack/textures/T_wood_06_BC.ubulk" 2546
"C:/Users/bruwu/OneDrive/Documentos/GitHub/MotoresComerciales/MotoresComerciales/Content/Fantastic_Village_Pack/textures/T_wood_06_BC.uasset" 2547
"C:/Users/bruwu/OneDrive/Documentos/GitHub/MotoresComerciales/MotoresComerciales/Content/Fantastic_Village_Pack/textures/T_wood_06_BC.uexp" 2548
"C:/Users/bruwu/OneDrive/Documentos/GitHub/MotoresComerciales/MotoresComerciales/Content/Fantastic_Village_Pack/materials/MI_wood_06.uasset" 2549
"C:/Users/bruwu/OneDrive/Documentos/GitHub/MotoresComerciales/MotoresComerciales/Content/Fantastic_Village_Pack/materials/MI_wood_06.uexp" 2550
"C:/Users/bruwu/OneDrive/Documentos/GitHub/MotoresComerciales/MotoresComerciales/Content/Fantastic_Village_Pack/textures/T_wood_planks_07_BC.ubulk" 2551
"C:/Users/bruwu/OneDrive/Documentos/GitHub/MotoresComerciales/MotoresComerciales/Content/Fantastic_Village_Pack/textures/T_wood_planks_07_BC.uasset" 2552
"C:/Users/bruwu/OneDrive/Documentos/GitHub/MotoresComerciales/MotoresComerciales/Content/Fantastic_Village_Pack/textures/T_wood_planks_07_BC.uexp" 2553
"C:/Users/bruwu/OneDrive/Documentos/GitHub/MotoresComerciales/MotoresComerciales/Content/Fantastic_Village_Pack/materials/MI_wood_planks_07.uasset" 2554
"C:/Users/bruwu/OneDrive/Documentos/GitHub/MotoresComerciales/MotoresComerciales/Content/Fantastic_Village_Pack/materials/MI_wood_planks_07.uexp" 2555
"C:/Users/bruwu/OneDrive/Documentos/GitHub/MotoresComerciales/MotoresComerciales/Content/Fantastic_Village_Pack/meshes/props/furniture/SM_PROP_guillotine.ubulk" 2556
"C:/Users/bruwu/OneDrive/Documentos/GitHub/MotoresComerciales/MotoresComerciales/Content/Fantastic_Village_Pack/meshes/props/furniture/SM_PROP_guillotine.uasset" 2557
"C:/Users/bruwu/OneDrive/Documentos/GitHub/MotoresComerciales/MotoresComerciales/Content/Fantastic_Village_Pack/meshes/props/furniture/SM_PROP_guillotine.uexp" 2558
"C:/Users/bruwu/OneDrive/Documentos/GitHub/MotoresComerciales/MotoresComerciales/Content/Fantastic_Village_Pack/meshes/props/food/SM_PROP_cookingpot_small_handle.ubulk" 2559
"C:/Users/bruwu/OneDrive/Documentos/GitHub/MotoresComerciales/MotoresComerciales/Content/Fantastic_Village_Pack/meshes/props/food/SM_PROP_cookingpot_small_handle.uasset" 2560
"C:/Users/bruwu/OneDrive/Documentos/GitHub/MotoresComerciales/MotoresComerciales/Content/Fantastic_Village_Pack/meshes/props/food/SM_PROP_cookingpot_small_handle.uexp" 2561
"C:/Users/bruwu/OneDrive/Documentos/GitHub/MotoresComerciales/MotoresComerciales/Content/Fantastic_Village_Pack/meshes/props/deco/SM_PROP_well_handle.ubulk" 2562
"C:/Users/bruwu/OneDrive/Documentos/GitHub/MotoresComerciales/MotoresComerciales/Content/Fantastic_Village_Pack/meshes/props/deco/SM_PROP_well_handle.uasset" 2563
"C:/Users/bruwu/OneDrive/Documentos/GitHub/MotoresComerciales/MotoresComerciales/Content/Fantastic_Village_Pack/meshes/props/deco/SM_PROP_well_handle.uexp" 2564
"C:/Users/bruwu/OneDrive/Documentos/GitHub/MotoresComerciales/MotoresComerciales/Content/Fantastic_Village_Pack/textures/T_stonebrick_02_BC.ubulk" 2565
"C:/Users/bruwu/OneDrive/Documentos/GitHub/MotoresComerciales/MotoresComerciales/Content/Fantastic_Village_Pack/textures/T_stonebrick_02_BC.uasset" 2566
"C:/Users/bruwu/OneDrive/Documentos/GitHub/MotoresComerciales/MotoresComerciales/Content/Fantastic_Village_Pack/textures/T_stonebrick_02_BC.uexp" 2567
"C:/Users/bruwu/OneDrive/Documentos/GitHub/MotoresComerciales/MotoresComerciales/Content/Fantastic_Village_Pack/materials/MI_stonebrick_02.uasset" 2568
"C:/Users/bruwu/OneDrive/Documentos/GitHub/MotoresComerciales/MotoresComerciales/Content/Fantastic_Village_Pack/materials/MI_stonebrick_02.uexp" 2569
"C:/Users/bruwu/OneDrive/Documentos/GitHub/MotoresComerciales/MotoresComerciales/Content/Fantastic_Village_Pack/textures/T_rooftiles_03_BC.ubulk" 2570
"C:/Users/bruwu/OneDrive/Documentos/GitHub/MotoresComerciales/MotoresComerciales/Content/Fantastic_Village_Pack/textures/T_rooftiles_03_BC.uasset" 2571
"C:/Users/bruwu/OneDrive/Documentos/GitHub/MotoresComerciales/MotoresComerciales/Content/Fantastic_Village_Pack/textures/T_rooftiles_03_BC.uexp" 2572
"C:/Users/bruwu/OneDrive/Documentos/GitHub/MotoresComerciales/MotoresComerciales/Content/Fantastic_Village_Pack/textures/T_rooftiles_03_N.ubulk" 2573
"C:/Users/bruwu/OneDrive/Documentos/GitHub/MotoresComerciales/MotoresComerciales/Content/Fantastic_Village_Pack/textures/T_rooftiles_03_N.uasset" 2574
"C:/Users/bruwu/OneDrive/Documentos/GitHub/MotoresComerciales/MotoresComerciales/Content/Fantastic_Village_Pack/textures/T_rooftiles_03_N.uexp" 2575
"C:/Users/bruwu/OneDrive/Documentos/GitHub/MotoresComerciales/MotoresComerciales/Content/Fantastic_Village_Pack/materials/MI_rooftiles_03.uasset" 2576
"C:/Users/bruwu/OneDrive/Documentos/GitHub/MotoresComerciales/MotoresComerciales/Content/Fantastic_Village_Pack/materials/MI_rooftiles_03.uexp" 2577
"C:/Users/bruwu/OneDrive/Documentos/GitHub/MotoresComerciales/MotoresComerciales/Content/Fantastic_Village_Pack/meshes/props/deco/SM_PROP_well.ubulk" 2578
"C:/Users/bruwu/OneDrive/Documentos/GitHub/MotoresComerciales/MotoresComerciales/Content/Fantastic_Village_Pack/meshes/props/deco/SM_PROP_well.uasset" 2579
"C:/Users/bruwu/OneDrive/Documentos/GitHub/MotoresComerciales/MotoresComerciales/Content/Fantastic_Village_Pack/meshes/props/deco/SM_PROP_well.uexp" 2580
"C:/Users/bruwu/OneDrive/Documentos/GitHub/MotoresComerciales/MotoresComerciales/Content/Fantastic_Village_Pack/meshes/props/container/SM_PROP_treasurechest_top.ubulk" 2581
"C:/Users/bruwu/OneDrive/Documentos/GitHub/MotoresComerciales/MotoresComerciales/Content/Fantastic_Village_Pack/meshes/props/container/SM_PROP_treasurechest_top.uasset" 2582
"C:/Users/bruwu/OneDrive/Documentos/GitHub/MotoresComerciales/MotoresComerciales/Content/Fantastic_Village_Pack/meshes/props/container/SM_PROP_treasurechest_top.uexp" 2583
"C:/Users/bruwu/OneDrive/Documentos/GitHub/MotoresComerciales/MotoresComerciales/Content/Fantastic_Village_Pack/textures/T_gold_N.ubulk" 2584
"C:/Users/bruwu/OneDrive/Documentos/GitHub/MotoresComerciales/MotoresComerciales/Content/Fantastic_Village_Pack/textures/T_gold_N.uasset" 2585
"C:/Users/bruwu/OneDrive/Documentos/GitHub/MotoresComerciales/MotoresComerciales/Content/Fantastic_Village_Pack/textures/T_gold_N.uexp" 2586
"C:/Users/bruwu/OneDrive/Documentos/GitHub/MotoresComerciales/MotoresComerciales/Content/Fantastic_Village_Pack/textures/T_gold_BC.ubulk" 2587
"C:/Users/bruwu/OneDrive/Documentos/GitHub/MotoresComerciales/MotoresComerciales/Content/Fantastic_Village_Pack/textures/T_gold_BC.uasset" 2588
"C:/Users/bruwu/OneDrive/Documentos/GitHub/MotoresComerciales/MotoresComerciales/Content/Fantastic_Village_Pack/textures/T_gold_BC.uexp" 2589
"C:/Users/bruwu/OneDrive/Documentos/GitHub/MotoresComerciales/MotoresComerciales/Content/Fantastic_Village_Pack/materials/MI_gold.uasset" 2590
"C:/Users/bruwu/OneDrive/Documentos/GitHub/MotoresComerciales/MotoresComerciales/Content/Fantastic_Village_Pack/materials/MI_gold.uexp" 2591
"C:/Users/bruwu/OneDrive/Documentos/GitHub/MotoresComerciales/MotoresComerciales/Content/Fantastic_Village_Pack/meshes/props/container/SM_PROP_treasurechest.ubulk" 2592
"C:/Users/bruwu/OneDrive/Documentos/GitHub/MotoresComerciales/MotoresComerciales/Content/Fantastic_Village_Pack/meshes/props/container/SM_PROP_treasurechest.uasset" 2593
"C:/Users/bruwu/OneDrive/Documentos/GitHub/MotoresComerciales/MotoresComerciales/Content/Fantastic_Village_Pack/meshes/props/container/SM_PROP_treasurechest.uexp" 2594
"C:/Users/bruwu/OneDrive/Documentos/GitHub/MotoresComerciales/MotoresComerciales/Content/Fantastic_Village_Pack/meshes/props/container/SM_PROP_coffin_lid.ubulk" 2595
"C:/Users/bruwu/OneDrive/Documentos/GitHub/MotoresComerciales/MotoresComerciales/Content/Fantastic_Village_Pack/meshes/props/container/SM_PROP_coffin_lid.uasset" 2596
"C:/Users/bruwu/OneDrive/Documentos/GitHub/MotoresComerciales/MotoresComerciales/Content/Fantastic_Village_Pack/meshes/props/container/SM_PROP_coffin_lid.uexp" 2597
"C:/Users/bruwu/OneDrive/Documentos/GitHub/MotoresComerciales/MotoresComerciales/Content/Fantastic_Village_Pack/meshes/props/container/SM_PROP_coffin.ubulk" 2598
"C:/Users/bruwu/OneDrive/Documentos/GitHub/MotoresComerciales/MotoresComerciales/Content/Fantastic_Village_Pack/meshes/props/container/SM_PROP_coffin.uasset" 2599
"C:/Users/bruwu/OneDrive/Documentos/GitHub/MotoresComerciales/MotoresComerciales/Content/Fantastic_Village_Pack/meshes/props/container/SM_PROP_coffin.uexp" 2600
"C:/Users/bruwu/OneDrive/Documentos/GitHub/MotoresComerciales/MotoresComerciales/Content/Fantastic_Village_Pack/meshes/props/container/SM_PROP_bucket_04_handle.ubulk" 2601
"C:/Users/bruwu/OneDrive/Documentos/GitHub/MotoresComerciales/MotoresComerciales/Content/Fantastic_Village_Pack/meshes/props/container/SM_PROP_bucket_04_handle.uasset" 2602
"C:/Users/bruwu/OneDrive/Documentos/GitHub/MotoresComerciales/MotoresComerciales/Content/Fantastic_Village_Pack/meshes/props/container/SM_PROP_bucket_04_handle.uexp" 2603
"C:/Users/bruwu/OneDrive/Documentos/GitHub/MotoresComerciales/MotoresComerciales/Content/Fantastic_Village_Pack/meshes/props/container/SM_PROP_bucket_04.ubulk" 2604
"C:/Users/bruwu/OneDrive/Documentos/GitHub/MotoresComerciales/MotoresComerciales/Content/Fantastic_Village_Pack/meshes/props/container/SM_PROP_bucket_04.uasset" 2605
"C:/Users/bruwu/OneDrive/Documentos/GitHub/MotoresComerciales/MotoresComerciales/Content/Fantastic_Village_Pack/meshes/props/container/SM_PROP_bucket_04.uexp" 2606
"C:/Users/bruwu/OneDrive/Documentos/GitHub/MotoresComerciales/MotoresComerciales/Content/Fantastic_Village_Pack/textures/T_wood_planks_01_N.ubulk" 2607
"C:/Users/bruwu/OneDrive/Documentos/GitHub/MotoresComerciales/MotoresComerciales/Content/Fantastic_Village_Pack/textures/T_wood_planks_01_N.uasset" 2608
"C:/Users/bruwu/OneDrive/Documentos/GitHub/MotoresComerciales/MotoresComerciales/Content/Fantastic_Village_Pack/textures/T_wood_planks_01_N.uexp" 2609
"C:/Users/bruwu/OneDrive/Documentos/GitHub/MotoresComerciales/MotoresComerciales/Content/Fantastic_Village_Pack/textures/T_wood_planks_01_BC.ubulk" 2610
"C:/Users/bruwu/OneDrive/Documentos/GitHub/MotoresComerciales/MotoresComerciales/Content/Fantastic_Village_Pack/textures/T_wood_planks_01_BC.uasset" 2611
"C:/Users/bruwu/OneDrive/Documentos/GitHub/MotoresComerciales/MotoresComerciales/Content/Fantastic_Village_Pack/textures/T_wood_planks_01_BC.uexp" 2612
"C:/Users/bruwu/OneDrive/Documentos/GitHub/MotoresComerciales/MotoresComerciales/Content/Fantastic_Village_Pack/materials/MI_wood_planks_01.uasset" 2613
"C:/Users/bruwu/OneDrive/Documentos/GitHub/MotoresComerciales/MotoresComerciales/Content/Fantastic_Village_Pack/materials/MI_wood_planks_01.uexp" 2614
"C:/Users/bruwu/OneDrive/Documentos/GitHub/MotoresComerciales/MotoresComerciales/Content/Fantastic_Village_Pack/meshes/props/container/SM_PROP_box_lid_04.ubulk" 2615
"C:/Users/bruwu/OneDrive/Documentos/GitHub/MotoresComerciales/MotoresComerciales/Content/Fantastic_Village_Pack/meshes/props/container/SM_PROP_box_lid_04.uasset" 2616
"C:/Users/bruwu/OneDrive/Documentos/GitHub/MotoresComerciales/MotoresComerciales/Content/Fantastic_Village_Pack/meshes/props/container/SM_PROP_box_lid_04.uexp" 2617
"C:/Users/bruwu/OneDrive/Documentos/GitHub/MotoresComerciales/MotoresComerciales/Content/Fantastic_Village_Pack/meshes/props/container/SM_PROP_box_lid_03.ubulk" 2618
"C:/Users/bruwu/OneDrive/Documentos/GitHub/MotoresComerciales/MotoresComerciales/Content/Fantastic_Village_Pack/meshes/props/container/SM_PROP_box_lid_03.uasset" 2619
"C:/Users/bruwu/OneDrive/Documentos/GitHub/MotoresComerciales/MotoresComerciales/Content/Fantastic_Village_Pack/meshes/props/container/SM_PROP_box_lid_03.uexp" 2620
"C:/Users/bruwu/OneDrive/Documentos/GitHub/MotoresComerciales/MotoresComerciales/Content/Fantastic_Village_Pack/meshes/props/construction/SM_PROP_wall_wood_gate_frame_02.ubulk" 2621
"C:/Users/bruwu/OneDrive/Documentos/GitHub/MotoresComerciales/MotoresComerciales/Content/Fantastic_Village_Pack/meshes/props/construction/SM_PROP_wall_wood_gate_frame_02.uasset" 2622
"C:/Users/bruwu/OneDrive/Documentos/GitHub/MotoresComerciales/MotoresComerciales/Content/Fantastic_Village_Pack/meshes/props/construction/SM_PROP_wall_wood_gate_frame_02.uexp" 2623
"C:/Users/bruwu/OneDrive/Documentos/GitHub/MotoresComerciales/MotoresComerciales/Content/Fantastic_Village_Pack/meshes/props/construction/SM_PROP_wall_wood_gate_frame_01.ubulk" 2624
"C:/Users/bruwu/OneDrive/Documentos/GitHub/MotoresComerciales/MotoresComerciales/Content/Fantastic_Village_Pack/meshes/props/construction/SM_PROP_wall_wood_gate_frame_01.uasset" 2625
"C:/Users/bruwu/OneDrive/Documentos/GitHub/MotoresComerciales/MotoresComerciales/Content/Fantastic_Village_Pack/meshes/props/construction/SM_PROP_wall_wood_gate_frame_01.uexp" 2626
"C:/Users/bruwu/OneDrive/Documentos/GitHub/MotoresComerciales/MotoresComerciales/Content/Fantastic_Village_Pack/meshes/props/construction/SM_PROP_wall_wood_gate_door_R_01.ubulk" 2627
"C:/Users/bruwu/OneDrive/Documentos/GitHub/MotoresComerciales/MotoresComerciales/Content/Fantastic_Village_Pack/meshes/props/construction/SM_PROP_wall_wood_gate_door_R_01.uasset" 2628
"C:/Users/bruwu/OneDrive/Documentos/GitHub/MotoresComerciales/MotoresComerciales/Content/Fantastic_Village_Pack/meshes/props/construction/SM_PROP_wall_wood_gate_door_R_01.uexp" 2629
"C:/Users/bruwu/OneDrive/Documentos/GitHub/MotoresComerciales/MotoresComerciales/Content/Fantastic_Village_Pack/meshes/props/construction/SM_PROP_wall_wood_gate_door_L_01.ubulk" 2630
"C:/Users/bruwu/OneDrive/Documentos/GitHub/MotoresComerciales/MotoresComerciales/Content/Fantastic_Village_Pack/meshes/props/construction/SM_PROP_wall_wood_gate_door_L_01.uasset" 2631
"C:/Users/bruwu/OneDrive/Documentos/GitHub/MotoresComerciales/MotoresComerciales/Content/Fantastic_Village_Pack/meshes/props/construction/SM_PROP_wall_wood_gate_door_L_01.uexp" 2632
"C:/Users/bruwu/OneDrive/Documentos/GitHub/MotoresComerciales/MotoresComerciales/Content/Fantastic_Village_Pack/meshes/props/construction/SM_PROP_fence_v03_02.ubulk" 2633
"C:/Users/bruwu/OneDrive/Documentos/GitHub/MotoresComerciales/MotoresComerciales/Content/Fantastic_Village_Pack/meshes/props/construction/SM_PROP_fence_v03_02.uasset" 2634
"C:/Users/bruwu/OneDrive/Documentos/GitHub/MotoresComerciales/MotoresComerciales/Content/Fantastic_Village_Pack/meshes/props/construction/SM_PROP_fence_v03_02.uexp" 2635
"C:/Users/bruwu/OneDrive/Documentos/GitHub/MotoresComerciales/MotoresComerciales/Content/Fantastic_Village_Pack/meshes/props/construction/SM_PROP_fence_door_gate.ubulk" 2636
"C:/Users/bruwu/OneDrive/Documentos/GitHub/MotoresComerciales/MotoresComerciales/Content/Fantastic_Village_Pack/meshes/props/construction/SM_PROP_fence_door_gate.uasset" 2637
"C:/Users/bruwu/OneDrive/Documentos/GitHub/MotoresComerciales/MotoresComerciales/Content/Fantastic_Village_Pack/meshes/props/construction/SM_PROP_fence_door_gate.uexp" 2638
"C:/Users/bruwu/OneDrive/Documentos/GitHub/MotoresComerciales/MotoresComerciales/Content/Fantastic_Village_Pack/meshes/props/construction/SM_PROP_fence_door.ubulk" 2639
"C:/Users/bruwu/OneDrive/Documentos/GitHub/MotoresComerciales/MotoresComerciales/Content/Fantastic_Village_Pack/meshes/props/construction/SM_PROP_fence_door.uasset" 2640
"C:/Users/bruwu/OneDrive/Documentos/GitHub/MotoresComerciales/MotoresComerciales/Content/Fantastic_Village_Pack/meshes/props/construction/SM_PROP_fence_door.uexp" 2641
"C:/Users/bruwu/OneDrive/Documentos/GitHub/MotoresComerciales/MotoresComerciales/Content/Characters/Mannequins/Animations/Manny/MM_T_Pose.uasset" 2642
"C:/Users/bruwu/OneDrive/Documentos/GitHub/MotoresComerciales/MotoresComerciales/Content/Characters/Mannequins/Animations/Manny/MM_T_Pose.uexp" 2643
"C:/Users/bruwu/OneDrive/Documentos/GitHub/MotoresComerciales/MotoresComerciales/Content/VRS_LowPolyNatureEssentials/Materials/MI_Base.uasset" 2644
"C:/Users/bruwu/OneDrive/Documentos/GitHub/MotoresComerciales/MotoresComerciales/Content/VRS_LowPolyNatureEssentials/Materials/MI_Base.uexp" 2645
"C:/Users/bruwu/OneDrive/Documentos/GitHub/MotoresComerciales/MotoresComerciales/Content/VRS_LowPolyNatureEssentials/Meshes/Env/Trees/Pines/SM_PineVariantAYoungC.ubulk" 2646
"C:/Users/bruwu/OneDrive/Documentos/GitHub/MotoresComerciales/MotoresComerciales/Content/VRS_LowPolyNatureEssentials/Meshes/Env/Trees/Pines/SM_PineVariantAYoungC.uasset" 2647
"C:/Users/bruwu/OneDrive/Documentos/GitHub/MotoresComerciales/MotoresComerciales/Content/VRS_LowPolyNatureEssentials/Meshes/Env/Trees/Pines/SM_PineVariantAYoungC.uexp" 2648
"C:/Users/bruwu/OneDrive/Documentos/GitHub/MotoresComerciales/MotoresComerciales/Content/VRS_LowPolyNatureEssentials/Meshes/Env/Trees/Pines/pine3.uasset" 2649
"C:/Users/bruwu/OneDrive/Documentos/GitHub/MotoresComerciales/MotoresComerciales/Content/VRS_LowPolyNatureEssentials/Meshes/Env/Trees/Pines/pine3.uexp" 2650
"C:/Users/bruwu/OneDrive/Documentos/GitHub/MotoresComerciales/MotoresComerciales/Content/VRS_LowPolyNatureEssentials/Meshes/Env/Trees/Pines/SM_PineVariantAMatureB.ubulk" 2651
"C:/Users/bruwu/OneDrive/Documentos/GitHub/MotoresComerciales/MotoresComerciales/Content/VRS_LowPolyNatureEssentials/Meshes/Env/Trees/Pines/SM_PineVariantAMatureB.uasset" 2652
"C:/Users/bruwu/OneDrive/Documentos/GitHub/MotoresComerciales/MotoresComerciales/Content/VRS_LowPolyNatureEssentials/Meshes/Env/Trees/Pines/SM_PineVariantAMatureB.uexp" 2653
"C:/Users/bruwu/OneDrive/Documentos/GitHub/MotoresComerciales/MotoresComerciales/Content/VRS_LowPolyNatureEssentials/Meshes/Env/Trees/Pines/pine2.uasset" 2654
"C:/Users/bruwu/OneDrive/Documentos/GitHub/MotoresComerciales/MotoresComerciales/Content/VRS_LowPolyNatureEssentials/Meshes/Env/Trees/Pines/pine2.uexp" 2655
"C:/Users/bruwu/OneDrive/Documentos/GitHub/MotoresComerciales/MotoresComerciales/Content/VRS_LowPolyNatureEssentials/Meshes/Env/Trees/Pines/SM_PineVariantAGrowingB.ubulk" 2656
"C:/Users/bruwu/OneDrive/Documentos/GitHub/MotoresComerciales/MotoresComerciales/Content/VRS_LowPolyNatureEssentials/Meshes/Env/Trees/Pines/SM_PineVariantAGrowingB.uasset" 2657
"C:/Users/bruwu/OneDrive/Documentos/GitHub/MotoresComerciales/MotoresComerciales/Content/VRS_LowPolyNatureEssentials/Meshes/Env/Trees/Pines/SM_PineVariantAGrowingB.uexp" 2658
"C:/Users/bruwu/OneDrive/Documentos/GitHub/MotoresComerciales/MotoresComerciales/Content/VRS_LowPolyNatureEssentials/Meshes/Env/Trees/Pines/pine.uasset" 2659
"C:/Users/bruwu/OneDrive/Documentos/GitHub/MotoresComerciales/MotoresComerciales/Content/VRS_LowPolyNatureEssentials/Meshes/Env/Trees/Pines/pine.uexp" 2660
"C:/Users/bruwu/OneDrive/Documentos/GitHub/MotoresComerciales/MotoresComerciales/Content/VRS_LowPolyNatureEssentials/Meshes/Env/Trees/Oak/SM_OakAdultD.ubulk" 2661
"C:/Users/bruwu/OneDrive/Documentos/GitHub/MotoresComerciales/MotoresComerciales/Content/VRS_LowPolyNatureEssentials/Meshes/Env/Trees/Oak/SM_OakAdultD.uasset" 2662
"C:/Users/bruwu/OneDrive/Documentos/GitHub/MotoresComerciales/MotoresComerciales/Content/VRS_LowPolyNatureEssentials/Meshes/Env/Trees/Oak/SM_OakAdultD.uexp" 2663
"C:/Users/bruwu/OneDrive/Documentos/GitHub/MotoresComerciales/MotoresComerciales/Content/VRS_LowPolyNatureEssentials/Meshes/Env/Trees/Oak/oak.uasset" 2664
"C:/Users/bruwu/OneDrive/Documentos/GitHub/MotoresComerciales/MotoresComerciales/Content/VRS_LowPolyNatureEssentials/Meshes/Env/Trees/Oak/oak.uexp" 2665
"C:/Users/bruwu/OneDrive/Documentos/GitHub/MotoresComerciales/MotoresComerciales/Content/VRS_LowPolyNatureEssentials/Meshes/Env/Trees/GenericTrees/SM_GenericTreeB.ubulk" 2666
"C:/Users/bruwu/OneDrive/Documentos/GitHub/MotoresComerciales/MotoresComerciales/Content/VRS_LowPolyNatureEssentials/Meshes/Env/Trees/GenericTrees/SM_GenericTreeB.uasset" 2667
"C:/Users/bruwu/OneDrive/Documentos/GitHub/MotoresComerciales/MotoresComerciales/Content/VRS_LowPolyNatureEssentials/Meshes/Env/Trees/GenericTrees/SM_GenericTreeB.uexp" 2668
"C:/Users/bruwu/OneDrive/Documentos/GitHub/MotoresComerciales/MotoresComerciales/Content/VRS_LowPolyNatureEssentials/Meshes/Env/Trees/GenericTrees/generic.uasset" 2669
"C:/Users/bruwu/OneDrive/Documentos/GitHub/MotoresComerciales/MotoresComerciales/Content/VRS_LowPolyNatureEssentials/Meshes/Env/Trees/GenericTrees/generic.uexp" 2670
"C:/Users/bruwu/OneDrive/Documentos/GitHub/MotoresComerciales/MotoresComerciales/Content/VRS_LowPolyNatureEssentials/Meshes/Env/Trees/Birch/SM_BirchTreeYoungCSimple.ubulk" 2671
"C:/Users/bruwu/OneDrive/Documentos/GitHub/MotoresComerciales/MotoresComerciales/Content/VRS_LowPolyNatureEssentials/Meshes/Env/Trees/Birch/SM_BirchTreeYoungCSimple.uasset" 2672
"C:/Users/bruwu/OneDrive/Documentos/GitHub/MotoresComerciales/MotoresComerciales/Content/VRS_LowPolyNatureEssentials/Meshes/Env/Trees/Birch/SM_BirchTreeYoungCSimple.uexp" 2673
"C:/Users/bruwu/OneDrive/Documentos/GitHub/MotoresComerciales/MotoresComerciales/Content/VRS_LowPolyNatureEssentials/Meshes/Env/Trees/Birch/birch.uasset" 2674
"C:/Users/bruwu/OneDrive/Documentos/GitHub/MotoresComerciales/MotoresComerciales/Content/VRS_LowPolyNatureEssentials/Meshes/Env/Trees/Birch/birch.uexp" 2675
"C:/Users/bruwu/OneDrive/Documentos/GitHub/MotoresComerciales/MotoresComerciales/Content/Stylized_PBR_Nature/Foliage/Textures/T_Common_Tree_03_D.ubulk" 2676
"C:/Users/bruwu/OneDrive/Documentos/GitHub/MotoresComerciales/MotoresComerciales/Content/Stylized_PBR_Nature/Foliage/Textures/T_Common_Tree_03_D.uasset" 2677
"C:/Users/bruwu/OneDrive/Documentos/GitHub/MotoresComerciales/MotoresComerciales/Content/Stylized_PBR_Nature/Foliage/Textures/T_Common_Tree_03_D.uexp" 2678
"C:/Users/bruwu/OneDrive/Documentos/GitHub/MotoresComerciales/MotoresComerciales/Content/Stylized_PBR_Nature/Foliage/Textures/T_Common_Tree_03_ORM.ubulk" 2679
"C:/Users/bruwu/OneDrive/Documentos/GitHub/MotoresComerciales/MotoresComerciales/Content/Stylized_PBR_Nature/Foliage/Textures/T_Common_Tree_03_ORM.uasset" 2680
"C:/Users/bruwu/OneDrive/Documentos/GitHub/MotoresComerciales/MotoresComerciales/Content/Stylized_PBR_Nature/Foliage/Textures/T_Common_Tree_03_ORM.uexp" 2681
"C:/Users/bruwu/OneDrive/Documentos/GitHub/MotoresComerciales/MotoresComerciales/Content/Stylized_PBR_Nature/Foliage/Textures/T_Common_Tree_03_N.ubulk" 2682
"C:/Users/bruwu/OneDrive/Documentos/GitHub/MotoresComerciales/MotoresComerciales/Content/Stylized_PBR_Nature/Foliage/Textures/T_Common_Tree_03_N.uasset" 2683
"C:/Users/bruwu/OneDrive/Documentos/GitHub/MotoresComerciales/MotoresComerciales/Content/Stylized_PBR_Nature/Foliage/Textures/T_Common_Tree_03_N.uexp" 2684
"C:/Users/bruwu/OneDrive/Documentos/GitHub/MotoresComerciales/MotoresComerciales/Content/Stylized_PBR_Nature/Foliage/Materials/MI_Common_Tree_03.uasset" 2685
"C:/Users/bruwu/OneDrive/Documentos/GitHub/MotoresComerciales/MotoresComerciales/Content/Stylized_PBR_Nature/Foliage/Materials/MI_Common_Tree_03.uexp" 2686
"C:/Users/bruwu/OneDrive/Documentos/GitHub/MotoresComerciales/MotoresComerciales/Content/Stylized_PBR_Nature/Foliage/Assets/SM_Common_Tree_03.ubulk" 2687
"C:/Users/bruwu/OneDrive/Documentos/GitHub/MotoresComerciales/MotoresComerciales/Content/Stylized_PBR_Nature/Foliage/Assets/SM_Common_Tree_03.uasset" 2688
"C:/Users/bruwu/OneDrive/Documentos/GitHub/MotoresComerciales/MotoresComerciales/Content/Stylized_PBR_Nature/Foliage/Assets/SM_Common_Tree_03.uexp" 2689
"C:/Users/bruwu/OneDrive/Documentos/GitHub/MotoresComerciales/MotoresComerciales/Content/LevelPrototyping/Materials/M_Solid.uasset" 2690
"C:/Users/bruwu/OneDrive/Documentos/GitHub/MotoresComerciales/MotoresComerciales/Content/LevelPrototyping/Materials/M_Solid.uexp" 2691
"C:/Users/bruwu/OneDrive/Documentos/GitHub/MotoresComerciales/MotoresComerciales/Content/LevelPrototyping/Materials/MI_Solid_Blue.uasset" 2692
"C:/Users/bruwu/OneDrive/Documentos/GitHub/MotoresComerciales/MotoresComerciales/Content/LevelPrototyping/Materials/MI_Solid_Blue.uexp" 2693
"C:/Users/bruwu/OneDrive/Documentos/GitHub/MotoresComerciales/MotoresComerciales/Content/LevelPrototyping/Meshes/SM_ChamferCube.ubulk" 2694
"C:/Users/bruwu/OneDrive/Documentos/GitHub/MotoresComerciales/MotoresComerciales/Content/LevelPrototyping/Meshes/SM_ChamferCube.uasset" 2695
"C:/Users/bruwu/OneDrive/Documentos/GitHub/MotoresComerciales/MotoresComerciales/Content/LevelPrototyping/Meshes/SM_ChamferCube.uexp" 2696
"C:/Users/bruwu/OneDrive/Documentos/GitHub/MotoresComerciales/MotoresComerciales/Content/Stylized_PBR_Nature/Foliage/Textures/T_Common_Tree_09_N.ubulk" 2697
"C:/Users/bruwu/OneDrive/Documentos/GitHub/MotoresComerciales/MotoresComerciales/Content/Stylized_PBR_Nature/Foliage/Textures/T_Common_Tree_09_N.uasset" 2698
"C:/Users/bruwu/OneDrive/Documentos/GitHub/MotoresComerciales/MotoresComerciales/Content/Stylized_PBR_Nature/Foliage/Textures/T_Common_Tree_09_N.uexp" 2699
"C:/Users/bruwu/OneDrive/Documentos/GitHub/MotoresComerciales/MotoresComerciales/Content/Stylized_PBR_Nature/Foliage/Textures/T_Common_Tree_09_D.ubulk" 2700
"C:/Users/bruwu/OneDrive/Documentos/GitHub/MotoresComerciales/MotoresComerciales/Content/Stylized_PBR_Nature/Foliage/Textures/T_Common_Tree_09_D.uasset" 2701
"C:/Users/bruwu/OneDrive/Documentos/GitHub/MotoresComerciales/MotoresComerciales/Content/Stylized_PBR_Nature/Foliage/Textures/T_Common_Tree_09_D.uexp" 2702
"C:/Users/bruwu/OneDrive/Documentos/GitHub/MotoresComerciales/MotoresComerciales/Content/Stylized_PBR_Nature/Foliage/Textures/T_Common_Tree_09_ORM.ubulk" 2703
"C:/Users/bruwu/OneDrive/Documentos/GitHub/MotoresComerciales/MotoresComerciales/Content/Stylized_PBR_Nature/Foliage/Textures/T_Common_Tree_09_ORM.uasset" 2704
"C:/Users/bruwu/OneDrive/Documentos/GitHub/MotoresComerciales/MotoresComerciales/Content/Stylized_PBR_Nature/Foliage/Textures/T_Common_Tree_09_ORM.uexp" 2705
"C:/Users/bruwu/OneDrive/Documentos/GitHub/MotoresComerciales/MotoresComerciales/Content/Stylized_PBR_Nature/Foliage/Materials/MI_Common_Tree_09.uasset" 2706
"C:/Users/bruwu/OneDrive/Documentos/GitHub/MotoresComerciales/MotoresComerciales/Content/Stylized_PBR_Nature/Foliage/Materials/MI_Common_Tree_09.uexp" 2707
"C:/Users/bruwu/OneDrive/Documentos/GitHub/MotoresComerciales/MotoresComerciales/Content/Stylized_PBR_Nature/Foliage/Assets/SM_Common_Tree_09.ubulk" 2708
"C:/Users/bruwu/OneDrive/Documentos/GitHub/MotoresComerciales/MotoresComerciales/Content/Stylized_PBR_Nature/Foliage/Assets/SM_Common_Tree_09.uasset" 2709
"C:/Users/bruwu/OneDrive/Documentos/GitHub/MotoresComerciales/MotoresComerciales/Content/Stylized_PBR_Nature/Foliage/Assets/SM_Common_Tree_09.uexp" 2710
"C:/Users/bruwu/OneDrive/Documentos/GitHub/MotoresComerciales/MotoresComerciales/Content/LevelPrototyping/Meshes/SM_Cube.ubulk" 2711
"C:/Users/bruwu/OneDrive/Documentos/GitHub/MotoresComerciales/MotoresComerciales/Content/LevelPrototyping/Meshes/SM_Cube.uasset" 2712
"C:/Users/bruwu/OneDrive/Documentos/GitHub/MotoresComerciales/MotoresComerciales/Content/LevelPrototyping/Meshes/SM_Cube.uexp" 2713
"C:/Users/bruwu/OneDrive/Documentos/GitHub/MotoresComerciales/MotoresComerciales/Content/Stylized_PBR_Nature/Rocks/Textures/T_R_Rocks_1-5_D.ubulk" 2714
"C:/Users/bruwu/OneDrive/Documentos/GitHub/MotoresComerciales/MotoresComerciales/Content/Stylized_PBR_Nature/Rocks/Textures/T_R_Rocks_1-5_D.uasset" 2715
"C:/Users/bruwu/OneDrive/Documentos/GitHub/MotoresComerciales/MotoresComerciales/Content/Stylized_PBR_Nature/Rocks/Textures/T_R_Rocks_1-5_D.uexp" 2716
"C:/Users/bruwu/OneDrive/Documentos/GitHub/MotoresComerciales/MotoresComerciales/Content/Stylized_PBR_Nature/Rocks/Textures/T_R_Rocks_1-5_ORM.ubulk" 2717
"C:/Users/bruwu/OneDrive/Documentos/GitHub/MotoresComerciales/MotoresComerciales/Content/Stylized_PBR_Nature/Rocks/Textures/T_R_Rocks_1-5_ORM.uasset" 2718
"C:/Users/bruwu/OneDrive/Documentos/GitHub/MotoresComerciales/MotoresComerciales/Content/Stylized_PBR_Nature/Rocks/Textures/T_R_Rocks_1-5_ORM.uexp" 2719
"C:/Users/bruwu/OneDrive/Documentos/GitHub/MotoresComerciales/MotoresComerciales/Content/Stylized_PBR_Nature/Rocks/Textures/T_R_Rocks_1-5_N.ubulk" 2720
"C:/Users/bruwu/OneDrive/Documentos/GitHub/MotoresComerciales/MotoresComerciales/Content/Stylized_PBR_Nature/Rocks/Textures/T_R_Rocks_1-5_N.uasset" 2721
"C:/Users/bruwu/OneDrive/Documentos/GitHub/MotoresComerciales/MotoresComerciales/Content/Stylized_PBR_Nature/Rocks/Textures/T_R_Rocks_1-5_N.uexp" 2722
"C:/Users/bruwu/OneDrive/Documentos/GitHub/MotoresComerciales/MotoresComerciales/Content/Stylized_PBR_Nature/Rocks/Materials/M_Rock_Master.uasset" 2723
"C:/Users/bruwu/OneDrive/Documentos/GitHub/MotoresComerciales/MotoresComerciales/Content/Stylized_PBR_Nature/Rocks/Materials/M_Rock_Master.uexp" 2724
"C:/Users/bruwu/OneDrive/Documentos/GitHub/MotoresComerciales/MotoresComerciales/Content/Stylized_PBR_Nature/Foliage/Textures/T_Common_Tree_07_ORM.ubulk" 2725
"C:/Users/bruwu/OneDrive/Documentos/GitHub/MotoresComerciales/MotoresComerciales/Content/Stylized_PBR_Nature/Foliage/Textures/T_Common_Tree_07_ORM.uasset" 2726
"C:/Users/bruwu/OneDrive/Documentos/GitHub/MotoresComerciales/MotoresComerciales/Content/Stylized_PBR_Nature/Foliage/Textures/T_Common_Tree_07_ORM.uexp" 2727
"C:/Users/bruwu/OneDrive/Documentos/GitHub/MotoresComerciales/MotoresComerciales/Content/Stylized_PBR_Nature/Foliage/Textures/T_Common_Tree_07_D.ubulk" 2728
"C:/Users/bruwu/OneDrive/Documentos/GitHub/MotoresComerciales/MotoresComerciales/Content/Stylized_PBR_Nature/Foliage/Textures/T_Common_Tree_07_D.uasset" 2729
"C:/Users/bruwu/OneDrive/Documentos/GitHub/MotoresComerciales/MotoresComerciales/Content/Stylized_PBR_Nature/Foliage/Textures/T_Common_Tree_07_D.uexp" 2730
"C:/Users/bruwu/OneDrive/Documentos/GitHub/MotoresComerciales/MotoresComerciales/Content/Stylized_PBR_Nature/Foliage/Textures/T_Common_Tree_07_N.ubulk" 2731
"C:/Users/bruwu/OneDrive/Documentos/GitHub/MotoresComerciales/MotoresComerciales/Content/Stylized_PBR_Nature/Foliage/Textures/T_Common_Tree_07_N.uasset" 2732
"C:/Users/bruwu/OneDrive/Documentos/GitHub/MotoresComerciales/MotoresComerciales/Content/Stylized_PBR_Nature/Foliage/Textures/T_Common_Tree_07_N.uexp" 2733
"C:/Users/bruwu/OneDrive/Documentos/GitHub/MotoresComerciales/MotoresComerciales/Content/Stylized_PBR_Nature/Foliage/Materials/MI_Common_Tree_07.uasset" 2734
"C:/Users/bruwu/OneDrive/Documentos/GitHub/MotoresComerciales/MotoresComerciales/Content/Stylized_PBR_Nature/Foliage/Materials/MI_Common_Tree_07.uexp" 2735
"C:/Users/bruwu/OneDrive/Documentos/GitHub/MotoresComerciales/MotoresComerciales/Content/Stylized_PBR_Nature/Foliage/Assets/SM_Common_Tree_07.ubulk" 2736
"C:/Users/bruwu/OneDrive/Documentos/GitHub/MotoresComerciales/MotoresComerciales/Content/Stylized_PBR_Nature/Foliage/Assets/SM_Common_Tree_07.uasset" 2737
"C:/Users/bruwu/OneDrive/Documentos/GitHub/MotoresComerciales/MotoresComerciales/Content/Stylized_PBR_Nature/Foliage/Assets/SM_Common_Tree_07.uexp" 2738
"C:/Users/bruwu/OneDrive/Documentos/GitHub/MotoresComerciales/MotoresComerciales/Content/Stylized_PBR_Nature/Rocks/Textures/T_S_Rocks_1-6_ORM.ubulk" 2739
"C:/Users/bruwu/OneDrive/Documentos/GitHub/MotoresComerciales/MotoresComerciales/Content/Stylized_PBR_Nature/Rocks/Textures/T_S_Rocks_1-6_ORM.uasset" 2740
"C:/Users/bruwu/OneDrive/Documentos/GitHub/MotoresComerciales/MotoresComerciales/Content/Stylized_PBR_Nature/Rocks/Textures/T_S_Rocks_1-6_ORM.uexp" 2741
"C:/Users/bruwu/OneDrive/Documentos/GitHub/MotoresComerciales/MotoresComerciales/Content/Stylized_PBR_Nature/Rocks/Textures/T_S_Rocks_1-6_N.ubulk" 2742
"C:/Users/bruwu/OneDrive/Documentos/GitHub/MotoresComerciales/MotoresComerciales/Content/Stylized_PBR_Nature/Rocks/Textures/T_S_Rocks_1-6_N.uasset" 2743
"C:/Users/bruwu/OneDrive/Documentos/GitHub/MotoresComerciales/MotoresComerciales/Content/Stylized_PBR_Nature/Rocks/Textures/T_S_Rocks_1-6_N.uexp" 2744
"C:/Users/bruwu/OneDrive/Documentos/GitHub/MotoresComerciales/MotoresComerciales/Content/Stylized_PBR_Nature/Rocks/Textures/T_S_Rocks_1-6_D.ubulk" 2745
"C:/Users/bruwu/OneDrive/Documentos/GitHub/MotoresComerciales/MotoresComerciales/Content/Stylized_PBR_Nature/Rocks/Textures/T_S_Rocks_1-6_D.uasset" 2746
"C:/Users/bruwu/OneDrive/Documentos/GitHub/MotoresComerciales/MotoresComerciales/Content/Stylized_PBR_Nature/Rocks/Textures/T_S_Rocks_1-6_D.uexp" 2747
"C:/Users/bruwu/OneDrive/Documentos/GitHub/MotoresComerciales/MotoresComerciales/Content/Stylized_PBR_Nature/Rocks/Materials/MI_S_Rock_1-6.uasset" 2748
"C:/Users/bruwu/OneDrive/Documentos/GitHub/MotoresComerciales/MotoresComerciales/Content/Stylized_PBR_Nature/Rocks/Materials/MI_S_Rock_1-6.uexp" 2749
"C:/Users/bruwu/OneDrive/Documentos/GitHub/MotoresComerciales/MotoresComerciales/Content/Stylized_PBR_Nature/Rocks/Assets/SM_S_Rock_04.ubulk" 2750
"C:/Users/bruwu/OneDrive/Documentos/GitHub/MotoresComerciales/MotoresComerciales/Content/Stylized_PBR_Nature/Rocks/Assets/SM_S_Rock_04.uasset" 2751
"C:/Users/bruwu/OneDrive/Documentos/GitHub/MotoresComerciales/MotoresComerciales/Content/Stylized_PBR_Nature/Rocks/Assets/SM_S_Rock_04.uexp" 2752
"C:/Users/bruwu/OneDrive/Documentos/GitHub/MotoresComerciales/MotoresComerciales/Content/LevelPrototyping/Meshes/SM_QuarterCylinder.ubulk" 2753
"C:/Users/bruwu/OneDrive/Documentos/GitHub/MotoresComerciales/MotoresComerciales/Content/LevelPrototyping/Meshes/SM_QuarterCylinder.uasset" 2754
"C:/Users/bruwu/OneDrive/Documentos/GitHub/MotoresComerciales/MotoresComerciales/Content/LevelPrototyping/Meshes/SM_QuarterCylinder.uexp" 2755
"C:/Users/bruwu/OneDrive/Documentos/GitHub/MotoresComerciales/MotoresComerciales/Content/Fantastic_Village_Pack/textures/T_ENV_stone_BC.ubulk" 2756
"C:/Users/bruwu/OneDrive/Documentos/GitHub/MotoresComerciales/MotoresComerciales/Content/Fantastic_Village_Pack/textures/T_ENV_stone_BC.uasset" 2757
"C:/Users/bruwu/OneDrive/Documentos/GitHub/MotoresComerciales/MotoresComerciales/Content/Fantastic_Village_Pack/textures/T_ENV_stone_BC.uexp" 2758
"C:/Users/bruwu/OneDrive/Documentos/GitHub/MotoresComerciales/MotoresComerciales/Content/Fantastic_Village_Pack/textures/T_ENV_stone_N.ubulk" 2759
"C:/Users/bruwu/OneDrive/Documentos/GitHub/MotoresComerciales/MotoresComerciales/Content/Fantastic_Village_Pack/textures/T_ENV_stone_N.uasset" 2760
"C:/Users/bruwu/OneDrive/Documentos/GitHub/MotoresComerciales/MotoresComerciales/Content/Fantastic_Village_Pack/textures/T_ENV_stone_N.uexp" 2761
"C:/Users/bruwu/OneDrive/Documentos/GitHub/MotoresComerciales/MotoresComerciales/Content/Fantastic_Village_Pack/materials/MI_ENV_stone.uasset" 2762
"C:/Users/bruwu/OneDrive/Documentos/GitHub/MotoresComerciales/MotoresComerciales/Content/Fantastic_Village_Pack/materials/MI_ENV_stone.uexp" 2763
"C:/Users/bruwu/OneDrive/Documentos/GitHub/MotoresComerciales/MotoresComerciales/Content/Stylized_PBR_Nature/Rocks/Textures/T_S_Rocks_7-11_N.ubulk" 2764
"C:/Users/bruwu/OneDrive/Documentos/GitHub/MotoresComerciales/MotoresComerciales/Content/Stylized_PBR_Nature/Rocks/Textures/T_S_Rocks_7-11_N.uasset" 2765
"C:/Users/bruwu/OneDrive/Documentos/GitHub/MotoresComerciales/MotoresComerciales/Content/Stylized_PBR_Nature/Rocks/Textures/T_S_Rocks_7-11_N.uexp" 2766
"C:/Users/bruwu/OneDrive/Documentos/GitHub/MotoresComerciales/MotoresComerciales/Content/Stylized_PBR_Nature/Rocks/Textures/T_S_Rocks_7-11_D.ubulk" 2767
"C:/Users/bruwu/OneDrive/Documentos/GitHub/MotoresComerciales/MotoresComerciales/Content/Stylized_PBR_Nature/Rocks/Textures/T_S_Rocks_7-11_D.uasset" 2768
"C:/Users/bruwu/OneDrive/Documentos/GitHub/MotoresComerciales/MotoresComerciales/Content/Stylized_PBR_Nature/Rocks/Textures/T_S_Rocks_7-11_D.uexp" 2769
"C:/Users/bruwu/OneDrive/Documentos/GitHub/MotoresComerciales/MotoresComerciales/Content/Stylized_PBR_Nature/Rocks/Textures/T_S_Rocks_7-11_ORM.ubulk" 2770
"C:/Users/bruwu/OneDrive/Documentos/GitHub/MotoresComerciales/MotoresComerciales/Content/Stylized_PBR_Nature/Rocks/Textures/T_S_Rocks_7-11_ORM.uasset" 2771
"C:/Users/bruwu/OneDrive/Documentos/GitHub/MotoresComerciales/MotoresComerciales/Content/Stylized_PBR_Nature/Rocks/Textures/T_S_Rocks_7-11_ORM.uexp" 2772
"C:/Users/bruwu/OneDrive/Documentos/GitHub/MotoresComerciales/MotoresComerciales/Content/Stylized_PBR_Nature/Rocks/Materials/MI_S_Rock_7-11.uasset" 2773
"C:/Users/bruwu/OneDrive/Documentos/GitHub/MotoresComerciales/MotoresComerciales/Content/Stylized_PBR_Nature/Rocks/Materials/MI_S_Rock_7-11.uexp" 2774
"C:/Users/bruwu/OneDrive/Documentos/GitHub/MotoresComerciales/MotoresComerciales/Content/Stylized_PBR_Nature/Rocks/Materials/MI_R_Rock_1-5.uasset" 2775
"C:/Users/bruwu/OneDrive/Documentos/GitHub/MotoresComerciales/MotoresComerciales/Content/Stylized_PBR_Nature/Rocks/Materials/MI_R_Rock_1-5.uexp" 2776
"C:/Users/bruwu/OneDrive/Documentos/GitHub/MotoresComerciales/MotoresComerciales/Content/Stylized_PBR_Nature/Rocks/Assets/SM_R_Rock_05.ubulk" 2777
"C:/Users/bruwu/OneDrive/Documentos/GitHub/MotoresComerciales/MotoresComerciales/Content/Stylized_PBR_Nature/Rocks/Assets/SM_R_Rock_05.uasset" 2778
"C:/Users/bruwu/OneDrive/Documentos/GitHub/MotoresComerciales/MotoresComerciales/Content/Stylized_PBR_Nature/Rocks/Assets/SM_R_Rock_05.uexp" 2779
"C:/Users/bruwu/OneDrive/Documentos/GitHub/MotoresComerciales/MotoresComerciales/Content/Stylized_PBR_Nature/Rocks/Assets/SM_S_Rock_10.ubulk" 2780
"C:/Users/bruwu/OneDrive/Documentos/GitHub/MotoresComerciales/MotoresComerciales/Content/Stylized_PBR_Nature/Rocks/Assets/SM_S_Rock_10.uasset" 2781
"C:/Users/bruwu/OneDrive/Documentos/GitHub/MotoresComerciales/MotoresComerciales/Content/Stylized_PBR_Nature/Rocks/Assets/SM_S_Rock_10.uexp" 2782
"C:/Users/bruwu/OneDrive/Documentos/GitHub/MotoresComerciales/MotoresComerciales/Content/ThirdPerson/Audios/SFX_Ambience_Temple_Loop.ubulk" 2783
"C:/Users/bruwu/OneDrive/Documentos/GitHub/MotoresComerciales/MotoresComerciales/Content/ThirdPerson/Audios/SFX_Ambience_Temple_Loop.uasset" 2784
"C:/Users/bruwu/OneDrive/Documentos/GitHub/MotoresComerciales/MotoresComerciales/Content/ThirdPerson/Audios/SFX_Ambience_Temple_Loop.uexp" 2785
"C:/Users/bruwu/OneDrive/Documentos/GitHub/MotoresComerciales/MotoresComerciales/Content/ThirdPerson/Audios/Cave.uasset" 2786
"C:/Users/bruwu/OneDrive/Documentos/GitHub/MotoresComerciales/MotoresComerciales/Content/ThirdPerson/Audios/Cave.uexp" 2787
"C:/Users/bruwu/OneDrive/Documentos/GitHub/MotoresComerciales/MotoresComerciales/Content/Stylized_PBR_Nature/Rocks/Assets/SM_S_Rock_02.ubulk" 2788
"C:/Users/bruwu/OneDrive/Documentos/GitHub/MotoresComerciales/MotoresComerciales/Content/Stylized_PBR_Nature/Rocks/Assets/SM_S_Rock_02.uasset" 2789
"C:/Users/bruwu/OneDrive/Documentos/GitHub/MotoresComerciales/MotoresComerciales/Content/Stylized_PBR_Nature/Rocks/Assets/SM_S_Rock_02.uexp" 2790
"C:/Users/bruwu/OneDrive/Documentos/GitHub/MotoresComerciales/MotoresComerciales/Content/LevelPrototyping/Materials/MI_PrototypeGrid_TopDark.uasset" 2791
"C:/Users/bruwu/OneDrive/Documentos/GitHub/MotoresComerciales/MotoresComerciales/Content/LevelPrototyping/Materials/MI_PrototypeGrid_TopDark.uexp" 2792
"C:/Users/bruwu/OneDrive/Documentos/GitHub/MotoresComerciales/MotoresComerciales/Content/Fantastic_Village_Pack/textures/T_rooftiles_02_BC.ubulk" 2793
"C:/Users/bruwu/OneDrive/Documentos/GitHub/MotoresComerciales/MotoresComerciales/Content/Fantastic_Village_Pack/textures/T_rooftiles_02_BC.uasset" 2794
"C:/Users/bruwu/OneDrive/Documentos/GitHub/MotoresComerciales/MotoresComerciales/Content/Fantastic_Village_Pack/textures/T_rooftiles_02_BC.uexp" 2795
"C:/Users/bruwu/OneDrive/Documentos/GitHub/MotoresComerciales/MotoresComerciales/Content/Fantastic_Village_Pack/textures/T_rooftiles_02_N.ubulk" 2796
"C:/Users/bruwu/OneDrive/Documentos/GitHub/MotoresComerciales/MotoresComerciales/Content/Fantastic_Village_Pack/textures/T_rooftiles_02_N.uasset" 2797
"C:/Users/bruwu/OneDrive/Documentos/GitHub/MotoresComerciales/MotoresComerciales/Content/Fantastic_Village_Pack/textures/T_rooftiles_02_N.uexp" 2798
"C:/Users/bruwu/OneDrive/Documentos/GitHub/MotoresComerciales/MotoresComerciales/Content/Fantastic_Village_Pack/materials/MI_rooftiles_02.uasset" 2799
"C:/Users/bruwu/OneDrive/Documentos/GitHub/MotoresComerciales/MotoresComerciales/Content/Fantastic_Village_Pack/materials/MI_rooftiles_02.uexp" 2800
"C:/Users/bruwu/OneDrive/Documentos/GitHub/MotoresComerciales/MotoresComerciales/Content/Stylized_PBR_Nature/Foliage/Textures/T_Common_Tree_05_N.ubulk" 2801
"C:/Users/bruwu/OneDrive/Documentos/GitHub/MotoresComerciales/MotoresComerciales/Content/Stylized_PBR_Nature/Foliage/Textures/T_Common_Tree_05_N.uasset" 2802
"C:/Users/bruwu/OneDrive/Documentos/GitHub/MotoresComerciales/MotoresComerciales/Content/Stylized_PBR_Nature/Foliage/Textures/T_Common_Tree_05_N.uexp" 2803
"C:/Users/bruwu/OneDrive/Documentos/GitHub/MotoresComerciales/MotoresComerciales/Content/Stylized_PBR_Nature/Foliage/Textures/T_Common_Tree_05_D.ubulk" 2804
"C:/Users/bruwu/OneDrive/Documentos/GitHub/MotoresComerciales/MotoresComerciales/Content/Stylized_PBR_Nature/Foliage/Textures/T_Common_Tree_05_D.uasset" 2805
"C:/Users/bruwu/OneDrive/Documentos/GitHub/MotoresComerciales/MotoresComerciales/Content/Stylized_PBR_Nature/Foliage/Textures/T_Common_Tree_05_D.uexp" 2806
"C:/Users/bruwu/OneDrive/Documentos/GitHub/MotoresComerciales/MotoresComerciales/Content/Stylized_PBR_Nature/Foliage/Textures/T_Common_Tree_05_ORM.ubulk" 2807
"C:/Users/bruwu/OneDrive/Documentos/GitHub/MotoresComerciales/MotoresComerciales/Content/Stylized_PBR_Nature/Foliage/Textures/T_Common_Tree_05_ORM.uasset" 2808
"C:/Users/bruwu/OneDrive/Documentos/GitHub/MotoresComerciales/MotoresComerciales/Content/Stylized_PBR_Nature/Foliage/Textures/T_Common_Tree_05_ORM.uexp" 2809
"C:/Users/bruwu/OneDrive/Documentos/GitHub/MotoresComerciales/MotoresComerciales/Content/Stylized_PBR_Nature/Foliage/Materials/MI_Common_Tree_05.uasset" 2810
"C:/Users/bruwu/OneDrive/Documentos/GitHub/MotoresComerciales/MotoresComerciales/Content/Stylized_PBR_Nature/Foliage/Materials/MI_Common_Tree_05.uexp" 2811
"C:/Users/bruwu/OneDrive/Documentos/GitHub/MotoresComerciales/MotoresComerciales/Content/Stylized_PBR_Nature/Foliage/Assets/SM_Common_Tree_05.ubulk" 2812
"C:/Users/bruwu/OneDrive/Documentos/GitHub/MotoresComerciales/MotoresComerciales/Content/Stylized_PBR_Nature/Foliage/Assets/SM_Common_Tree_05.uasset" 2813
"C:/Users/bruwu/OneDrive/Documentos/GitHub/MotoresComerciales/MotoresComerciales/Content/Stylized_PBR_Nature/Foliage/Assets/SM_Common_Tree_05.uexp" 2814
"C:/Users/bruwu/OneDrive/Documentos/GitHub/MotoresComerciales/MotoresComerciales/Content/Stylized_PBR_Nature/Foliage/Textures/T_Common_Tree_08_ORM.ubulk" 2815
"C:/Users/bruwu/OneDrive/Documentos/GitHub/MotoresComerciales/MotoresComerciales/Content/Stylized_PBR_Nature/Foliage/Textures/T_Common_Tree_08_ORM.uasset" 2816
"C:/Users/bruwu/OneDrive/Documentos/GitHub/MotoresComerciales/MotoresComerciales/Content/Stylized_PBR_Nature/Foliage/Textures/T_Common_Tree_08_ORM.uexp" 2817
"C:/Users/bruwu/OneDrive/Documentos/GitHub/MotoresComerciales/MotoresComerciales/Content/Stylized_PBR_Nature/Foliage/Textures/T_Common_Tree_08_D.ubulk" 2818
"C:/Users/bruwu/OneDrive/Documentos/GitHub/MotoresComerciales/MotoresComerciales/Content/Stylized_PBR_Nature/Foliage/Textures/T_Common_Tree_08_D.uasset" 2819
"C:/Users/bruwu/OneDrive/Documentos/GitHub/MotoresComerciales/MotoresComerciales/Content/Stylized_PBR_Nature/Foliage/Textures/T_Common_Tree_08_D.uexp" 2820
"C:/Users/bruwu/OneDrive/Documentos/GitHub/MotoresComerciales/MotoresComerciales/Content/Stylized_PBR_Nature/Foliage/Textures/T_Common_Tree_08_N.ubulk" 2821
"C:/Users/bruwu/OneDrive/Documentos/GitHub/MotoresComerciales/MotoresComerciales/Content/Stylized_PBR_Nature/Foliage/Textures/T_Common_Tree_08_N.uasset" 2822
"C:/Users/bruwu/OneDrive/Documentos/GitHub/MotoresComerciales/MotoresComerciales/Content/Stylized_PBR_Nature/Foliage/Textures/T_Common_Tree_08_N.uexp" 2823
"C:/Users/bruwu/OneDrive/Documentos/GitHub/MotoresComerciales/MotoresComerciales/Content/Stylized_PBR_Nature/Foliage/Materials/MI_Common_Tree_08.uasset" 2824
"C:/Users/bruwu/OneDrive/Documentos/GitHub/MotoresComerciales/MotoresComerciales/Content/Stylized_PBR_Nature/Foliage/Materials/MI_Common_Tree_08.uexp" 2825
"C:/Users/bruwu/OneDrive/Documentos/GitHub/MotoresComerciales/MotoresComerciales/Content/Stylized_PBR_Nature/Foliage/Assets/SM_Common_Tree_08.ubulk" 2826
"C:/Users/bruwu/OneDrive/Documentos/GitHub/MotoresComerciales/MotoresComerciales/Content/Stylized_PBR_Nature/Foliage/Assets/SM_Common_Tree_08.uasset" 2827
"C:/Users/bruwu/OneDrive/Documentos/GitHub/MotoresComerciales/MotoresComerciales/Content/Stylized_PBR_Nature/Foliage/Assets/SM_Common_Tree_08.uexp" 2828
"C:/Users/bruwu/OneDrive/Documentos/GitHub/MotoresComerciales/MotoresComerciales/Content/ThirdPerson/Materials/grass.uasset" 2829
"C:/Users/bruwu/OneDrive/Documentos/GitHub/MotoresComerciales/MotoresComerciales/Content/ThirdPerson/Materials/grass.uexp" 2830
"C:/Users/bruwu/OneDrive/Documentos/GitHub/MotoresComerciales/MotoresComerciales/Content/LevelPrototyping/Meshes/SM_Ramp.ubulk" 2831
"C:/Users/bruwu/OneDrive/Documentos/GitHub/MotoresComerciales/MotoresComerciales/Content/LevelPrototyping/Meshes/SM_Ramp.uasset" 2832
"C:/Users/bruwu/OneDrive/Documentos/GitHub/MotoresComerciales/MotoresComerciales/Content/LevelPrototyping/Meshes/SM_Ramp.uexp" 2833
"C:/Users/bruwu/OneDrive/Documentos/GitHub/MotoresComerciales/MotoresComerciales/Content/ThirdPerson/Audios/SFX_Ambience_Forest_Day_Loop.ubulk" 2834
"C:/Users/bruwu/OneDrive/Documentos/GitHub/MotoresComerciales/MotoresComerciales/Content/ThirdPerson/Audios/SFX_Ambience_Forest_Day_Loop.uasset" 2835
"C:/Users/bruwu/OneDrive/Documentos/GitHub/MotoresComerciales/MotoresComerciales/Content/ThirdPerson/Audios/SFX_Ambience_Forest_Day_Loop.uexp" 2836
"C:/Users/bruwu/OneDrive/Documentos/GitHub/MotoresComerciales/MotoresComerciales/Content/ThirdPerson/Audios/Day.uasset" 2837
"C:/Users/bruwu/OneDrive/Documentos/GitHub/MotoresComerciales/MotoresComerciales/Content/ThirdPerson/Audios/Day.uexp" 2838
"C:/Users/bruwu/OneDrive/Documentos/GitHub/MotoresComerciales/MotoresComerciales/Content/Stylized_PBR_Nature/Foliage/Textures/T_Common_Tree_06_D.ubulk" 2839
"C:/Users/bruwu/OneDrive/Documentos/GitHub/MotoresComerciales/MotoresComerciales/Content/Stylized_PBR_Nature/Foliage/Textures/T_Common_Tree_06_D.uasset" 2840
"C:/Users/bruwu/OneDrive/Documentos/GitHub/MotoresComerciales/MotoresComerciales/Content/Stylized_PBR_Nature/Foliage/Textures/T_Common_Tree_06_D.uexp" 2841
"C:/Users/bruwu/OneDrive/Documentos/GitHub/MotoresComerciales/MotoresComerciales/Content/Stylized_PBR_Nature/Foliage/Textures/T_Common_Tree_06_N.ubulk" 2842
"C:/Users/bruwu/OneDrive/Documentos/GitHub/MotoresComerciales/MotoresComerciales/Content/Stylized_PBR_Nature/Foliage/Textures/T_Common_Tree_06_N.uasset" 2843
"C:/Users/bruwu/OneDrive/Documentos/GitHub/MotoresComerciales/MotoresComerciales/Content/Stylized_PBR_Nature/Foliage/Textures/T_Common_Tree_06_N.uexp" 2844
"C:/Users/bruwu/OneDrive/Documentos/GitHub/MotoresComerciales/MotoresComerciales/Content/Stylized_PBR_Nature/Foliage/Textures/T_Common_Tree_06_ORM.ubulk" 2845
"C:/Users/bruwu/OneDrive/Documentos/GitHub/MotoresComerciales/MotoresComerciales/Content/Stylized_PBR_Nature/Foliage/Textures/T_Common_Tree_06_ORM.uasset" 2846
"C:/Users/bruwu/OneDrive/Documentos/GitHub/MotoresComerciales/MotoresComerciales/Content/Stylized_PBR_Nature/Foliage/Textures/T_Common_Tree_06_ORM.uexp" 2847
"C:/Users/bruwu/OneDrive/Documentos/GitHub/MotoresComerciales/MotoresComerciales/Content/Stylized_PBR_Nature/Foliage/Materials/MI_Common_Tree_06.uasset" 2848
"C:/Users/bruwu/OneDrive/Documentos/GitHub/MotoresComerciales/MotoresComerciales/Content/Stylized_PBR_Nature/Foliage/Materials/MI_Common_Tree_06.uexp" 2849
"C:/Users/bruwu/OneDrive/Documentos/GitHub/MotoresComerciales/MotoresComerciales/Content/Stylized_PBR_Nature/Foliage/Assets/SM_Common_Tree_06.ubulk" 2850
"C:/Users/bruwu/OneDrive/Documentos/GitHub/MotoresComerciales/MotoresComerciales/Content/Stylized_PBR_Nature/Foliage/Assets/SM_Common_Tree_06.uasset" 2851
"C:/Users/bruwu/OneDrive/Documentos/GitHub/MotoresComerciales/MotoresComerciales/Content/Stylized_PBR_Nature/Foliage/Assets/SM_Common_Tree_06.uexp" 2852
"../../../Engine/Content/EngineSky/T_Sky_Stars.ubulk" 2853
"../../../Engine/Content/EngineSky/T_Sky_Stars.uasset" 2854
"../../../Engine/Content/EngineSky/T_Sky_Stars.uexp" 2855
"../../../Engine/Content/EngineSky/T_Sky_Clouds_M.ubulk" 2856
"../../../Engine/Content/EngineSky/T_Sky_Clouds_M.uasset" 2857
"../../../Engine/Content/EngineSky/T_Sky_Clouds_M.uexp" 2858
"../../../Engine/Content/EngineSky/T_Sky_Blue.ubulk" 2859
"../../../Engine/Content/EngineSky/T_Sky_Blue.uasset" 2860
"../../../Engine/Content/EngineSky/T_Sky_Blue.uexp" 2861
"../../../Engine/Content/EngineSky/M_Sky_Panning_Clouds2.uasset" 2862
"../../../Engine/Content/EngineSky/M_Sky_Panning_Clouds2.uexp" 2863
"../../../Engine/Content/EngineSky/SM_SkySphere.ubulk" 2864
"../../../Engine/Content/EngineSky/SM_SkySphere.uasset" 2865
"../../../Engine/Content/EngineSky/SM_SkySphere.uexp" 2866
"C:/Users/bruwu/OneDrive/Documentos/GitHub/MotoresComerciales/MotoresComerciales/Content/Stylized_PBR_Nature/Foliage/Textures/T_Common_Tree_11_D.ubulk" 2867
"C:/Users/bruwu/OneDrive/Documentos/GitHub/MotoresComerciales/MotoresComerciales/Content/Stylized_PBR_Nature/Foliage/Textures/T_Common_Tree_11_D.uasset" 2868
"C:/Users/bruwu/OneDrive/Documentos/GitHub/MotoresComerciales/MotoresComerciales/Content/Stylized_PBR_Nature/Foliage/Textures/T_Common_Tree_11_D.uexp" 2869
"C:/Users/bruwu/OneDrive/Documentos/GitHub/MotoresComerciales/MotoresComerciales/Content/Stylized_PBR_Nature/Foliage/Textures/T_Common_Tree_11_ORM.ubulk" 2870
"C:/Users/bruwu/OneDrive/Documentos/GitHub/MotoresComerciales/MotoresComerciales/Content/Stylized_PBR_Nature/Foliage/Textures/T_Common_Tree_11_ORM.uasset" 2871
"C:/Users/bruwu/OneDrive/Documentos/GitHub/MotoresComerciales/MotoresComerciales/Content/Stylized_PBR_Nature/Foliage/Textures/T_Common_Tree_11_ORM.uexp" 2872
"C:/Users/bruwu/OneDrive/Documentos/GitHub/MotoresComerciales/MotoresComerciales/Content/Stylized_PBR_Nature/Foliage/Textures/T_Common_Tree_11_N.ubulk" 2873
"C:/Users/bruwu/OneDrive/Documentos/GitHub/MotoresComerciales/MotoresComerciales/Content/Stylized_PBR_Nature/Foliage/Textures/T_Common_Tree_11_N.uasset" 2874
"C:/Users/bruwu/OneDrive/Documentos/GitHub/MotoresComerciales/MotoresComerciales/Content/Stylized_PBR_Nature/Foliage/Textures/T_Common_Tree_11_N.uexp" 2875
"C:/Users/bruwu/OneDrive/Documentos/GitHub/MotoresComerciales/MotoresComerciales/Content/Stylized_PBR_Nature/Foliage/Materials/MI_Common_Tree_11.uasset" 2876
"C:/Users/bruwu/OneDrive/Documentos/GitHub/MotoresComerciales/MotoresComerciales/Content/Stylized_PBR_Nature/Foliage/Materials/MI_Common_Tree_11.uexp" 2877
"C:/Users/bruwu/OneDrive/Documentos/GitHub/MotoresComerciales/MotoresComerciales/Content/Stylized_PBR_Nature/Foliage/Assets/SM_Common_Tree_11.ubulk" 2878
"C:/Users/bruwu/OneDrive/Documentos/GitHub/MotoresComerciales/MotoresComerciales/Content/Stylized_PBR_Nature/Foliage/Assets/SM_Common_Tree_11.uasset" 2879
"C:/Users/bruwu/OneDrive/Documentos/GitHub/MotoresComerciales/MotoresComerciales/Content/Stylized_PBR_Nature/Foliage/Assets/SM_Common_Tree_11.uexp" 2880
"C:/Users/bruwu/OneDrive/Documentos/GitHub/MotoresComerciales/MotoresComerciales/Content/Stylized_PBR_Nature/Rocks/Assets/SM_S_Rock_05.ubulk" 2881
"C:/Users/bruwu/OneDrive/Documentos/GitHub/MotoresComerciales/MotoresComerciales/Content/Stylized_PBR_Nature/Rocks/Assets/SM_S_Rock_05.uasset" 2882
"C:/Users/bruwu/OneDrive/Documentos/GitHub/MotoresComerciales/MotoresComerciales/Content/Stylized_PBR_Nature/Rocks/Assets/SM_S_Rock_05.uexp" 2883
"C:/Users/bruwu/OneDrive/Documentos/GitHub/MotoresComerciales/MotoresComerciales/Content/Fantastic_Village_Pack/meshes/props/natural/SM_PROP_hay_03.ubulk" 2884
"C:/Users/bruwu/OneDrive/Documentos/GitHub/MotoresComerciales/MotoresComerciales/Content/Fantastic_Village_Pack/meshes/props/natural/SM_PROP_hay_03.uasset" 2885
"C:/Users/bruwu/OneDrive/Documentos/GitHub/MotoresComerciales/MotoresComerciales/Content/Fantastic_Village_Pack/meshes/props/natural/SM_PROP_hay_03.uexp" 2886
"../../../Engine/Content/EngineMaterials/DefaultPhysicalMaterial.uasset" 2887
"../../../Engine/Content/EngineMaterials/DefaultPhysicalMaterial.uexp" 2888
"C:/Users/bruwu/OneDrive/Documentos/GitHub/MotoresComerciales/MotoresComerciales/Content/VRS_LowPolyNatureEssentials/Meshes/Arch/RuinedWalls/SM_RuinedWallA.ubulk" 2889
"C:/Users/bruwu/OneDrive/Documentos/GitHub/MotoresComerciales/MotoresComerciales/Content/VRS_LowPolyNatureEssentials/Meshes/Arch/RuinedWalls/SM_RuinedWallA.uasset" 2890
"C:/Users/bruwu/OneDrive/Documentos/GitHub/MotoresComerciales/MotoresComerciales/Content/VRS_LowPolyNatureEssentials/Meshes/Arch/RuinedWalls/SM_RuinedWallA.uexp" 2891
"C:/Users/bruwu/OneDrive/Documentos/GitHub/MotoresComerciales/MotoresComerciales/Content/Fantastic_Village_Pack/meshes/props/furniture/SM_PROP_bench_02.ubulk" 2892
"C:/Users/bruwu/OneDrive/Documentos/GitHub/MotoresComerciales/MotoresComerciales/Content/Fantastic_Village_Pack/meshes/props/furniture/SM_PROP_bench_02.uasset" 2893
"C:/Users/bruwu/OneDrive/Documentos/GitHub/MotoresComerciales/MotoresComerciales/Content/Fantastic_Village_Pack/meshes/props/furniture/SM_PROP_bench_02.uexp" 2894
"C:/Users/bruwu/OneDrive/Documentos/GitHub/MotoresComerciales/MotoresComerciales/Content/Fantastic_Village_Pack/meshes/props/construction/SM_PROP_fence_v02_04.ubulk" 2895
"C:/Users/bruwu/OneDrive/Documentos/GitHub/MotoresComerciales/MotoresComerciales/Content/Fantastic_Village_Pack/meshes/props/construction/SM_PROP_fence_v02_04.uasset" 2896
"C:/Users/bruwu/OneDrive/Documentos/GitHub/MotoresComerciales/MotoresComerciales/Content/Fantastic_Village_Pack/meshes/props/construction/SM_PROP_fence_v02_04.uexp" 2897
"C:/Users/bruwu/OneDrive/Documentos/GitHub/MotoresComerciales/MotoresComerciales/Content/VRS_LowPolyNatureEssentials/Meshes/Env/Mushrooms/ParasolMushroom/SM_ParasolMushroomMatureVariantB.ubulk" 2898
"C:/Users/bruwu/OneDrive/Documentos/GitHub/MotoresComerciales/MotoresComerciales/Content/VRS_LowPolyNatureEssentials/Meshes/Env/Mushrooms/ParasolMushroom/SM_ParasolMushroomMatureVariantB.uasset" 2899
"C:/Users/bruwu/OneDrive/Documentos/GitHub/MotoresComerciales/MotoresComerciales/Content/VRS_LowPolyNatureEssentials/Meshes/Env/Mushrooms/ParasolMushroom/SM_ParasolMushroomMatureVariantB.uexp" 2900
"C:/Users/bruwu/OneDrive/Documentos/GitHub/MotoresComerciales/MotoresComerciales/Content/Fantastic_Village_Pack/meshes/props/light/SM_PROP_streetlamp_v02_04.ubulk" 2901
"C:/Users/bruwu/OneDrive/Documentos/GitHub/MotoresComerciales/MotoresComerciales/Content/Fantastic_Village_Pack/meshes/props/light/SM_PROP_streetlamp_v02_04.uasset" 2902
"C:/Users/bruwu/OneDrive/Documentos/GitHub/MotoresComerciales/MotoresComerciales/Content/Fantastic_Village_Pack/meshes/props/light/SM_PROP_streetlamp_v02_04.uexp" 2903
"C:/Users/bruwu/OneDrive/Documentos/GitHub/MotoresComerciales/MotoresComerciales/Content/VRS_LowPolyNatureEssentials/Meshes/Env/GrassLumps/SM_GrassLumpLargeFTall.ubulk" 2904
"C:/Users/bruwu/OneDrive/Documentos/GitHub/MotoresComerciales/MotoresComerciales/Content/VRS_LowPolyNatureEssentials/Meshes/Env/GrassLumps/SM_GrassLumpLargeFTall.uasset" 2905
"C:/Users/bruwu/OneDrive/Documentos/GitHub/MotoresComerciales/MotoresComerciales/Content/VRS_LowPolyNatureEssentials/Meshes/Env/GrassLumps/SM_GrassLumpLargeFTall.uexp" 2906
"C:/Users/bruwu/OneDrive/Documentos/GitHub/MotoresComerciales/MotoresComerciales/Content/VRS_LowPolyNatureEssentials/Meshes/Env/GrassLumps/SM_GrassLumpLargeFTall_FoliageType.uasset" 2907
"C:/Users/bruwu/OneDrive/Documentos/GitHub/MotoresComerciales/MotoresComerciales/Content/VRS_LowPolyNatureEssentials/Meshes/Env/GrassLumps/SM_GrassLumpLargeFTall_FoliageType.uexp" 2908
"C:/Users/bruwu/OneDrive/Documentos/GitHub/MotoresComerciales/MotoresComerciales/Content/Fantastic_Village_Pack/meshes/props/construction/SM_PROP_fence_v02_01.ubulk" 2909
"C:/Users/bruwu/OneDrive/Documentos/GitHub/MotoresComerciales/MotoresComerciales/Content/Fantastic_Village_Pack/meshes/props/construction/SM_PROP_fence_v02_01.uasset" 2910
"C:/Users/bruwu/OneDrive/Documentos/GitHub/MotoresComerciales/MotoresComerciales/Content/Fantastic_Village_Pack/meshes/props/construction/SM_PROP_fence_v02_01.uexp" 2911
"C:/Users/bruwu/OneDrive/Documentos/GitHub/MotoresComerciales/MotoresComerciales/Content/Fantastic_Village_Pack/meshes/props/natural/SM_PROP_hay_04.ubulk" 2912
"C:/Users/bruwu/OneDrive/Documentos/GitHub/MotoresComerciales/MotoresComerciales/Content/Fantastic_Village_Pack/meshes/props/natural/SM_PROP_hay_04.uasset" 2913
"C:/Users/bruwu/OneDrive/Documentos/GitHub/MotoresComerciales/MotoresComerciales/Content/Fantastic_Village_Pack/meshes/props/natural/SM_PROP_hay_04.uexp" 2914
"C:/Users/bruwu/OneDrive/Documentos/GitHub/MotoresComerciales/MotoresComerciales/Content/Fantastic_Village_Pack/meshes/props/construction/SM_PROP_fence_v03_03.ubulk" 2915
"C:/Users/bruwu/OneDrive/Documentos/GitHub/MotoresComerciales/MotoresComerciales/Content/Fantastic_Village_Pack/meshes/props/construction/SM_PROP_fence_v03_03.uasset" 2916
"C:/Users/bruwu/OneDrive/Documentos/GitHub/MotoresComerciales/MotoresComerciales/Content/Fantastic_Village_Pack/meshes/props/construction/SM_PROP_fence_v03_03.uexp" 2917
"C:/Users/bruwu/OneDrive/Documentos/GitHub/MotoresComerciales/MotoresComerciales/Content/Stylized_PBR_Nature/Foliage/Textures/T_Common_Tree_01_N.ubulk" 2918
"C:/Users/bruwu/OneDrive/Documentos/GitHub/MotoresComerciales/MotoresComerciales/Content/Stylized_PBR_Nature/Foliage/Textures/T_Common_Tree_01_N.uasset" 2919
"C:/Users/bruwu/OneDrive/Documentos/GitHub/MotoresComerciales/MotoresComerciales/Content/Stylized_PBR_Nature/Foliage/Textures/T_Common_Tree_01_N.uexp" 2920
"C:/Users/bruwu/OneDrive/Documentos/GitHub/MotoresComerciales/MotoresComerciales/Content/Stylized_PBR_Nature/Foliage/Textures/T_Common_Tree_01_ORM.ubulk" 2921
"C:/Users/bruwu/OneDrive/Documentos/GitHub/MotoresComerciales/MotoresComerciales/Content/Stylized_PBR_Nature/Foliage/Textures/T_Common_Tree_01_ORM.uasset" 2922
"C:/Users/bruwu/OneDrive/Documentos/GitHub/MotoresComerciales/MotoresComerciales/Content/Stylized_PBR_Nature/Foliage/Textures/T_Common_Tree_01_ORM.uexp" 2923
"C:/Users/bruwu/OneDrive/Documentos/GitHub/MotoresComerciales/MotoresComerciales/Content/Stylized_PBR_Nature/Foliage/Textures/T_Common_Tree_01_D.ubulk" 2924
"C:/Users/bruwu/OneDrive/Documentos/GitHub/MotoresComerciales/MotoresComerciales/Content/Stylized_PBR_Nature/Foliage/Textures/T_Common_Tree_01_D.uasset" 2925
"C:/Users/bruwu/OneDrive/Documentos/GitHub/MotoresComerciales/MotoresComerciales/Content/Stylized_PBR_Nature/Foliage/Textures/T_Common_Tree_01_D.uexp" 2926
"C:/Users/bruwu/OneDrive/Documentos/GitHub/MotoresComerciales/MotoresComerciales/Content/Stylized_PBR_Nature/Foliage/Materials/MI_Common_Tree_01.uasset" 2927
"C:/Users/bruwu/OneDrive/Documentos/GitHub/MotoresComerciales/MotoresComerciales/Content/Stylized_PBR_Nature/Foliage/Materials/MI_Common_Tree_01.uexp" 2928
"C:/Users/bruwu/OneDrive/Documentos/GitHub/MotoresComerciales/MotoresComerciales/Content/Stylized_PBR_Nature/Foliage/Assets/SM_Common_Tree_01.ubulk" 2929
"C:/Users/bruwu/OneDrive/Documentos/GitHub/MotoresComerciales/MotoresComerciales/Content/Stylized_PBR_Nature/Foliage/Assets/SM_Common_Tree_01.uasset" 2930
"C:/Users/bruwu/OneDrive/Documentos/GitHub/MotoresComerciales/MotoresComerciales/Content/Stylized_PBR_Nature/Foliage/Assets/SM_Common_Tree_01.uexp" 2931
"C:/Users/bruwu/OneDrive/Documentos/GitHub/MotoresComerciales/MotoresComerciales/Content/Stylized_PBR_Nature/Foliage/FoliageTypes/SM_Common_Tree_08_FoliageType.uasset" 2932
"C:/Users/bruwu/OneDrive/Documentos/GitHub/MotoresComerciales/MotoresComerciales/Content/Stylized_PBR_Nature/Foliage/FoliageTypes/SM_Common_Tree_08_FoliageType.uexp" 2933
"C:/Users/bruwu/OneDrive/Documentos/GitHub/MotoresComerciales/MotoresComerciales/Content/Stylized_PBR_Nature/Foliage/FoliageTypes/SM_Common_Tree_01_FoliageType.uasset" 2934
"C:/Users/bruwu/OneDrive/Documentos/GitHub/MotoresComerciales/MotoresComerciales/Content/Stylized_PBR_Nature/Foliage/FoliageTypes/SM_Common_Tree_01_FoliageType.uexp" 2935
"C:/Users/bruwu/OneDrive/Documentos/GitHub/MotoresComerciales/MotoresComerciales/Content/Stylized_PBR_Nature/Foliage/FoliageTypes/SM_Common_Tree_03_FoliageType.uasset" 2936
"C:/Users/bruwu/OneDrive/Documentos/GitHub/MotoresComerciales/MotoresComerciales/Content/Stylized_PBR_Nature/Foliage/FoliageTypes/SM_Common_Tree_03_FoliageType.uexp" 2937
"C:/Users/bruwu/OneDrive/Documentos/GitHub/MotoresComerciales/MotoresComerciales/Content/Stylized_PBR_Nature/Foliage/FoliageTypes/SM_Common_Tree_11_FoliageType.uasset" 2938
"C:/Users/bruwu/OneDrive/Documentos/GitHub/MotoresComerciales/MotoresComerciales/Content/Stylized_PBR_Nature/Foliage/FoliageTypes/SM_Common_Tree_11_FoliageType.uexp" 2939
"C:/Users/bruwu/OneDrive/Documentos/GitHub/MotoresComerciales/MotoresComerciales/Content/Stylized_PBR_Nature/Foliage/FoliageTypes/SM_Common_Tree_07_FoliageType.uasset" 2940
"C:/Users/bruwu/OneDrive/Documentos/GitHub/MotoresComerciales/MotoresComerciales/Content/Stylized_PBR_Nature/Foliage/FoliageTypes/SM_Common_Tree_07_FoliageType.uexp" 2941
"../../../Engine/Content/Functions/Engine_MaterialFunctions01/Density/ExponentialDensity.uasset" 2942
"../../../Engine/Content/Functions/Engine_MaterialFunctions01/Density/ExponentialDensity.uexp" 2943
"../../../Engine/Content/Functions/Engine_MaterialFunctions01/Gradient/RadialGradientExponential.uasset" 2944
"../../../Engine/Content/Functions/Engine_MaterialFunctions01/Gradient/RadialGradientExponential.uexp" 2945
"C:/Users/bruwu/OneDrive/Documentos/GitHub/MotoresComerciales/MotoresComerciales/Content/Fantastic_Village_Pack/materials/M_FX_windtrail.uasset" 2946
"C:/Users/bruwu/OneDrive/Documentos/GitHub/MotoresComerciales/MotoresComerciales/Content/Fantastic_Village_Pack/materials/M_FX_windtrail.uexp" 2947
"../../../Engine/Content/EngineMaterials/OrientParticle.uasset" 2948
"../../../Engine/Content/EngineMaterials/OrientParticle.uexp" 2949
"../../../Engine/Content/EngineMaterials/DefaultParticle.uasset" 2950
"../../../Engine/Content/EngineMaterials/DefaultParticle.uexp" 2951
"C:/Users/bruwu/OneDrive/Documentos/GitHub/MotoresComerciales/MotoresComerciales/Content/Fantastic_Village_Pack/effects/PS_FX_particle_windtrail.uasset" 2952
"C:/Users/bruwu/OneDrive/Documentos/GitHub/MotoresComerciales/MotoresComerciales/Content/Fantastic_Village_Pack/effects/PS_FX_particle_windtrail.uexp" 2953
"../../../Engine/Content/BasicShapes/Plane.ubulk" 2954
"../../../Engine/Content/BasicShapes/Plane.uasset" 2955
"../../../Engine/Content/BasicShapes/Plane.uexp" 2956
"C:/Users/bruwu/OneDrive/Documentos/GitHub/MotoresComerciales/MotoresComerciales/Content/Fantastic_Village_Pack/meshes/props/construction/SM_PROP_fence_v03_04.ubulk" 2957
"C:/Users/bruwu/OneDrive/Documentos/GitHub/MotoresComerciales/MotoresComerciales/Content/Fantastic_Village_Pack/meshes/props/construction/SM_PROP_fence_v03_04.uasset" 2958
"C:/Users/bruwu/OneDrive/Documentos/GitHub/MotoresComerciales/MotoresComerciales/Content/Fantastic_Village_Pack/meshes/props/construction/SM_PROP_fence_v03_04.uexp" 2959
"C:/Users/bruwu/OneDrive/Documentos/GitHub/MotoresComerciales/MotoresComerciales/Content/Fantastic_Village_Pack/textures/T_food.ubulk" 2960
"C:/Users/bruwu/OneDrive/Documentos/GitHub/MotoresComerciales/MotoresComerciales/Content/Fantastic_Village_Pack/textures/T_food.uasset" 2961
"C:/Users/bruwu/OneDrive/Documentos/GitHub/MotoresComerciales/MotoresComerciales/Content/Fantastic_Village_Pack/textures/T_food.uexp" 2962
"C:/Users/bruwu/OneDrive/Documentos/GitHub/MotoresComerciales/MotoresComerciales/Content/Fantastic_Village_Pack/materials/MI_PROP_food.uasset" 2963
"C:/Users/bruwu/OneDrive/Documentos/GitHub/MotoresComerciales/MotoresComerciales/Content/Fantastic_Village_Pack/materials/MI_PROP_food.uexp" 2964
"C:/Users/bruwu/OneDrive/Documentos/GitHub/MotoresComerciales/MotoresComerciales/Content/Fantastic_Village_Pack/meshes/props/food/SM_PROP_bottle_03.ubulk" 2965
"C:/Users/bruwu/OneDrive/Documentos/GitHub/MotoresComerciales/MotoresComerciales/Content/Fantastic_Village_Pack/meshes/props/food/SM_PROP_bottle_03.uasset" 2966
"C:/Users/bruwu/OneDrive/Documentos/GitHub/MotoresComerciales/MotoresComerciales/Content/Fantastic_Village_Pack/meshes/props/food/SM_PROP_bottle_03.uexp" 2967
"C:/Users/bruwu/OneDrive/Documentos/GitHub/MotoresComerciales/MotoresComerciales/Content/VRS_LowPolyNatureEssentials/Meshes/Env/Mushrooms/Porcini/SM_PorcinigBAdultVariantD.ubulk" 2968
"C:/Users/bruwu/OneDrive/Documentos/GitHub/MotoresComerciales/MotoresComerciales/Content/VRS_LowPolyNatureEssentials/Meshes/Env/Mushrooms/Porcini/SM_PorcinigBAdultVariantD.uasset" 2969
"C:/Users/bruwu/OneDrive/Documentos/GitHub/MotoresComerciales/MotoresComerciales/Content/VRS_LowPolyNatureEssentials/Meshes/Env/Mushrooms/Porcini/SM_PorcinigBAdultVariantD.uexp" 2970
"C:/Users/bruwu/OneDrive/Documentos/GitHub/MotoresComerciales/MotoresComerciales/Content/Fantastic_Village_Pack/meshes/props/food/SM_PROP_food_watermelon_01.ubulk" 2971
"C:/Users/bruwu/OneDrive/Documentos/GitHub/MotoresComerciales/MotoresComerciales/Content/Fantastic_Village_Pack/meshes/props/food/SM_PROP_food_watermelon_01.uasset" 2972
"C:/Users/bruwu/OneDrive/Documentos/GitHub/MotoresComerciales/MotoresComerciales/Content/Fantastic_Village_Pack/meshes/props/food/SM_PROP_food_watermelon_01.uexp" 2973
"C:/Users/bruwu/OneDrive/Documentos/GitHub/MotoresComerciales/MotoresComerciales/Content/VRS_LowPolyNatureEssentials/Meshes/Env/Mushrooms/ShaggyInkCap/SM_ShaggyInkCapCMatureVariantB.ubulk" 2974
"C:/Users/bruwu/OneDrive/Documentos/GitHub/MotoresComerciales/MotoresComerciales/Content/VRS_LowPolyNatureEssentials/Meshes/Env/Mushrooms/ShaggyInkCap/SM_ShaggyInkCapCMatureVariantB.uasset" 2975
"C:/Users/bruwu/OneDrive/Documentos/GitHub/MotoresComerciales/MotoresComerciales/Content/VRS_LowPolyNatureEssentials/Meshes/Env/Mushrooms/ShaggyInkCap/SM_ShaggyInkCapCMatureVariantB.uexp" 2976
"C:/Users/bruwu/OneDrive/Documentos/GitHub/MotoresComerciales/MotoresComerciales/Content/Fantastic_Village_Pack/meshes/props/container/SM_PROP_barrel_04.ubulk" 2977
"C:/Users/bruwu/OneDrive/Documentos/GitHub/MotoresComerciales/MotoresComerciales/Content/Fantastic_Village_Pack/meshes/props/container/SM_PROP_barrel_04.uasset" 2978
"C:/Users/bruwu/OneDrive/Documentos/GitHub/MotoresComerciales/MotoresComerciales/Content/Fantastic_Village_Pack/meshes/props/container/SM_PROP_barrel_04.uexp" 2979
"C:/Users/bruwu/OneDrive/Documentos/GitHub/MotoresComerciales/MotoresComerciales/Content/Fantastic_Village_Pack/materials/MI_leather.uasset" 2980
"C:/Users/bruwu/OneDrive/Documentos/GitHub/MotoresComerciales/MotoresComerciales/Content/Fantastic_Village_Pack/materials/MI_leather.uexp" 2981
"C:/Users/bruwu/OneDrive/Documentos/GitHub/MotoresComerciales/MotoresComerciales/Content/Fantastic_Village_Pack/meshes/props/food/SM_PROP_sack_08.ubulk" 2982
"C:/Users/bruwu/OneDrive/Documentos/GitHub/MotoresComerciales/MotoresComerciales/Content/Fantastic_Village_Pack/meshes/props/food/SM_PROP_sack_08.uasset" 2983
"C:/Users/bruwu/OneDrive/Documentos/GitHub/MotoresComerciales/MotoresComerciales/Content/Fantastic_Village_Pack/meshes/props/food/SM_PROP_sack_08.uexp" 2984
"C:/Users/bruwu/OneDrive/Documentos/GitHub/MotoresComerciales/MotoresComerciales/Content/VRS_LowPolyNatureEssentials/Meshes/Env/Rocks/SM_RockBigC.ubulk" 2985
"C:/Users/bruwu/OneDrive/Documentos/GitHub/MotoresComerciales/MotoresComerciales/Content/VRS_LowPolyNatureEssentials/Meshes/Env/Rocks/SM_RockBigC.uasset" 2986
"C:/Users/bruwu/OneDrive/Documentos/GitHub/MotoresComerciales/MotoresComerciales/Content/VRS_LowPolyNatureEssentials/Meshes/Env/Rocks/SM_RockBigC.uexp" 2987
"C:/Users/bruwu/OneDrive/Documentos/GitHub/MotoresComerciales/MotoresComerciales/Content/VRS_LowPolyNatureEssentials/Meshes/Env/Mushrooms/FlyAgaric/SM_FlyAgaricBAdultVariantB.ubulk" 2988
"C:/Users/bruwu/OneDrive/Documentos/GitHub/MotoresComerciales/MotoresComerciales/Content/VRS_LowPolyNatureEssentials/Meshes/Env/Mushrooms/FlyAgaric/SM_FlyAgaricBAdultVariantB.uasset" 2989
"C:/Users/bruwu/OneDrive/Documentos/GitHub/MotoresComerciales/MotoresComerciales/Content/VRS_LowPolyNatureEssentials/Meshes/Env/Mushrooms/FlyAgaric/SM_FlyAgaricBAdultVariantB.uexp" 2990
"C:/Users/bruwu/OneDrive/Documentos/GitHub/MotoresComerciales/MotoresComerciales/Content/Fantastic_Village_Pack/meshes/props/construction/SM_PROP_fence_v03_01.ubulk" 2991
"C:/Users/bruwu/OneDrive/Documentos/GitHub/MotoresComerciales/MotoresComerciales/Content/Fantastic_Village_Pack/meshes/props/construction/SM_PROP_fence_v03_01.uasset" 2992
"C:/Users/bruwu/OneDrive/Documentos/GitHub/MotoresComerciales/MotoresComerciales/Content/Fantastic_Village_Pack/meshes/props/construction/SM_PROP_fence_v03_01.uexp" 2993
"C:/Users/bruwu/OneDrive/Documentos/GitHub/MotoresComerciales/MotoresComerciales/Content/VRS_LowPolyNatureEssentials/Meshes/Arch/RuinedWalls/SM_RuinedWallRubbleA.ubulk" 2994
"C:/Users/bruwu/OneDrive/Documentos/GitHub/MotoresComerciales/MotoresComerciales/Content/VRS_LowPolyNatureEssentials/Meshes/Arch/RuinedWalls/SM_RuinedWallRubbleA.uasset" 2995
"C:/Users/bruwu/OneDrive/Documentos/GitHub/MotoresComerciales/MotoresComerciales/Content/VRS_LowPolyNatureEssentials/Meshes/Arch/RuinedWalls/SM_RuinedWallRubbleA.uexp" 2996
"C:/Users/bruwu/OneDrive/Documentos/GitHub/MotoresComerciales/MotoresComerciales/Content/VRS_LowPolyNatureEssentials/Meshes/Env/Mushrooms/Girolle/SM_GirolleAVariantA.ubulk" 2997
"C:/Users/bruwu/OneDrive/Documentos/GitHub/MotoresComerciales/MotoresComerciales/Content/VRS_LowPolyNatureEssentials/Meshes/Env/Mushrooms/Girolle/SM_GirolleAVariantA.uasset" 2998
"C:/Users/bruwu/OneDrive/Documentos/GitHub/MotoresComerciales/MotoresComerciales/Content/VRS_LowPolyNatureEssentials/Meshes/Env/Mushrooms/Girolle/SM_GirolleAVariantA.uexp" 2999
"C:/Users/bruwu/OneDrive/Documentos/GitHub/MotoresComerciales/MotoresComerciales/Content/VRS_LowPolyNatureEssentials/Meshes/Env/Rocks/SM_RockBlueD.ubulk" 3000
"C:/Users/bruwu/OneDrive/Documentos/GitHub/MotoresComerciales/MotoresComerciales/Content/VRS_LowPolyNatureEssentials/Meshes/Env/Rocks/SM_RockBlueD.uasset" 3001
"C:/Users/bruwu/OneDrive/Documentos/GitHub/MotoresComerciales/MotoresComerciales/Content/VRS_LowPolyNatureEssentials/Meshes/Env/Rocks/SM_RockBlueD.uexp" 3002
"C:/Users/bruwu/OneDrive/Documentos/GitHub/MotoresComerciales/MotoresComerciales/Content/Fantastic_Village_Pack/textures/T_wood_planks_02_BC.ubulk" 3003
"C:/Users/bruwu/OneDrive/Documentos/GitHub/MotoresComerciales/MotoresComerciales/Content/Fantastic_Village_Pack/textures/T_wood_planks_02_BC.uasset" 3004
"C:/Users/bruwu/OneDrive/Documentos/GitHub/MotoresComerciales/MotoresComerciales/Content/Fantastic_Village_Pack/textures/T_wood_planks_02_BC.uexp" 3005
"C:/Users/bruwu/OneDrive/Documentos/GitHub/MotoresComerciales/MotoresComerciales/Content/Fantastic_Village_Pack/materials/MI_wood_planks_02.uasset" 3006
"C:/Users/bruwu/OneDrive/Documentos/GitHub/MotoresComerciales/MotoresComerciales/Content/Fantastic_Village_Pack/materials/MI_wood_planks_02.uexp" 3007
"C:/Users/bruwu/OneDrive/Documentos/GitHub/MotoresComerciales/MotoresComerciales/Content/Fantastic_Village_Pack/meshes/props/food/SM_PROP_crate_02.ubulk" 3008
"C:/Users/bruwu/OneDrive/Documentos/GitHub/MotoresComerciales/MotoresComerciales/Content/Fantastic_Village_Pack/meshes/props/food/SM_PROP_crate_02.uasset" 3009
"C:/Users/bruwu/OneDrive/Documentos/GitHub/MotoresComerciales/MotoresComerciales/Content/Fantastic_Village_Pack/meshes/props/food/SM_PROP_crate_02.uexp" 3010
"C:/Users/bruwu/OneDrive/Documentos/GitHub/MotoresComerciales/MotoresComerciales/Content/VRS_LowPolyNatureEssentials/Meshes/Env/Mushrooms/FlyAgaric/SM_FlyAgaricBYoungVariantB.ubulk" 3011
"C:/Users/bruwu/OneDrive/Documentos/GitHub/MotoresComerciales/MotoresComerciales/Content/VRS_LowPolyNatureEssentials/Meshes/Env/Mushrooms/FlyAgaric/SM_FlyAgaricBYoungVariantB.uasset" 3012
"C:/Users/bruwu/OneDrive/Documentos/GitHub/MotoresComerciales/MotoresComerciales/Content/VRS_LowPolyNatureEssentials/Meshes/Env/Mushrooms/FlyAgaric/SM_FlyAgaricBYoungVariantB.uexp" 3013
"C:/Users/bruwu/OneDrive/Documentos/GitHub/MotoresComerciales/MotoresComerciales/Content/Fantastic_Village_Pack/meshes/props/furniture/SM_PROP_table_01.ubulk" 3014
"C:/Users/bruwu/OneDrive/Documentos/GitHub/MotoresComerciales/MotoresComerciales/Content/Fantastic_Village_Pack/meshes/props/furniture/SM_PROP_table_01.uasset" 3015
"C:/Users/bruwu/OneDrive/Documentos/GitHub/MotoresComerciales/MotoresComerciales/Content/Fantastic_Village_Pack/meshes/props/furniture/SM_PROP_table_01.uexp" 3016
"../../../Engine/Content/EngineSky/M_SimpleSkyDome.uasset" 3017
"../../../Engine/Content/EngineSky/M_SimpleSkyDome.uexp" 3018
"C:/Users/bruwu/OneDrive/Documentos/GitHub/MotoresComerciales/MotoresComerciales/Content/VRS_LowPolyNatureEssentials/Meshes/Env/Mushrooms/DeathCap/SM_DeathCapBAdultVariantC.ubulk" 3019
"C:/Users/bruwu/OneDrive/Documentos/GitHub/MotoresComerciales/MotoresComerciales/Content/VRS_LowPolyNatureEssentials/Meshes/Env/Mushrooms/DeathCap/SM_DeathCapBAdultVariantC.uasset" 3020
"C:/Users/bruwu/OneDrive/Documentos/GitHub/MotoresComerciales/MotoresComerciales/Content/VRS_LowPolyNatureEssentials/Meshes/Env/Mushrooms/DeathCap/SM_DeathCapBAdultVariantC.uexp" 3021
"C:/Users/bruwu/OneDrive/Documentos/GitHub/MotoresComerciales/MotoresComerciales/Content/Fantastic_Village_Pack/meshes/props/food/SM_PROP_food_fish_02.ubulk" 3022
"C:/Users/bruwu/OneDrive/Documentos/GitHub/MotoresComerciales/MotoresComerciales/Content/Fantastic_Village_Pack/meshes/props/food/SM_PROP_food_fish_02.uasset" 3023
"C:/Users/bruwu/OneDrive/Documentos/GitHub/MotoresComerciales/MotoresComerciales/Content/Fantastic_Village_Pack/meshes/props/food/SM_PROP_food_fish_02.uexp" 3024
"C:/Users/bruwu/OneDrive/Documentos/GitHub/MotoresComerciales/MotoresComerciales/Content/Fantastic_Village_Pack/meshes/props/natural/SM_PROP_hay_05.ubulk" 3025
"C:/Users/bruwu/OneDrive/Documentos/GitHub/MotoresComerciales/MotoresComerciales/Content/Fantastic_Village_Pack/meshes/props/natural/SM_PROP_hay_05.uasset" 3026
"C:/Users/bruwu/OneDrive/Documentos/GitHub/MotoresComerciales/MotoresComerciales/Content/Fantastic_Village_Pack/meshes/props/natural/SM_PROP_hay_05.uexp" 3027
"C:/Users/bruwu/OneDrive/Documentos/GitHub/MotoresComerciales/MotoresComerciales/Content/VRS_LowPolyNatureEssentials/Meshes/Env/Rocks/SM_RockSmallE.ubulk" 3028
"C:/Users/bruwu/OneDrive/Documentos/GitHub/MotoresComerciales/MotoresComerciales/Content/VRS_LowPolyNatureEssentials/Meshes/Env/Rocks/SM_RockSmallE.uasset" 3029
"C:/Users/bruwu/OneDrive/Documentos/GitHub/MotoresComerciales/MotoresComerciales/Content/VRS_LowPolyNatureEssentials/Meshes/Env/Rocks/SM_RockSmallE.uexp" 3030
"C:/Users/bruwu/OneDrive/Documentos/GitHub/MotoresComerciales/MotoresComerciales/Content/Fantastic_Village_Pack/meshes/props/food/SM_PROP_crate_04.ubulk" 3031
"C:/Users/bruwu/OneDrive/Documentos/GitHub/MotoresComerciales/MotoresComerciales/Content/Fantastic_Village_Pack/meshes/props/food/SM_PROP_crate_04.uasset" 3032
"C:/Users/bruwu/OneDrive/Documentos/GitHub/MotoresComerciales/MotoresComerciales/Content/Fantastic_Village_Pack/meshes/props/food/SM_PROP_crate_04.uexp" 3033
"C:/Users/bruwu/OneDrive/Documentos/GitHub/MotoresComerciales/MotoresComerciales/Content/VRS_LowPolyNatureEssentials/Meshes/Env/Plants/Ferns/SM_FernDClusterVariantB.ubulk" 3034
"C:/Users/bruwu/OneDrive/Documentos/GitHub/MotoresComerciales/MotoresComerciales/Content/VRS_LowPolyNatureEssentials/Meshes/Env/Plants/Ferns/SM_FernDClusterVariantB.uasset" 3035
"C:/Users/bruwu/OneDrive/Documentos/GitHub/MotoresComerciales/MotoresComerciales/Content/VRS_LowPolyNatureEssentials/Meshes/Env/Plants/Ferns/SM_FernDClusterVariantB.uexp" 3036
"../../../Engine/Content/Maps/Entry_BuiltData.uasset" 3037
"../../../Engine/Content/Maps/Entry_BuiltData.uexp" 3038
"../../../Engine/Content/Maps/Entry.uexp" 3039
"../../../Engine/Content/Maps/Entry.umap" 3040
"../../../Engine/Content/BasicShapes/Sphere.ubulk" 3041
"../../../Engine/Content/BasicShapes/Sphere.uasset" 3042
"../../../Engine/Content/BasicShapes/Sphere.uexp" 3043
"C:/Users/bruwu/OneDrive/Documentos/GitHub/MotoresComerciales/MotoresComerciales/Content/VRS_LowPolyNatureEssentials/Meshes/Env/Bushes/SM_Bush8.ubulk" 3044
"C:/Users/bruwu/OneDrive/Documentos/GitHub/MotoresComerciales/MotoresComerciales/Content/VRS_LowPolyNatureEssentials/Meshes/Env/Bushes/SM_Bush8.uasset" 3045
"C:/Users/bruwu/OneDrive/Documentos/GitHub/MotoresComerciales/MotoresComerciales/Content/VRS_LowPolyNatureEssentials/Meshes/Env/Bushes/SM_Bush8.uexp" 3046
"C:/Users/bruwu/OneDrive/Documentos/GitHub/MotoresComerciales/MotoresComerciales/Content/VRS_LowPolyNatureEssentials/Meshes/Env/Trees/TreeStumps/SM_TreeStumpNormalC.ubulk" 3047
"C:/Users/bruwu/OneDrive/Documentos/GitHub/MotoresComerciales/MotoresComerciales/Content/VRS_LowPolyNatureEssentials/Meshes/Env/Trees/TreeStumps/SM_TreeStumpNormalC.uasset" 3048
"C:/Users/bruwu/OneDrive/Documentos/GitHub/MotoresComerciales/MotoresComerciales/Content/VRS_LowPolyNatureEssentials/Meshes/Env/Trees/TreeStumps/SM_TreeStumpNormalC.uexp" 3049
"C:/Users/bruwu/OneDrive/Documentos/GitHub/MotoresComerciales/MotoresComerciales/Content/VRS_LowPolyNatureEssentials/Meshes/Props/Campfire/SM_FirewoodPileA.ubulk" 3050
"C:/Users/bruwu/OneDrive/Documentos/GitHub/MotoresComerciales/MotoresComerciales/Content/VRS_LowPolyNatureEssentials/Meshes/Props/Campfire/SM_FirewoodPileA.uasset" 3051
"C:/Users/bruwu/OneDrive/Documentos/GitHub/MotoresComerciales/MotoresComerciales/Content/VRS_LowPolyNatureEssentials/Meshes/Props/Campfire/SM_FirewoodPileA.uexp" 3052
"C:/Users/bruwu/OneDrive/Documentos/GitHub/MotoresComerciales/MotoresComerciales/Content/VRS_LowPolyNatureEssentials/Meshes/Env/Trees/WitheredTrees/SM_WitheredTreeB.ubulk" 3053
"C:/Users/bruwu/OneDrive/Documentos/GitHub/MotoresComerciales/MotoresComerciales/Content/VRS_LowPolyNatureEssentials/Meshes/Env/Trees/WitheredTrees/SM_WitheredTreeB.uasset" 3054
"C:/Users/bruwu/OneDrive/Documentos/GitHub/MotoresComerciales/MotoresComerciales/Content/VRS_LowPolyNatureEssentials/Meshes/Env/Trees/WitheredTrees/SM_WitheredTreeB.uexp" 3055
"C:/Users/bruwu/OneDrive/Documentos/GitHub/MotoresComerciales/MotoresComerciales/Content/VRS_LowPolyNatureEssentials/Meshes/Env/Bushes/SM_BushA.ubulk" 3056
"C:/Users/bruwu/OneDrive/Documentos/GitHub/MotoresComerciales/MotoresComerciales/Content/VRS_LowPolyNatureEssentials/Meshes/Env/Bushes/SM_BushA.uasset" 3057
"C:/Users/bruwu/OneDrive/Documentos/GitHub/MotoresComerciales/MotoresComerciales/Content/VRS_LowPolyNatureEssentials/Meshes/Env/Bushes/SM_BushA.uexp" 3058
"C:/Users/bruwu/OneDrive/Documentos/GitHub/MotoresComerciales/MotoresComerciales/Content/VRS_LowPolyNatureEssentials/Meshes/Env/Ground/Mounds/SM_GrassMoundD.ubulk" 3059
"C:/Users/bruwu/OneDrive/Documentos/GitHub/MotoresComerciales/MotoresComerciales/Content/VRS_LowPolyNatureEssentials/Meshes/Env/Ground/Mounds/SM_GrassMoundD.uasset" 3060
"C:/Users/bruwu/OneDrive/Documentos/GitHub/MotoresComerciales/MotoresComerciales/Content/VRS_LowPolyNatureEssentials/Meshes/Env/Ground/Mounds/SM_GrassMoundD.uexp" 3061
"C:/Users/bruwu/OneDrive/Documentos/GitHub/MotoresComerciales/MotoresComerciales/Content/VRS_LowPolyNatureEssentials/Meshes/Env/Trees/Birch/SM_BirchTreeAdultA.ubulk" 3062
"C:/Users/bruwu/OneDrive/Documentos/GitHub/MotoresComerciales/MotoresComerciales/Content/VRS_LowPolyNatureEssentials/Meshes/Env/Trees/Birch/SM_BirchTreeAdultA.uasset" 3063
"C:/Users/bruwu/OneDrive/Documentos/GitHub/MotoresComerciales/MotoresComerciales/Content/VRS_LowPolyNatureEssentials/Meshes/Env/Trees/Birch/SM_BirchTreeAdultA.uexp" 3064
"C:/Users/bruwu/OneDrive/Documentos/GitHub/MotoresComerciales/MotoresComerciales/Content/VRS_LowPolyNatureEssentials/Meshes/Env/Plants/Dandelions/SM_DandelionBLeaves.ubulk" 3065
"C:/Users/bruwu/OneDrive/Documentos/GitHub/MotoresComerciales/MotoresComerciales/Content/VRS_LowPolyNatureEssentials/Meshes/Env/Plants/Dandelions/SM_DandelionBLeaves.uasset" 3066
"C:/Users/bruwu/OneDrive/Documentos/GitHub/MotoresComerciales/MotoresComerciales/Content/VRS_LowPolyNatureEssentials/Meshes/Env/Plants/Dandelions/SM_DandelionBLeaves.uexp" 3067
"C:/Users/bruwu/OneDrive/Documentos/GitHub/MotoresComerciales/MotoresComerciales/Content/VRS_LowPolyNatureEssentials/Meshes/Env/Plants/Ivy/SM_IvybranchCSparse.ubulk" 3068
"C:/Users/bruwu/OneDrive/Documentos/GitHub/MotoresComerciales/MotoresComerciales/Content/VRS_LowPolyNatureEssentials/Meshes/Env/Plants/Ivy/SM_IvybranchCSparse.uasset" 3069
"C:/Users/bruwu/OneDrive/Documentos/GitHub/MotoresComerciales/MotoresComerciales/Content/VRS_LowPolyNatureEssentials/Meshes/Env/Plants/Ivy/SM_IvybranchCSparse.uexp" 3070
"C:/Users/bruwu/OneDrive/Documentos/GitHub/MotoresComerciales/MotoresComerciales/Content/VRS_LowPolyNatureEssentials/Meshes/Env/Ground/SmallPiles/SM_GrassPileG.ubulk" 3071
"C:/Users/bruwu/OneDrive/Documentos/GitHub/MotoresComerciales/MotoresComerciales/Content/VRS_LowPolyNatureEssentials/Meshes/Env/Ground/SmallPiles/SM_GrassPileG.uasset" 3072
"C:/Users/bruwu/OneDrive/Documentos/GitHub/MotoresComerciales/MotoresComerciales/Content/VRS_LowPolyNatureEssentials/Meshes/Env/Ground/SmallPiles/SM_GrassPileG.uexp" 3073
"C:/Users/bruwu/OneDrive/Documentos/GitHub/MotoresComerciales/MotoresComerciales/Content/VRS_LowPolyNatureEssentials/Materials/MI_BaseMetal.uasset" 3074
"C:/Users/bruwu/OneDrive/Documentos/GitHub/MotoresComerciales/MotoresComerciales/Content/VRS_LowPolyNatureEssentials/Materials/MI_BaseMetal.uexp" 3075
"C:/Users/bruwu/OneDrive/Documentos/GitHub/MotoresComerciales/MotoresComerciales/Content/VRS_LowPolyNatureEssentials/Meshes/Arch/Fence/SM_SWFModA.ubulk" 3076
"C:/Users/bruwu/OneDrive/Documentos/GitHub/MotoresComerciales/MotoresComerciales/Content/VRS_LowPolyNatureEssentials/Meshes/Arch/Fence/SM_SWFModA.uasset" 3077
"C:/Users/bruwu/OneDrive/Documentos/GitHub/MotoresComerciales/MotoresComerciales/Content/VRS_LowPolyNatureEssentials/Meshes/Arch/Fence/SM_SWFModA.uexp" 3078
"C:/Users/bruwu/OneDrive/Documentos/GitHub/MotoresComerciales/MotoresComerciales/Content/VRS_LowPolyNatureEssentials/Meshes/Env/Ground/Mounds/SM_DirtMoundD.ubulk" 3079
"C:/Users/bruwu/OneDrive/Documentos/GitHub/MotoresComerciales/MotoresComerciales/Content/VRS_LowPolyNatureEssentials/Meshes/Env/Ground/Mounds/SM_DirtMoundD.uasset" 3080
"C:/Users/bruwu/OneDrive/Documentos/GitHub/MotoresComerciales/MotoresComerciales/Content/VRS_LowPolyNatureEssentials/Meshes/Env/Ground/Mounds/SM_DirtMoundD.uexp" 3081
"C:/Users/bruwu/OneDrive/Documentos/GitHub/MotoresComerciales/MotoresComerciales/Content/VRS_LowPolyNatureEssentials/Meshes/Env/Plants/Bluebells/SM_BluebellBLeaves.ubulk" 3082
"C:/Users/bruwu/OneDrive/Documentos/GitHub/MotoresComerciales/MotoresComerciales/Content/VRS_LowPolyNatureEssentials/Meshes/Env/Plants/Bluebells/SM_BluebellBLeaves.uasset" 3083
"C:/Users/bruwu/OneDrive/Documentos/GitHub/MotoresComerciales/MotoresComerciales/Content/VRS_LowPolyNatureEssentials/Meshes/Env/Plants/Bluebells/SM_BluebellBLeaves.uexp" 3084
"C:/Users/bruwu/OneDrive/Documentos/GitHub/MotoresComerciales/MotoresComerciales/Content/VRS_LowPolyNatureEssentials/Meshes/Props/Campfire/SM_CampfireASmall.ubulk" 3085
"C:/Users/bruwu/OneDrive/Documentos/GitHub/MotoresComerciales/MotoresComerciales/Content/VRS_LowPolyNatureEssentials/Meshes/Props/Campfire/SM_CampfireASmall.uasset" 3086
"C:/Users/bruwu/OneDrive/Documentos/GitHub/MotoresComerciales/MotoresComerciales/Content/VRS_LowPolyNatureEssentials/Meshes/Props/Campfire/SM_CampfireASmall.uexp" 3087
"C:/Users/bruwu/OneDrive/Documentos/GitHub/MotoresComerciales/MotoresComerciales/Content/VRS_LowPolyNatureEssentials/Meshes/Env/Plants/SM_PlantSaplingG.ubulk" 3088
"C:/Users/bruwu/OneDrive/Documentos/GitHub/MotoresComerciales/MotoresComerciales/Content/VRS_LowPolyNatureEssentials/Meshes/Env/Plants/SM_PlantSaplingG.uasset" 3089
"C:/Users/bruwu/OneDrive/Documentos/GitHub/MotoresComerciales/MotoresComerciales/Content/VRS_LowPolyNatureEssentials/Meshes/Env/Plants/SM_PlantSaplingG.uexp" 3090
"C:/Users/bruwu/OneDrive/Documentos/GitHub/MotoresComerciales/MotoresComerciales/Content/VRS_LowPolyNatureEssentials/Meshes/Env/GrassLumps/SM_MixedGrassLumpLargeB.ubulk" 3091
"C:/Users/bruwu/OneDrive/Documentos/GitHub/MotoresComerciales/MotoresComerciales/Content/VRS_LowPolyNatureEssentials/Meshes/Env/GrassLumps/SM_MixedGrassLumpLargeB.uasset" 3092
"C:/Users/bruwu/OneDrive/Documentos/GitHub/MotoresComerciales/MotoresComerciales/Content/VRS_LowPolyNatureEssentials/Meshes/Env/GrassLumps/SM_MixedGrassLumpLargeB.uexp" 3093
"C:/Users/bruwu/OneDrive/Documentos/GitHub/MotoresComerciales/MotoresComerciales/Content/VRS_LowPolyNatureEssentials/Meshes/Env/Plants/Ivy/SM_IvybranchCDense.ubulk" 3094
"C:/Users/bruwu/OneDrive/Documentos/GitHub/MotoresComerciales/MotoresComerciales/Content/VRS_LowPolyNatureEssentials/Meshes/Env/Plants/Ivy/SM_IvybranchCDense.uasset" 3095
"C:/Users/bruwu/OneDrive/Documentos/GitHub/MotoresComerciales/MotoresComerciales/Content/VRS_LowPolyNatureEssentials/Meshes/Env/Plants/Ivy/SM_IvybranchCDense.uexp" 3096
"C:/Users/bruwu/OneDrive/Documentos/GitHub/MotoresComerciales/MotoresComerciales/Content/VRS_LowPolyNatureEssentials/Meshes/Env/Trees/TreeLogs/SM_TreeLogOakB.ubulk" 3097
"C:/Users/bruwu/OneDrive/Documentos/GitHub/MotoresComerciales/MotoresComerciales/Content/VRS_LowPolyNatureEssentials/Meshes/Env/Trees/TreeLogs/SM_TreeLogOakB.uasset" 3098
"C:/Users/bruwu/OneDrive/Documentos/GitHub/MotoresComerciales/MotoresComerciales/Content/VRS_LowPolyNatureEssentials/Meshes/Env/Trees/TreeLogs/SM_TreeLogOakB.uexp" 3099
"C:/Users/bruwu/OneDrive/Documentos/GitHub/MotoresComerciales/MotoresComerciales/Content/VRS_LowPolyNatureEssentials/Meshes/Env/Trees/TreeLogs/SM_TreeLogPileNormalB.ubulk" 3100
"C:/Users/bruwu/OneDrive/Documentos/GitHub/MotoresComerciales/MotoresComerciales/Content/VRS_LowPolyNatureEssentials/Meshes/Env/Trees/TreeLogs/SM_TreeLogPileNormalB.uasset" 3101
"C:/Users/bruwu/OneDrive/Documentos/GitHub/MotoresComerciales/MotoresComerciales/Content/VRS_LowPolyNatureEssentials/Meshes/Env/Trees/TreeLogs/SM_TreeLogPileNormalB.uexp" 3102
"C:/Users/bruwu/OneDrive/Documentos/GitHub/MotoresComerciales/MotoresComerciales/Content/VRS_LowPolyNatureEssentials/Meshes/Props/Planks/SM_PlankMed.ubulk" 3103
"C:/Users/bruwu/OneDrive/Documentos/GitHub/MotoresComerciales/MotoresComerciales/Content/VRS_LowPolyNatureEssentials/Meshes/Props/Planks/SM_PlankMed.uasset" 3104
"C:/Users/bruwu/OneDrive/Documentos/GitHub/MotoresComerciales/MotoresComerciales/Content/VRS_LowPolyNatureEssentials/Meshes/Props/Planks/SM_PlankMed.uexp" 3105
"C:/Users/bruwu/OneDrive/Documentos/GitHub/MotoresComerciales/MotoresComerciales/Content/VRS_LowPolyNatureEssentials/Meshes/Env/Trees/WeepingWillow/SM_WillowTreeAdultA.ubulk" 3106
"C:/Users/bruwu/OneDrive/Documentos/GitHub/MotoresComerciales/MotoresComerciales/Content/VRS_LowPolyNatureEssentials/Meshes/Env/Trees/WeepingWillow/SM_WillowTreeAdultA.uasset" 3107
"C:/Users/bruwu/OneDrive/Documentos/GitHub/MotoresComerciales/MotoresComerciales/Content/VRS_LowPolyNatureEssentials/Meshes/Env/Trees/WeepingWillow/SM_WillowTreeAdultA.uexp" 3108
"C:/Users/bruwu/OneDrive/Documentos/GitHub/MotoresComerciales/MotoresComerciales/Content/VRS_LowPolyNatureEssentials/Meshes/Env/Ground/Mounds/SM_GrassMoundA.ubulk" 3109
"C:/Users/bruwu/OneDrive/Documentos/GitHub/MotoresComerciales/MotoresComerciales/Content/VRS_LowPolyNatureEssentials/Meshes/Env/Ground/Mounds/SM_GrassMoundA.uasset" 3110
"C:/Users/bruwu/OneDrive/Documentos/GitHub/MotoresComerciales/MotoresComerciales/Content/VRS_LowPolyNatureEssentials/Meshes/Env/Ground/Mounds/SM_GrassMoundA.uexp" 3111
"C:/Users/bruwu/OneDrive/Documentos/GitHub/MotoresComerciales/MotoresComerciales/Content/VRS_LowPolyNatureEssentials/Meshes/Props/Planks/SM_PlankStackB.ubulk" 3112
"C:/Users/bruwu/OneDrive/Documentos/GitHub/MotoresComerciales/MotoresComerciales/Content/VRS_LowPolyNatureEssentials/Meshes/Props/Planks/SM_PlankStackB.uasset" 3113
"C:/Users/bruwu/OneDrive/Documentos/GitHub/MotoresComerciales/MotoresComerciales/Content/VRS_LowPolyNatureEssentials/Meshes/Props/Planks/SM_PlankStackB.uexp" 3114
"C:/Users/bruwu/OneDrive/Documentos/GitHub/MotoresComerciales/MotoresComerciales/Content/VRS_LowPolyNatureEssentials/Meshes/Env/Rocks/SM_RockNormD.ubulk" 3115
"C:/Users/bruwu/OneDrive/Documentos/GitHub/MotoresComerciales/MotoresComerciales/Content/VRS_LowPolyNatureEssentials/Meshes/Env/Rocks/SM_RockNormD.uasset" 3116
"C:/Users/bruwu/OneDrive/Documentos/GitHub/MotoresComerciales/MotoresComerciales/Content/VRS_LowPolyNatureEssentials/Meshes/Env/Rocks/SM_RockNormD.uexp" 3117
"C:/Users/bruwu/OneDrive/Documentos/GitHub/MotoresComerciales/MotoresComerciales/Content/VRS_LowPolyNatureEssentials/Meshes/Env/Trees/TreeRoots/SM_TreeRootB.ubulk" 3118
"C:/Users/bruwu/OneDrive/Documentos/GitHub/MotoresComerciales/MotoresComerciales/Content/VRS_LowPolyNatureEssentials/Meshes/Env/Trees/TreeRoots/SM_TreeRootB.uasset" 3119
"C:/Users/bruwu/OneDrive/Documentos/GitHub/MotoresComerciales/MotoresComerciales/Content/VRS_LowPolyNatureEssentials/Meshes/Env/Trees/TreeRoots/SM_TreeRootB.uexp" 3120
"C:/Users/bruwu/OneDrive/Documentos/GitHub/MotoresComerciales/MotoresComerciales/Content/VRS_LowPolyNatureEssentials/Meshes/Env/Plants/Nettles/SM_NettleDMixedVariantB.ubulk" 3121
"C:/Users/bruwu/OneDrive/Documentos/GitHub/MotoresComerciales/MotoresComerciales/Content/VRS_LowPolyNatureEssentials/Meshes/Env/Plants/Nettles/SM_NettleDMixedVariantB.uasset" 3122
"C:/Users/bruwu/OneDrive/Documentos/GitHub/MotoresComerciales/MotoresComerciales/Content/VRS_LowPolyNatureEssentials/Meshes/Env/Plants/Nettles/SM_NettleDMixedVariantB.uexp" 3123
"C:/Users/bruwu/OneDrive/Documentos/GitHub/MotoresComerciales/MotoresComerciales/Content/VRS_LowPolyNatureEssentials/Meshes/Env/Trees/GenericTrees/SM_GenericTreeD.ubulk" 3124
"C:/Users/bruwu/OneDrive/Documentos/GitHub/MotoresComerciales/MotoresComerciales/Content/VRS_LowPolyNatureEssentials/Meshes/Env/Trees/GenericTrees/SM_GenericTreeD.uasset" 3125
"C:/Users/bruwu/OneDrive/Documentos/GitHub/MotoresComerciales/MotoresComerciales/Content/VRS_LowPolyNatureEssentials/Meshes/Env/Trees/GenericTrees/SM_GenericTreeD.uexp" 3126
"C:/Users/bruwu/OneDrive/Documentos/GitHub/MotoresComerciales/MotoresComerciales/Content/VRS_LowPolyNatureEssentials/Meshes/Env/Ground/BackgroundMountains/SM_BackgroundMountainA.ubulk" 3127
"C:/Users/bruwu/OneDrive/Documentos/GitHub/MotoresComerciales/MotoresComerciales/Content/VRS_LowPolyNatureEssentials/Meshes/Env/Ground/BackgroundMountains/SM_BackgroundMountainA.uasset" 3128
"C:/Users/bruwu/OneDrive/Documentos/GitHub/MotoresComerciales/MotoresComerciales/Content/VRS_LowPolyNatureEssentials/Meshes/Env/Ground/BackgroundMountains/SM_BackgroundMountainA.uexp" 3129
"C:/Users/bruwu/OneDrive/Documentos/GitHub/MotoresComerciales/MotoresComerciales/Content/VRS_LowPolyNatureEssentials/Meshes/Env/SM_DisplayPlane.ubulk" 3130
"C:/Users/bruwu/OneDrive/Documentos/GitHub/MotoresComerciales/MotoresComerciales/Content/VRS_LowPolyNatureEssentials/Meshes/Env/SM_DisplayPlane.uasset" 3131
"C:/Users/bruwu/OneDrive/Documentos/GitHub/MotoresComerciales/MotoresComerciales/Content/VRS_LowPolyNatureEssentials/Meshes/Env/SM_DisplayPlane.uexp" 3132
"C:/Users/bruwu/OneDrive/Documentos/GitHub/MotoresComerciales/MotoresComerciales/Content/VRS_LowPolyNatureEssentials/Meshes/Env/Plants/Dandelions/SM_DandelionsClusterB.ubulk" 3133
"C:/Users/bruwu/OneDrive/Documentos/GitHub/MotoresComerciales/MotoresComerciales/Content/VRS_LowPolyNatureEssentials/Meshes/Env/Plants/Dandelions/SM_DandelionsClusterB.uasset" 3134
"C:/Users/bruwu/OneDrive/Documentos/GitHub/MotoresComerciales/MotoresComerciales/Content/VRS_LowPolyNatureEssentials/Meshes/Env/Plants/Dandelions/SM_DandelionsClusterB.uexp" 3135
"C:/Users/bruwu/OneDrive/Documentos/GitHub/MotoresComerciales/MotoresComerciales/Content/VRS_LowPolyNatureEssentials/Meshes/Arch/Fence/SM_SWFModShortA.ubulk" 3136
"C:/Users/bruwu/OneDrive/Documentos/GitHub/MotoresComerciales/MotoresComerciales/Content/VRS_LowPolyNatureEssentials/Meshes/Arch/Fence/SM_SWFModShortA.uasset" 3137
"C:/Users/bruwu/OneDrive/Documentos/GitHub/MotoresComerciales/MotoresComerciales/Content/VRS_LowPolyNatureEssentials/Meshes/Arch/Fence/SM_SWFModShortA.uexp" 3138
"C:/Users/bruwu/OneDrive/Documentos/GitHub/MotoresComerciales/MotoresComerciales/Content/VRS_LowPolyNatureEssentials/Meshes/Env/GrassLumps/SM_GrassLumpD.ubulk" 3139
"C:/Users/bruwu/OneDrive/Documentos/GitHub/MotoresComerciales/MotoresComerciales/Content/VRS_LowPolyNatureEssentials/Meshes/Env/GrassLumps/SM_GrassLumpD.uasset" 3140
"C:/Users/bruwu/OneDrive/Documentos/GitHub/MotoresComerciales/MotoresComerciales/Content/VRS_LowPolyNatureEssentials/Meshes/Env/GrassLumps/SM_GrassLumpD.uexp" 3141
"C:/Users/bruwu/OneDrive/Documentos/GitHub/MotoresComerciales/MotoresComerciales/Content/VRS_LowPolyNatureEssentials/Meshes/Env/Plants/WildGarlic/SM_WildGarlicBLeaves.ubulk" 3142
"C:/Users/bruwu/OneDrive/Documentos/GitHub/MotoresComerciales/MotoresComerciales/Content/VRS_LowPolyNatureEssentials/Meshes/Env/Plants/WildGarlic/SM_WildGarlicBLeaves.uasset" 3143
"C:/Users/bruwu/OneDrive/Documentos/GitHub/MotoresComerciales/MotoresComerciales/Content/VRS_LowPolyNatureEssentials/Meshes/Env/Plants/WildGarlic/SM_WildGarlicBLeaves.uexp" 3144
"C:/Users/bruwu/OneDrive/Documentos/GitHub/MotoresComerciales/MotoresComerciales/Content/VRS_LowPolyNatureEssentials/Materials/MI_BaseShinyNT.uasset" 3145
"C:/Users/bruwu/OneDrive/Documentos/GitHub/MotoresComerciales/MotoresComerciales/Content/VRS_LowPolyNatureEssentials/Materials/MI_BaseShinyNT.uexp" 3146
"C:/Users/bruwu/OneDrive/Documentos/GitHub/MotoresComerciales/MotoresComerciales/Content/VRS_LowPolyNatureEssentials/Meshes/Env/Mushrooms/ShaggyInkCap/SM_ShaggyInkCapDMeltingVariantB.ubulk" 3147
"C:/Users/bruwu/OneDrive/Documentos/GitHub/MotoresComerciales/MotoresComerciales/Content/VRS_LowPolyNatureEssentials/Meshes/Env/Mushrooms/ShaggyInkCap/SM_ShaggyInkCapDMeltingVariantB.uasset" 3148
"C:/Users/bruwu/OneDrive/Documentos/GitHub/MotoresComerciales/MotoresComerciales/Content/VRS_LowPolyNatureEssentials/Meshes/Env/Mushrooms/ShaggyInkCap/SM_ShaggyInkCapDMeltingVariantB.uexp" 3149
"C:/Users/bruwu/OneDrive/Documentos/GitHub/MotoresComerciales/MotoresComerciales/Content/VRS_LowPolyNatureEssentials/Meshes/Env/Plants/Foxgloves/SM_FoxgloveBVariantB.ubulk" 3150
"C:/Users/bruwu/OneDrive/Documentos/GitHub/MotoresComerciales/MotoresComerciales/Content/VRS_LowPolyNatureEssentials/Meshes/Env/Plants/Foxgloves/SM_FoxgloveBVariantB.uasset" 3151
"C:/Users/bruwu/OneDrive/Documentos/GitHub/MotoresComerciales/MotoresComerciales/Content/VRS_LowPolyNatureEssentials/Meshes/Env/Plants/Foxgloves/SM_FoxgloveBVariantB.uexp" 3152
"C:/Users/bruwu/OneDrive/Documentos/GitHub/MotoresComerciales/MotoresComerciales/Content/VRS_LowPolyNatureEssentials/Meshes/Env/Trees/TreeBranches/SM_TreeBranchBLeafless.ubulk" 3153
"C:/Users/bruwu/OneDrive/Documentos/GitHub/MotoresComerciales/MotoresComerciales/Content/VRS_LowPolyNatureEssentials/Meshes/Env/Trees/TreeBranches/SM_TreeBranchBLeafless.uasset" 3154
"C:/Users/bruwu/OneDrive/Documentos/GitHub/MotoresComerciales/MotoresComerciales/Content/VRS_LowPolyNatureEssentials/Meshes/Env/Trees/TreeBranches/SM_TreeBranchBLeafless.uexp" 3155
"C:/Users/bruwu/OneDrive/Documentos/GitHub/MotoresComerciales/MotoresComerciales/Content/VRS_LowPolyNatureEssentials/Meshes/Env/Ground/SmallPiles/SM_DirtPileG.ubulk" 3156
"C:/Users/bruwu/OneDrive/Documentos/GitHub/MotoresComerciales/MotoresComerciales/Content/VRS_LowPolyNatureEssentials/Meshes/Env/Ground/SmallPiles/SM_DirtPileG.uasset" 3157
"C:/Users/bruwu/OneDrive/Documentos/GitHub/MotoresComerciales/MotoresComerciales/Content/VRS_LowPolyNatureEssentials/Meshes/Env/Ground/SmallPiles/SM_DirtPileG.uexp" 3158
"C:/Users/bruwu/OneDrive/Documentos/GitHub/MotoresComerciales/MotoresComerciales/Content/VRS_LowPolyNatureEssentials/Meshes/Env/Plants/Daisies/SM_DaisyB.ubulk" 3159
"C:/Users/bruwu/OneDrive/Documentos/GitHub/MotoresComerciales/MotoresComerciales/Content/VRS_LowPolyNatureEssentials/Meshes/Env/Plants/Daisies/SM_DaisyB.uasset" 3160
"C:/Users/bruwu/OneDrive/Documentos/GitHub/MotoresComerciales/MotoresComerciales/Content/VRS_LowPolyNatureEssentials/Meshes/Env/Plants/Daisies/SM_DaisyB.uexp" 3161
"C:/Users/bruwu/OneDrive/Documentos/GitHub/MotoresComerciales/MotoresComerciales/Content/VRS_LowPolyNatureEssentials/Meshes/Env/Plants/Ferns/SM_FernBClusterVariantA.ubulk" 3162
"C:/Users/bruwu/OneDrive/Documentos/GitHub/MotoresComerciales/MotoresComerciales/Content/VRS_LowPolyNatureEssentials/Meshes/Env/Plants/Ferns/SM_FernBClusterVariantA.uasset" 3163
"C:/Users/bruwu/OneDrive/Documentos/GitHub/MotoresComerciales/MotoresComerciales/Content/VRS_LowPolyNatureEssentials/Meshes/Env/Plants/Ferns/SM_FernBClusterVariantA.uexp" 3164
"C:/Users/bruwu/OneDrive/Documentos/GitHub/MotoresComerciales/MotoresComerciales/Content/VRS_LowPolyNatureEssentials/Meshes/Env/Ground/FloatingIslands/SM_FloatingIslandA.ubulk" 3165
"C:/Users/bruwu/OneDrive/Documentos/GitHub/MotoresComerciales/MotoresComerciales/Content/VRS_LowPolyNatureEssentials/Meshes/Env/Ground/FloatingIslands/SM_FloatingIslandA.uasset" 3166
"C:/Users/bruwu/OneDrive/Documentos/GitHub/MotoresComerciales/MotoresComerciales/Content/VRS_LowPolyNatureEssentials/Meshes/Env/Ground/FloatingIslands/SM_FloatingIslandA.uexp" 3167
"C:/Users/bruwu/OneDrive/Documentos/GitHub/MotoresComerciales/MotoresComerciales/Content/VRS_LowPolyNatureEssentials/Meshes/Env/Trees/TreeStumps/SM_TreeStumpShortD.ubulk" 3168
"C:/Users/bruwu/OneDrive/Documentos/GitHub/MotoresComerciales/MotoresComerciales/Content/VRS_LowPolyNatureEssentials/Meshes/Env/Trees/TreeStumps/SM_TreeStumpShortD.uasset" 3169
"C:/Users/bruwu/OneDrive/Documentos/GitHub/MotoresComerciales/MotoresComerciales/Content/VRS_LowPolyNatureEssentials/Meshes/Env/Trees/TreeStumps/SM_TreeStumpShortD.uexp" 3170
"C:/Users/bruwu/OneDrive/Documentos/GitHub/MotoresComerciales/MotoresComerciales/Content/VRS_LowPolyNatureEssentials/Meshes/Env/Rocks/SM_RockSmallA.ubulk" 3171
"C:/Users/bruwu/OneDrive/Documentos/GitHub/MotoresComerciales/MotoresComerciales/Content/VRS_LowPolyNatureEssentials/Meshes/Env/Rocks/SM_RockSmallA.uasset" 3172
"C:/Users/bruwu/OneDrive/Documentos/GitHub/MotoresComerciales/MotoresComerciales/Content/VRS_LowPolyNatureEssentials/Meshes/Env/Rocks/SM_RockSmallA.uexp" 3173
"C:/Users/bruwu/OneDrive/Documentos/GitHub/MotoresComerciales/MotoresComerciales/Content/VRS_LowPolyNatureEssentials/Meshes/Env/Trees/WitheredTrees/SM_SmallWitheredTreeB.ubulk" 3174
"C:/Users/bruwu/OneDrive/Documentos/GitHub/MotoresComerciales/MotoresComerciales/Content/VRS_LowPolyNatureEssentials/Meshes/Env/Trees/WitheredTrees/SM_SmallWitheredTreeB.uasset" 3175
"C:/Users/bruwu/OneDrive/Documentos/GitHub/MotoresComerciales/MotoresComerciales/Content/VRS_LowPolyNatureEssentials/Meshes/Env/Trees/WitheredTrees/SM_SmallWitheredTreeB.uexp" 3176
"C:/Users/bruwu/OneDrive/Documentos/GitHub/MotoresComerciales/MotoresComerciales/Content/VRS_LowPolyNatureEssentials/Maps/Overview_nice.uexp" 3177
"C:/Users/bruwu/OneDrive/Documentos/GitHub/MotoresComerciales/MotoresComerciales/Content/VRS_LowPolyNatureEssentials/Maps/Overview_nice.umap" 3178
"C:/Users/bruwu/OneDrive/Documentos/GitHub/MotoresComerciales/MotoresComerciales/Content/VRS_LowPolyNatureEssentials/Maps/Overview_BuiltData.uasset" 3179
"C:/Users/bruwu/OneDrive/Documentos/GitHub/MotoresComerciales/MotoresComerciales/Content/VRS_LowPolyNatureEssentials/Maps/Overview_BuiltData.uexp" 3180
"C:/Users/bruwu/OneDrive/Documentos/GitHub/MotoresComerciales/MotoresComerciales/Content/VRS_LowPolyNatureEssentials/Maps/Overview.uexp" 3181
"C:/Users/bruwu/OneDrive/Documentos/GitHub/MotoresComerciales/MotoresComerciales/Content/VRS_LowPolyNatureEssentials/Maps/Overview.umap" 3182
"../../../Engine/Content/EngineMaterials/DefaultBloomKernel.uasset" 3183
"../../../Engine/Content/EngineMaterials/DefaultBloomKernel.uexp" 3184
"../../../Engine/Content/MapTemplates/T_ScreenDirt02_w.uasset" 3185
"../../../Engine/Content/MapTemplates/T_ScreenDirt02_w.uexp" 3186
"C:/Users/bruwu/OneDrive/Documentos/GitHub/MotoresComerciales/MotoresComerciales/Content/VRS_LowPolyNatureEssentials/Maps/Demo_BuiltData.uasset" 3187
"C:/Users/bruwu/OneDrive/Documentos/GitHub/MotoresComerciales/MotoresComerciales/Content/VRS_LowPolyNatureEssentials/Maps/Demo_BuiltData.uexp" 3188
"C:/Users/bruwu/OneDrive/Documentos/GitHub/MotoresComerciales/MotoresComerciales/Content/VRS_LowPolyNatureEssentials/Maps/Demo.uexp" 3189
"C:/Users/bruwu/OneDrive/Documentos/GitHub/MotoresComerciales/MotoresComerciales/Content/VRS_LowPolyNatureEssentials/Maps/Demo.umap" 3190
"C:/Users/bruwu/OneDrive/Documentos/GitHub/MotoresComerciales/MotoresComerciales/Content/Characters/Mannequins/Meshes/SKM_Quinn_Simple.uasset" 3191
"C:/Users/bruwu/OneDrive/Documentos/GitHub/MotoresComerciales/MotoresComerciales/Content/Characters/Mannequins/Meshes/SKM_Quinn_Simple.uexp" 3192
"C:/Users/bruwu/OneDrive/Documentos/GitHub/MotoresComerciales/MotoresComerciales/Content/ThirdPerson/Input/Actions/IA_Jump.uasset" 3193
"C:/Users/bruwu/OneDrive/Documentos/GitHub/MotoresComerciales/MotoresComerciales/Content/ThirdPerson/Input/Actions/IA_Jump.uexp" 3194
"C:/Users/bruwu/OneDrive/Documentos/GitHub/MotoresComerciales/MotoresComerciales/Content/ThirdPerson/Input/Actions/IA_Look.uasset" 3195
"C:/Users/bruwu/OneDrive/Documentos/GitHub/MotoresComerciales/MotoresComerciales/Content/ThirdPerson/Input/Actions/IA_Look.uexp" 3196
"C:/Users/bruwu/OneDrive/Documentos/GitHub/MotoresComerciales/MotoresComerciales/Content/ThirdPerson/Input/Actions/IA_Move.uasset" 3197
"C:/Users/bruwu/OneDrive/Documentos/GitHub/MotoresComerciales/MotoresComerciales/Content/ThirdPerson/Input/Actions/IA_Move.uexp" 3198
"C:/Users/bruwu/OneDrive/Documentos/GitHub/MotoresComerciales/MotoresComerciales/Content/ThirdPerson/Input/IMC_Default.uasset" 3199
"C:/Users/bruwu/OneDrive/Documentos/GitHub/MotoresComerciales/MotoresComerciales/Content/ThirdPerson/Input/IMC_Default.uexp" 3200
"C:/Users/bruwu/OneDrive/Documentos/GitHub/MotoresComerciales/MotoresComerciales/Content/Characters/Mannequins/Animations/Quinn/MF_Run_Fwd.uasset" 3201
"C:/Users/bruwu/OneDrive/Documentos/GitHub/MotoresComerciales/MotoresComerciales/Content/Characters/Mannequins/Animations/Quinn/MF_Run_Fwd.uexp" 3202
"C:/Users/bruwu/OneDrive/Documentos/GitHub/MotoresComerciales/MotoresComerciales/Content/Characters/Mannequins/Animations/Quinn/MF_Walk_Fwd.uasset" 3203
"C:/Users/bruwu/OneDrive/Documentos/GitHub/MotoresComerciales/MotoresComerciales/Content/Characters/Mannequins/Animations/Quinn/MF_Walk_Fwd.uexp" 3204
"../../../Engine/Content/Animation/DefaultRecorderBoneCompression.uasset" 3205
"../../../Engine/Content/Animation/DefaultRecorderBoneCompression.uexp" 3206
"C:/Users/bruwu/OneDrive/Documentos/GitHub/MotoresComerciales/MotoresComerciales/Content/Characters/Mannequins/Animations/Manny/MM_Walk_InPlace.uasset" 3207
"C:/Users/bruwu/OneDrive/Documentos/GitHub/MotoresComerciales/MotoresComerciales/Content/Characters/Mannequins/Animations/Manny/MM_Walk_InPlace.uexp" 3208
"C:/Users/bruwu/OneDrive/Documentos/GitHub/MotoresComerciales/MotoresComerciales/Content/Characters/Mannequins/Animations/Quinn/BS_MF_Unarmed_WalkRun.uasset" 3209
"C:/Users/bruwu/OneDrive/Documentos/GitHub/MotoresComerciales/MotoresComerciales/Content/Characters/Mannequins/Animations/Quinn/BS_MF_Unarmed_WalkRun.uexp" 3210
"C:/Users/bruwu/OneDrive/Documentos/GitHub/MotoresComerciales/MotoresComerciales/Content/Characters/Mannequins/Animations/Quinn/MF_Idle.uasset" 3211
"C:/Users/bruwu/OneDrive/Documentos/GitHub/MotoresComerciales/MotoresComerciales/Content/Characters/Mannequins/Animations/Quinn/MF_Idle.uexp" 3212
"../../../Engine/Content/Animation/DefaultVariableFrameStrippingSettings.uasset" 3213
"../../../Engine/Content/Animation/DefaultVariableFrameStrippingSettings.uexp" 3214
"C:/Users/bruwu/OneDrive/Documentos/GitHub/MotoresComerciales/MotoresComerciales/Content/Characters/Mannequins/Animations/Manny/MM_Fall_Loop.uasset" 3215
"C:/Users/bruwu/OneDrive/Documentos/GitHub/MotoresComerciales/MotoresComerciales/Content/Characters/Mannequins/Animations/Manny/MM_Fall_Loop.uexp" 3216
"C:/Users/bruwu/OneDrive/Documentos/GitHub/MotoresComerciales/MotoresComerciales/Content/Characters/Mannequins/Animations/Manny/MM_Jump.uasset" 3217
"C:/Users/bruwu/OneDrive/Documentos/GitHub/MotoresComerciales/MotoresComerciales/Content/Characters/Mannequins/Animations/Manny/MM_Jump.uexp" 3218
"C:/Users/bruwu/OneDrive/Documentos/GitHub/MotoresComerciales/MotoresComerciales/Content/Characters/Mannequins/Rigs/CR_Mannequin_BasicFootIK.uasset" 3219
"C:/Users/bruwu/OneDrive/Documentos/GitHub/MotoresComerciales/MotoresComerciales/Content/Characters/Mannequins/Rigs/CR_Mannequin_BasicFootIK.uexp" 3220
"C:/Users/bruwu/OneDrive/Documentos/GitHub/MotoresComerciales/MotoresComerciales/Content/Characters/Mannequins/Animations/Manny/MM_Run_Fwd.uasset" 3221
"C:/Users/bruwu/OneDrive/Documentos/GitHub/MotoresComerciales/MotoresComerciales/Content/Characters/Mannequins/Animations/Manny/MM_Run_Fwd.uexp" 3222
"C:/Users/bruwu/OneDrive/Documentos/GitHub/MotoresComerciales/MotoresComerciales/Content/Characters/Mannequins/Animations/Manny/MM_Walk_Fwd.uasset" 3223
"C:/Users/bruwu/OneDrive/Documentos/GitHub/MotoresComerciales/MotoresComerciales/Content/Characters/Mannequins/Animations/Manny/MM_Walk_Fwd.uexp" 3224
"C:/Users/bruwu/OneDrive/Documentos/GitHub/MotoresComerciales/MotoresComerciales/Content/Characters/Mannequins/Animations/Manny/BS_MM_WalkRun.uasset" 3225
"C:/Users/bruwu/OneDrive/Documentos/GitHub/MotoresComerciales/MotoresComerciales/Content/Characters/Mannequins/Animations/Manny/BS_MM_WalkRun.uexp" 3226
"C:/Users/bruwu/OneDrive/Documentos/GitHub/MotoresComerciales/MotoresComerciales/Content/Characters/Mannequins/Animations/Manny/MM_Land.uasset" 3227
"C:/Users/bruwu/OneDrive/Documentos/GitHub/MotoresComerciales/MotoresComerciales/Content/Characters/Mannequins/Animations/Manny/MM_Land.uexp" 3228
"C:/Users/bruwu/OneDrive/Documentos/GitHub/MotoresComerciales/MotoresComerciales/Content/Characters/Mannequins/Animations/Manny/MM_Idle.uasset" 3229
"C:/Users/bruwu/OneDrive/Documentos/GitHub/MotoresComerciales/MotoresComerciales/Content/Characters/Mannequins/Animations/Manny/MM_Idle.uexp" 3230
"C:/Users/bruwu/OneDrive/Documentos/GitHub/MotoresComerciales/MotoresComerciales/Content/Characters/Mannequins/Animations/ABP_Manny.uasset" 3231
"C:/Users/bruwu/OneDrive/Documentos/GitHub/MotoresComerciales/MotoresComerciales/Content/Characters/Mannequins/Animations/ABP_Manny.uexp" 3232
"C:/Users/bruwu/OneDrive/Documentos/GitHub/MotoresComerciales/MotoresComerciales/Content/Characters/Mannequins/Animations/ABP_Quinn.uasset" 3233
"C:/Users/bruwu/OneDrive/Documentos/GitHub/MotoresComerciales/MotoresComerciales/Content/Characters/Mannequins/Animations/ABP_Quinn.uexp" 3234
"../../../Engine/Content/EditorBlueprintResources/StandardMacros.uasset" 3235
"../../../Engine/Content/EditorBlueprintResources/StandardMacros.uexp" 3236
"C:/Users/bruwu/OneDrive/Documentos/GitHub/MotoresComerciales/MotoresComerciales/Content/ThirdPerson/Blueprints/BP_ThirdPersonCharacter.uasset" 3237
"C:/Users/bruwu/OneDrive/Documentos/GitHub/MotoresComerciales/MotoresComerciales/Content/ThirdPerson/Blueprints/BP_ThirdPersonCharacter.uexp" 3238
"C:/Users/bruwu/OneDrive/Documentos/GitHub/MotoresComerciales/MotoresComerciales/Content/ThirdPerson/Blueprints/BP_ThirdPersonGameMode.uasset" 3239
"C:/Users/bruwu/OneDrive/Documentos/GitHub/MotoresComerciales/MotoresComerciales/Content/ThirdPerson/Blueprints/BP_ThirdPersonGameMode.uexp" 3240
"C:/Users/bruwu/OneDrive/Documentos/GitHub/MotoresComerciales/MotoresComerciales/Content/ThirdPerson/Maps/ThirdPersonMap.uexp" 3241
"C:/Users/bruwu/OneDrive/Documentos/GitHub/MotoresComerciales/MotoresComerciales/Content/ThirdPerson/Maps/ThirdPersonMap.umap" 3242
"C:/Users/bruwu/OneDrive/Documentos/GitHub/MotoresComerciales/MotoresComerciales/Content/ThirdPerson/Maps/Moco.uexp" 3243
"C:/Users/bruwu/OneDrive/Documentos/GitHub/MotoresComerciales/MotoresComerciales/Content/ThirdPerson/Maps/Moco.umap" 3244
"../../../Engine/Content/BasicShapes/Cylinder.ubulk" 3245
"../../../Engine/Content/BasicShapes/Cylinder.uasset" 3246
"../../../Engine/Content/BasicShapes/Cylinder.uexp" 3247
"C:/Users/bruwu/OneDrive/Documentos/GitHub/MotoresComerciales/MotoresComerciales/Content/ThirdPerson/Fonts/OMORI_GAME2.uexp" 3248
"C:/Users/bruwu/OneDrive/Documentos/GitHub/MotoresComerciales/MotoresComerciales/Content/ThirdPerson/Fonts/OMORI_GAME2.uasset" 3249
"C:/Users/bruwu/OneDrive/Documentos/GitHub/MotoresComerciales/MotoresComerciales/Content/ThirdPerson/Fonts/OMORI_GAME2.ufont" 3250
"C:/Users/bruwu/OneDrive/Documentos/GitHub/MotoresComerciales/MotoresComerciales/Content/ThirdPerson/Fonts/OMORI_GAME2_Font.uasset" 3251
"C:/Users/bruwu/OneDrive/Documentos/GitHub/MotoresComerciales/MotoresComerciales/Content/ThirdPerson/Fonts/OMORI_GAME2_Font.uexp" 3252
"C:/Users/bruwu/OneDrive/Documentos/GitHub/MotoresComerciales/MotoresComerciales/Content/ThirdPerson/Blueprints/UI.uasset" 3253
"C:/Users/bruwu/OneDrive/Documentos/GitHub/MotoresComerciales/MotoresComerciales/Content/ThirdPerson/Blueprints/UI.uexp" 3254
"C:/Users/bruwu/OneDrive/Documentos/GitHub/MotoresComerciales/MotoresComerciales/Content/ThirdPerson/Models/yonFBX/Studio_Studio_Setup_Backdrop_1.ubulk" 3255
"C:/Users/bruwu/OneDrive/Documentos/GitHub/MotoresComerciales/MotoresComerciales/Content/ThirdPerson/Models/yonFBX/Studio_Studio_Setup_Backdrop_1.uasset" 3256
"C:/Users/bruwu/OneDrive/Documentos/GitHub/MotoresComerciales/MotoresComerciales/Content/ThirdPerson/Models/yonFBX/Studio_Studio_Setup_Backdrop_1.uexp" 3257
"../../../Engine/Content/BasicShapes/BasicShapeMaterial.uasset" 3258
"../../../Engine/Content/BasicShapes/BasicShapeMaterial.uexp" 3259
"../../../Engine/Content/Functions/Substrate/SMF_UE4Disney.uasset" 3260
"../../../Engine/Content/Functions/Substrate/SMF_UE4Disney.uexp" 3261
"C:/Users/bruwu/OneDrive/Documentos/GitHub/MotoresComerciales/MotoresComerciales/Content/ThirdPerson/Materials/BaseCanela.uasset" 3262
"C:/Users/bruwu/OneDrive/Documentos/GitHub/MotoresComerciales/MotoresComerciales/Content/ThirdPerson/Materials/BaseCanela.uexp" 3263
"../../../Engine/Plugins/Interchange/Runtime/Content/Functions/MF_PhongToMetalRoughness.uasset" 3264
"../../../Engine/Plugins/Interchange/Runtime/Content/Functions/MF_PhongToMetalRoughness.uexp" 3265
"C:/Users/bruwu/OneDrive/Documentos/GitHub/MotoresComerciales/MotoresComerciales/Content/ThirdPerson/Models/Canelita/TEX_m_0.uasset" 3266
"C:/Users/bruwu/OneDrive/Documentos/GitHub/MotoresComerciales/MotoresComerciales/Content/ThirdPerson/Models/Canelita/TEX_m_0.uexp" 3267
"C:/Users/bruwu/OneDrive/Documentos/GitHub/MotoresComerciales/MotoresComerciales/Content/ThirdPerson/Models/Canelita/m.uasset" 3268
"C:/Users/bruwu/OneDrive/Documentos/GitHub/MotoresComerciales/MotoresComerciales/Content/ThirdPerson/Models/Canelita/m.uexp" 3269
"C:/Users/bruwu/OneDrive/Documentos/GitHub/MotoresComerciales/MotoresComerciales/Content/ThirdPerson/Models/Canelita/TEX_e_0.uasset" 3270
"C:/Users/bruwu/OneDrive/Documentos/GitHub/MotoresComerciales/MotoresComerciales/Content/ThirdPerson/Models/Canelita/TEX_e_0.uexp" 3271
"C:/Users/bruwu/OneDrive/Documentos/GitHub/MotoresComerciales/MotoresComerciales/Content/ThirdPerson/Models/Canelita/e_001.uasset" 3272
"C:/Users/bruwu/OneDrive/Documentos/GitHub/MotoresComerciales/MotoresComerciales/Content/ThirdPerson/Models/Canelita/e_001.uexp" 3273
"C:/Users/bruwu/OneDrive/Documentos/GitHub/MotoresComerciales/MotoresComerciales/Content/ThirdPerson/Models/Canelita/TEX_cloth.ubulk" 3274
"C:/Users/bruwu/OneDrive/Documentos/GitHub/MotoresComerciales/MotoresComerciales/Content/ThirdPerson/Models/Canelita/TEX_cloth.uasset" 3275
"C:/Users/bruwu/OneDrive/Documentos/GitHub/MotoresComerciales/MotoresComerciales/Content/ThirdPerson/Models/Canelita/TEX_cloth.uexp" 3276
"C:/Users/bruwu/OneDrive/Documentos/GitHub/MotoresComerciales/MotoresComerciales/Content/ThirdPerson/Models/Canelita/cloth_001.uasset" 3277
"C:/Users/bruwu/OneDrive/Documentos/GitHub/MotoresComerciales/MotoresComerciales/Content/ThirdPerson/Models/Canelita/cloth_001.uexp" 3278
"C:/Users/bruwu/OneDrive/Documentos/GitHub/MotoresComerciales/MotoresComerciales/Content/ThirdPerson/Models/Canelita/TEX_b0.ubulk" 3279
"C:/Users/bruwu/OneDrive/Documentos/GitHub/MotoresComerciales/MotoresComerciales/Content/ThirdPerson/Models/Canelita/TEX_b0.uasset" 3280
"C:/Users/bruwu/OneDrive/Documentos/GitHub/MotoresComerciales/MotoresComerciales/Content/ThirdPerson/Models/Canelita/TEX_b0.uexp" 3281
"C:/Users/bruwu/OneDrive/Documentos/GitHub/MotoresComerciales/MotoresComerciales/Content/ThirdPerson/Models/Canelita/b0.uasset" 3282
"C:/Users/bruwu/OneDrive/Documentos/GitHub/MotoresComerciales/MotoresComerciales/Content/ThirdPerson/Models/Canelita/b0.uexp" 3283
"C:/Users/bruwu/OneDrive/Documentos/GitHub/MotoresComerciales/MotoresComerciales/Content/ThirdPerson/Models/Canelita/sza.ubulk" 3284
"C:/Users/bruwu/OneDrive/Documentos/GitHub/MotoresComerciales/MotoresComerciales/Content/ThirdPerson/Models/Canelita/sza.uasset" 3285
"C:/Users/bruwu/OneDrive/Documentos/GitHub/MotoresComerciales/MotoresComerciales/Content/ThirdPerson/Models/Canelita/sza.uexp" 3286
"C:/Users/bruwu/OneDrive/Documentos/GitHub/MotoresComerciales/MotoresComerciales/Content/ThirdPerson/Blueprints/RotateCamera.uasset" 3287
"C:/Users/bruwu/OneDrive/Documentos/GitHub/MotoresComerciales/MotoresComerciales/Content/ThirdPerson/Blueprints/RotateCamera.uexp" 3288
"C:/Users/bruwu/OneDrive/Documentos/GitHub/MotoresComerciales/MotoresComerciales/Content/ThirdPerson/Maps/Ilumination.uexp" 3289
"C:/Users/bruwu/OneDrive/Documentos/GitHub/MotoresComerciales/MotoresComerciales/Content/ThirdPerson/Maps/Ilumination.umap" 3290
"C:/Users/bruwu/OneDrive/Documentos/GitHub/MotoresComerciales/MotoresComerciales/Content/Stylized_PBR_Nature/Rocks/Assets/SM_S_Rock_08.ubulk" 3291
"C:/Users/bruwu/OneDrive/Documentos/GitHub/MotoresComerciales/MotoresComerciales/Content/Stylized_PBR_Nature/Rocks/Assets/SM_S_Rock_08.uasset" 3292
"C:/Users/bruwu/OneDrive/Documentos/GitHub/MotoresComerciales/MotoresComerciales/Content/Stylized_PBR_Nature/Rocks/Assets/SM_S_Rock_08.uexp" 3293
"C:/Users/bruwu/OneDrive/Documentos/GitHub/MotoresComerciales/MotoresComerciales/Content/Stylized_PBR_Nature/Foliage/Textures/T_Common_Tree_04_ORM.ubulk" 3294
"C:/Users/bruwu/OneDrive/Documentos/GitHub/MotoresComerciales/MotoresComerciales/Content/Stylized_PBR_Nature/Foliage/Textures/T_Common_Tree_04_ORM.uasset" 3295
"C:/Users/bruwu/OneDrive/Documentos/GitHub/MotoresComerciales/MotoresComerciales/Content/Stylized_PBR_Nature/Foliage/Textures/T_Common_Tree_04_ORM.uexp" 3296
"C:/Users/bruwu/OneDrive/Documentos/GitHub/MotoresComerciales/MotoresComerciales/Content/Stylized_PBR_Nature/Foliage/Textures/T_Common_Tree_04_N.ubulk" 3297
"C:/Users/bruwu/OneDrive/Documentos/GitHub/MotoresComerciales/MotoresComerciales/Content/Stylized_PBR_Nature/Foliage/Textures/T_Common_Tree_04_N.uasset" 3298
"C:/Users/bruwu/OneDrive/Documentos/GitHub/MotoresComerciales/MotoresComerciales/Content/Stylized_PBR_Nature/Foliage/Textures/T_Common_Tree_04_N.uexp" 3299
"C:/Users/bruwu/OneDrive/Documentos/GitHub/MotoresComerciales/MotoresComerciales/Content/Stylized_PBR_Nature/Foliage/Textures/T_Common_Tree_04_D.ubulk" 3300
"C:/Users/bruwu/OneDrive/Documentos/GitHub/MotoresComerciales/MotoresComerciales/Content/Stylized_PBR_Nature/Foliage/Textures/T_Common_Tree_04_D.uasset" 3301
"C:/Users/bruwu/OneDrive/Documentos/GitHub/MotoresComerciales/MotoresComerciales/Content/Stylized_PBR_Nature/Foliage/Textures/T_Common_Tree_04_D.uexp" 3302
"C:/Users/bruwu/OneDrive/Documentos/GitHub/MotoresComerciales/MotoresComerciales/Content/Stylized_PBR_Nature/Foliage/Materials/MI_Common_Tree_04.uasset" 3303
"C:/Users/bruwu/OneDrive/Documentos/GitHub/MotoresComerciales/MotoresComerciales/Content/Stylized_PBR_Nature/Foliage/Materials/MI_Common_Tree_04.uexp" 3304
"C:/Users/bruwu/OneDrive/Documentos/GitHub/MotoresComerciales/MotoresComerciales/Content/Stylized_PBR_Nature/Foliage/Assets/SM_Common_Tree_04.ubulk" 3305
"C:/Users/bruwu/OneDrive/Documentos/GitHub/MotoresComerciales/MotoresComerciales/Content/Stylized_PBR_Nature/Foliage/Assets/SM_Common_Tree_04.uasset" 3306
"C:/Users/bruwu/OneDrive/Documentos/GitHub/MotoresComerciales/MotoresComerciales/Content/Stylized_PBR_Nature/Foliage/Assets/SM_Common_Tree_04.uexp" 3307
"C:/Users/bruwu/OneDrive/Documentos/GitHub/MotoresComerciales/MotoresComerciales/Content/Stylized_PBR_Nature/Rocks/Assets/SM_S_Rock_07.ubulk" 3308
"C:/Users/bruwu/OneDrive/Documentos/GitHub/MotoresComerciales/MotoresComerciales/Content/Stylized_PBR_Nature/Rocks/Assets/SM_S_Rock_07.uasset" 3309
"C:/Users/bruwu/OneDrive/Documentos/GitHub/MotoresComerciales/MotoresComerciales/Content/Stylized_PBR_Nature/Rocks/Assets/SM_S_Rock_07.uexp" 3310
"C:/Users/bruwu/OneDrive/Documentos/GitHub/MotoresComerciales/MotoresComerciales/Content/Stylized_PBR_Nature/Rocks/Assets/SM_R_Rock_03.ubulk" 3311
"C:/Users/bruwu/OneDrive/Documentos/GitHub/MotoresComerciales/MotoresComerciales/Content/Stylized_PBR_Nature/Rocks/Assets/SM_R_Rock_03.uasset" 3312
"C:/Users/bruwu/OneDrive/Documentos/GitHub/MotoresComerciales/MotoresComerciales/Content/Stylized_PBR_Nature/Rocks/Assets/SM_R_Rock_03.uexp" 3313
"C:/Users/bruwu/OneDrive/Documentos/GitHub/MotoresComerciales/MotoresComerciales/Content/Stylized_PBR_Nature/Rocks/Assets/SM_R_Rock_02.ubulk" 3314
"C:/Users/bruwu/OneDrive/Documentos/GitHub/MotoresComerciales/MotoresComerciales/Content/Stylized_PBR_Nature/Rocks/Assets/SM_R_Rock_02.uasset" 3315
"C:/Users/bruwu/OneDrive/Documentos/GitHub/MotoresComerciales/MotoresComerciales/Content/Stylized_PBR_Nature/Rocks/Assets/SM_R_Rock_02.uexp" 3316
"C:/Users/bruwu/OneDrive/Documentos/GitHub/MotoresComerciales/MotoresComerciales/Content/Stylized_PBR_Nature/Foliage/Textures/T_Common_Tree_02_D.ubulk" 3317
"C:/Users/bruwu/OneDrive/Documentos/GitHub/MotoresComerciales/MotoresComerciales/Content/Stylized_PBR_Nature/Foliage/Textures/T_Common_Tree_02_D.uasset" 3318
"C:/Users/bruwu/OneDrive/Documentos/GitHub/MotoresComerciales/MotoresComerciales/Content/Stylized_PBR_Nature/Foliage/Textures/T_Common_Tree_02_D.uexp" 3319
"C:/Users/bruwu/OneDrive/Documentos/GitHub/MotoresComerciales/MotoresComerciales/Content/Stylized_PBR_Nature/Foliage/Textures/T_Common_Tree_02_N.ubulk" 3320
"C:/Users/bruwu/OneDrive/Documentos/GitHub/MotoresComerciales/MotoresComerciales/Content/Stylized_PBR_Nature/Foliage/Textures/T_Common_Tree_02_N.uasset" 3321
"C:/Users/bruwu/OneDrive/Documentos/GitHub/MotoresComerciales/MotoresComerciales/Content/Stylized_PBR_Nature/Foliage/Textures/T_Common_Tree_02_N.uexp" 3322
"C:/Users/bruwu/OneDrive/Documentos/GitHub/MotoresComerciales/MotoresComerciales/Content/Stylized_PBR_Nature/Foliage/Textures/T_Common_Tree_02_ORM.ubulk" 3323
"C:/Users/bruwu/OneDrive/Documentos/GitHub/MotoresComerciales/MotoresComerciales/Content/Stylized_PBR_Nature/Foliage/Textures/T_Common_Tree_02_ORM.uasset" 3324
"C:/Users/bruwu/OneDrive/Documentos/GitHub/MotoresComerciales/MotoresComerciales/Content/Stylized_PBR_Nature/Foliage/Textures/T_Common_Tree_02_ORM.uexp" 3325
"C:/Users/bruwu/OneDrive/Documentos/GitHub/MotoresComerciales/MotoresComerciales/Content/Stylized_PBR_Nature/Foliage/Materials/MI_Common_Tree_02.uasset" 3326
"C:/Users/bruwu/OneDrive/Documentos/GitHub/MotoresComerciales/MotoresComerciales/Content/Stylized_PBR_Nature/Foliage/Materials/MI_Common_Tree_02.uexp" 3327
"C:/Users/bruwu/OneDrive/Documentos/GitHub/MotoresComerciales/MotoresComerciales/Content/Stylized_PBR_Nature/Rocks/Assets/SM_R_Rock_04.ubulk" 3328
"C:/Users/bruwu/OneDrive/Documentos/GitHub/MotoresComerciales/MotoresComerciales/Content/Stylized_PBR_Nature/Rocks/Assets/SM_R_Rock_04.uasset" 3329
"C:/Users/bruwu/OneDrive/Documentos/GitHub/MotoresComerciales/MotoresComerciales/Content/Stylized_PBR_Nature/Rocks/Assets/SM_R_Rock_04.uexp" 3330
"C:/Users/bruwu/OneDrive/Documentos/GitHub/MotoresComerciales/MotoresComerciales/Content/Stylized_PBR_Nature/Rocks/Assets/SM_S_Rock_11.ubulk" 3331
"C:/Users/bruwu/OneDrive/Documentos/GitHub/MotoresComerciales/MotoresComerciales/Content/Stylized_PBR_Nature/Rocks/Assets/SM_S_Rock_11.uasset" 3332
"C:/Users/bruwu/OneDrive/Documentos/GitHub/MotoresComerciales/MotoresComerciales/Content/Stylized_PBR_Nature/Rocks/Assets/SM_S_Rock_11.uexp" 3333
"C:/Users/bruwu/OneDrive/Documentos/GitHub/MotoresComerciales/MotoresComerciales/Content/Stylized_PBR_Nature/Rocks/Assets/SM_S_Rock_09.ubulk" 3334
"C:/Users/bruwu/OneDrive/Documentos/GitHub/MotoresComerciales/MotoresComerciales/Content/Stylized_PBR_Nature/Rocks/Assets/SM_S_Rock_09.uasset" 3335
"C:/Users/bruwu/OneDrive/Documentos/GitHub/MotoresComerciales/MotoresComerciales/Content/Stylized_PBR_Nature/Rocks/Assets/SM_S_Rock_09.uexp" 3336
"C:/Users/bruwu/OneDrive/Documentos/GitHub/MotoresComerciales/MotoresComerciales/Content/Stylized_PBR_Nature/Foliage/Assets/SM_Common_Tree_02.ubulk" 3337
"C:/Users/bruwu/OneDrive/Documentos/GitHub/MotoresComerciales/MotoresComerciales/Content/Stylized_PBR_Nature/Foliage/Assets/SM_Common_Tree_02.uasset" 3338
"C:/Users/bruwu/OneDrive/Documentos/GitHub/MotoresComerciales/MotoresComerciales/Content/Stylized_PBR_Nature/Foliage/Assets/SM_Common_Tree_02.uexp" 3339
"C:/Users/bruwu/OneDrive/Documentos/GitHub/MotoresComerciales/MotoresComerciales/Content/Stylized_PBR_Nature/Rocks/Assets/SM_R_Rock_01.ubulk" 3340
"C:/Users/bruwu/OneDrive/Documentos/GitHub/MotoresComerciales/MotoresComerciales/Content/Stylized_PBR_Nature/Rocks/Assets/SM_R_Rock_01.uasset" 3341
"C:/Users/bruwu/OneDrive/Documentos/GitHub/MotoresComerciales/MotoresComerciales/Content/Stylized_PBR_Nature/Rocks/Assets/SM_R_Rock_01.uexp" 3342
"C:/Users/bruwu/OneDrive/Documentos/GitHub/MotoresComerciales/MotoresComerciales/Content/Stylized_PBR_Nature/Rocks/Assets/SM_S_Rock_03.ubulk" 3343
"C:/Users/bruwu/OneDrive/Documentos/GitHub/MotoresComerciales/MotoresComerciales/Content/Stylized_PBR_Nature/Rocks/Assets/SM_S_Rock_03.uasset" 3344
"C:/Users/bruwu/OneDrive/Documentos/GitHub/MotoresComerciales/MotoresComerciales/Content/Stylized_PBR_Nature/Rocks/Assets/SM_S_Rock_03.uexp" 3345
"C:/Users/bruwu/OneDrive/Documentos/GitHub/MotoresComerciales/MotoresComerciales/Content/Stylized_PBR_Nature/Rocks/Assets/SM_S_Rock_06.ubulk" 3346
"C:/Users/bruwu/OneDrive/Documentos/GitHub/MotoresComerciales/MotoresComerciales/Content/Stylized_PBR_Nature/Rocks/Assets/SM_S_Rock_06.uasset" 3347
"C:/Users/bruwu/OneDrive/Documentos/GitHub/MotoresComerciales/MotoresComerciales/Content/Stylized_PBR_Nature/Rocks/Assets/SM_S_Rock_06.uexp" 3348
"C:/Users/bruwu/OneDrive/Documentos/GitHub/MotoresComerciales/MotoresComerciales/Content/Stylized_PBR_Nature/Rocks/Assets/SM_S_Rock_01.ubulk" 3349
"C:/Users/bruwu/OneDrive/Documentos/GitHub/MotoresComerciales/MotoresComerciales/Content/Stylized_PBR_Nature/Rocks/Assets/SM_S_Rock_01.uasset" 3350
"C:/Users/bruwu/OneDrive/Documentos/GitHub/MotoresComerciales/MotoresComerciales/Content/Stylized_PBR_Nature/Rocks/Assets/SM_S_Rock_01.uexp" 3351
"C:/Users/bruwu/OneDrive/Documentos/GitHub/MotoresComerciales/MotoresComerciales/Content/Stylized_PBR_Nature/Maps/Asset_Scene.uexp" 3352
"C:/Users/bruwu/OneDrive/Documentos/GitHub/MotoresComerciales/MotoresComerciales/Content/Stylized_PBR_Nature/Maps/Asset_Scene.ubulk" 3353
"C:/Users/bruwu/OneDrive/Documentos/GitHub/MotoresComerciales/MotoresComerciales/Content/Stylized_PBR_Nature/Maps/Asset_Scene.umap" 3354
"C:/Users/bruwu/OneDrive/Documentos/GitHub/MotoresComerciales/MotoresComerciales/Content/Fantastic_Village_Pack/meshes/buildings/SM_BLD_beam_small_v06_01.ubulk" 3355
"C:/Users/bruwu/OneDrive/Documentos/GitHub/MotoresComerciales/MotoresComerciales/Content/Fantastic_Village_Pack/meshes/buildings/SM_BLD_beam_small_v06_01.uasset" 3356
"C:/Users/bruwu/OneDrive/Documentos/GitHub/MotoresComerciales/MotoresComerciales/Content/Fantastic_Village_Pack/meshes/buildings/SM_BLD_beam_small_v06_01.uexp" 3357
"C:/Users/bruwu/OneDrive/Documentos/GitHub/MotoresComerciales/MotoresComerciales/Content/Fantastic_Village_Pack/meshes/props/construction/SM_PROP_fence_v04_02.ubulk" 3358
"C:/Users/bruwu/OneDrive/Documentos/GitHub/MotoresComerciales/MotoresComerciales/Content/Fantastic_Village_Pack/meshes/props/construction/SM_PROP_fence_v04_02.uasset" 3359
"C:/Users/bruwu/OneDrive/Documentos/GitHub/MotoresComerciales/MotoresComerciales/Content/Fantastic_Village_Pack/meshes/props/construction/SM_PROP_fence_v04_02.uexp" 3360
"C:/Users/bruwu/OneDrive/Documentos/GitHub/MotoresComerciales/MotoresComerciales/Content/Fantastic_Village_Pack/meshes/props/deco/SM_PROP_pitchfork.ubulk" 3361
"C:/Users/bruwu/OneDrive/Documentos/GitHub/MotoresComerciales/MotoresComerciales/Content/Fantastic_Village_Pack/meshes/props/deco/SM_PROP_pitchfork.uasset" 3362
"C:/Users/bruwu/OneDrive/Documentos/GitHub/MotoresComerciales/MotoresComerciales/Content/Fantastic_Village_Pack/meshes/props/deco/SM_PROP_pitchfork.uexp" 3363
"C:/Users/bruwu/OneDrive/Documentos/GitHub/MotoresComerciales/MotoresComerciales/Content/Fantastic_Village_Pack/meshes/props/food/SM_PROP_food_cauliflower.ubulk" 3364
"C:/Users/bruwu/OneDrive/Documentos/GitHub/MotoresComerciales/MotoresComerciales/Content/Fantastic_Village_Pack/meshes/props/food/SM_PROP_food_cauliflower.uasset" 3365
"C:/Users/bruwu/OneDrive/Documentos/GitHub/MotoresComerciales/MotoresComerciales/Content/Fantastic_Village_Pack/meshes/props/food/SM_PROP_food_cauliflower.uexp" 3366
"C:/Users/bruwu/OneDrive/Documentos/GitHub/MotoresComerciales/MotoresComerciales/Content/Fantastic_Village_Pack/textures/T_wall_02_BC.ubulk" 3367
"C:/Users/bruwu/OneDrive/Documentos/GitHub/MotoresComerciales/MotoresComerciales/Content/Fantastic_Village_Pack/textures/T_wall_02_BC.uasset" 3368
"C:/Users/bruwu/OneDrive/Documentos/GitHub/MotoresComerciales/MotoresComerciales/Content/Fantastic_Village_Pack/textures/T_wall_02_BC.uexp" 3369
"C:/Users/bruwu/OneDrive/Documentos/GitHub/MotoresComerciales/MotoresComerciales/Content/Fantastic_Village_Pack/textures/T_wall_02_N.ubulk" 3370
"C:/Users/bruwu/OneDrive/Documentos/GitHub/MotoresComerciales/MotoresComerciales/Content/Fantastic_Village_Pack/textures/T_wall_02_N.uasset" 3371
"C:/Users/bruwu/OneDrive/Documentos/GitHub/MotoresComerciales/MotoresComerciales/Content/Fantastic_Village_Pack/textures/T_wall_02_N.uexp" 3372
"C:/Users/bruwu/OneDrive/Documentos/GitHub/MotoresComerciales/MotoresComerciales/Content/Fantastic_Village_Pack/materials/MI_wall_02.uasset" 3373
"C:/Users/bruwu/OneDrive/Documentos/GitHub/MotoresComerciales/MotoresComerciales/Content/Fantastic_Village_Pack/materials/MI_wall_02.uexp" 3374
"C:/Users/bruwu/OneDrive/Documentos/GitHub/MotoresComerciales/MotoresComerciales/Content/Fantastic_Village_Pack/textures/T_rooftiles_01_BC.ubulk" 3375
"C:/Users/bruwu/OneDrive/Documentos/GitHub/MotoresComerciales/MotoresComerciales/Content/Fantastic_Village_Pack/textures/T_rooftiles_01_BC.uasset" 3376
"C:/Users/bruwu/OneDrive/Documentos/GitHub/MotoresComerciales/MotoresComerciales/Content/Fantastic_Village_Pack/textures/T_rooftiles_01_BC.uexp" 3377
"C:/Users/bruwu/OneDrive/Documentos/GitHub/MotoresComerciales/MotoresComerciales/Content/Fantastic_Village_Pack/textures/T_rooftiles_01_N.ubulk" 3378
"C:/Users/bruwu/OneDrive/Documentos/GitHub/MotoresComerciales/MotoresComerciales/Content/Fantastic_Village_Pack/textures/T_rooftiles_01_N.uasset" 3379
"C:/Users/bruwu/OneDrive/Documentos/GitHub/MotoresComerciales/MotoresComerciales/Content/Fantastic_Village_Pack/textures/T_rooftiles_01_N.uexp" 3380
"C:/Users/bruwu/OneDrive/Documentos/GitHub/MotoresComerciales/MotoresComerciales/Content/Fantastic_Village_Pack/materials/MI_rooftiles_01.uasset" 3381
"C:/Users/bruwu/OneDrive/Documentos/GitHub/MotoresComerciales/MotoresComerciales/Content/Fantastic_Village_Pack/materials/MI_rooftiles_01.uexp" 3382
"C:/Users/bruwu/OneDrive/Documentos/GitHub/MotoresComerciales/MotoresComerciales/Content/Fantastic_Village_Pack/meshes/buildings/SM_BLD_body_v04_01.ubulk" 3383
"C:/Users/bruwu/OneDrive/Documentos/GitHub/MotoresComerciales/MotoresComerciales/Content/Fantastic_Village_Pack/meshes/buildings/SM_BLD_body_v04_01.uasset" 3384
"C:/Users/bruwu/OneDrive/Documentos/GitHub/MotoresComerciales/MotoresComerciales/Content/Fantastic_Village_Pack/meshes/buildings/SM_BLD_body_v04_01.uexp" 3385
"C:/Users/bruwu/OneDrive/Documentos/GitHub/MotoresComerciales/MotoresComerciales/Content/Fantastic_Village_Pack/meshes/props/food/SM_PROP_food_carrot_02.ubulk" 3386
"C:/Users/bruwu/OneDrive/Documentos/GitHub/MotoresComerciales/MotoresComerciales/Content/Fantastic_Village_Pack/meshes/props/food/SM_PROP_food_carrot_02.uasset" 3387
"C:/Users/bruwu/OneDrive/Documentos/GitHub/MotoresComerciales/MotoresComerciales/Content/Fantastic_Village_Pack/meshes/props/food/SM_PROP_food_carrot_02.uexp" 3388
"C:/Users/bruwu/OneDrive/Documentos/GitHub/MotoresComerciales/MotoresComerciales/Content/Fantastic_Village_Pack/meshes/props/construction/SM_PROP_bridge_wood_02.ubulk" 3389
"C:/Users/bruwu/OneDrive/Documentos/GitHub/MotoresComerciales/MotoresComerciales/Content/Fantastic_Village_Pack/meshes/props/construction/SM_PROP_bridge_wood_02.uasset" 3390
"C:/Users/bruwu/OneDrive/Documentos/GitHub/MotoresComerciales/MotoresComerciales/Content/Fantastic_Village_Pack/meshes/props/construction/SM_PROP_bridge_wood_02.uexp" 3391
"C:/Users/bruwu/OneDrive/Documentos/GitHub/MotoresComerciales/MotoresComerciales/Content/Fantastic_Village_Pack/meshes/buildings/SM_BLD_chimney_v02_01.ubulk" 3392
"C:/Users/bruwu/OneDrive/Documentos/GitHub/MotoresComerciales/MotoresComerciales/Content/Fantastic_Village_Pack/meshes/buildings/SM_BLD_chimney_v02_01.uasset" 3393
"C:/Users/bruwu/OneDrive/Documentos/GitHub/MotoresComerciales/MotoresComerciales/Content/Fantastic_Village_Pack/meshes/buildings/SM_BLD_chimney_v02_01.uexp" 3394
"C:/Users/bruwu/OneDrive/Documentos/GitHub/MotoresComerciales/MotoresComerciales/Content/Fantastic_Village_Pack/meshes/buildings/SM_BLD_window_v06_02.ubulk" 3395
"C:/Users/bruwu/OneDrive/Documentos/GitHub/MotoresComerciales/MotoresComerciales/Content/Fantastic_Village_Pack/meshes/buildings/SM_BLD_window_v06_02.uasset" 3396
"C:/Users/bruwu/OneDrive/Documentos/GitHub/MotoresComerciales/MotoresComerciales/Content/Fantastic_Village_Pack/meshes/buildings/SM_BLD_window_v06_02.uexp" 3397
"C:/Users/bruwu/OneDrive/Documentos/GitHub/MotoresComerciales/MotoresComerciales/Content/Fantastic_Village_Pack/meshes/props/food/SM_PROP_sack_09.ubulk" 3398
"C:/Users/bruwu/OneDrive/Documentos/GitHub/MotoresComerciales/MotoresComerciales/Content/Fantastic_Village_Pack/meshes/props/food/SM_PROP_sack_09.uasset" 3399
"C:/Users/bruwu/OneDrive/Documentos/GitHub/MotoresComerciales/MotoresComerciales/Content/Fantastic_Village_Pack/meshes/props/food/SM_PROP_sack_09.uexp" 3400
"C:/Users/bruwu/OneDrive/Documentos/GitHub/MotoresComerciales/MotoresComerciales/Content/Fantastic_Village_Pack/meshes/props/construction/SM_PROP_wall_wood_stairs_01.ubulk" 3401
"C:/Users/bruwu/OneDrive/Documentos/GitHub/MotoresComerciales/MotoresComerciales/Content/Fantastic_Village_Pack/meshes/props/construction/SM_PROP_wall_wood_stairs_01.uasset" 3402
"C:/Users/bruwu/OneDrive/Documentos/GitHub/MotoresComerciales/MotoresComerciales/Content/Fantastic_Village_Pack/meshes/props/construction/SM_PROP_wall_wood_stairs_01.uexp" 3403
"C:/Users/bruwu/OneDrive/Documentos/GitHub/MotoresComerciales/MotoresComerciales/Content/Fantastic_Village_Pack/meshes/props/food/SM_PROP_food_bread_07.ubulk" 3404
"C:/Users/bruwu/OneDrive/Documentos/GitHub/MotoresComerciales/MotoresComerciales/Content/Fantastic_Village_Pack/meshes/props/food/SM_PROP_food_bread_07.uasset" 3405
"C:/Users/bruwu/OneDrive/Documentos/GitHub/MotoresComerciales/MotoresComerciales/Content/Fantastic_Village_Pack/meshes/props/food/SM_PROP_food_bread_07.uexp" 3406
"C:/Users/bruwu/OneDrive/Documentos/GitHub/MotoresComerciales/MotoresComerciales/Content/Fantastic_Village_Pack/meshes/props/food/SM_PROP_food_meat_05.ubulk" 3407
"C:/Users/bruwu/OneDrive/Documentos/GitHub/MotoresComerciales/MotoresComerciales/Content/Fantastic_Village_Pack/meshes/props/food/SM_PROP_food_meat_05.uasset" 3408
"C:/Users/bruwu/OneDrive/Documentos/GitHub/MotoresComerciales/MotoresComerciales/Content/Fantastic_Village_Pack/meshes/props/food/SM_PROP_food_meat_05.uexp" 3409
"C:/Users/bruwu/OneDrive/Documentos/GitHub/MotoresComerciales/MotoresComerciales/Content/Fantastic_Village_Pack/meshes/buildings/SM_BLD_beam_small_v07_01.ubulk" 3410
"C:/Users/bruwu/OneDrive/Documentos/GitHub/MotoresComerciales/MotoresComerciales/Content/Fantastic_Village_Pack/meshes/buildings/SM_BLD_beam_small_v07_01.uasset" 3411
"C:/Users/bruwu/OneDrive/Documentos/GitHub/MotoresComerciales/MotoresComerciales/Content/Fantastic_Village_Pack/meshes/buildings/SM_BLD_beam_small_v07_01.uexp" 3412
"C:/Users/bruwu/OneDrive/Documentos/GitHub/MotoresComerciales/MotoresComerciales/Content/Fantastic_Village_Pack/meshes/buildings/SM_BLD_stairs_v02_01.ubulk" 3413
"C:/Users/bruwu/OneDrive/Documentos/GitHub/MotoresComerciales/MotoresComerciales/Content/Fantastic_Village_Pack/meshes/buildings/SM_BLD_stairs_v02_01.uasset" 3414
"C:/Users/bruwu/OneDrive/Documentos/GitHub/MotoresComerciales/MotoresComerciales/Content/Fantastic_Village_Pack/meshes/buildings/SM_BLD_stairs_v02_01.uexp" 3415
"C:/Users/bruwu/OneDrive/Documentos/GitHub/MotoresComerciales/MotoresComerciales/Content/Fantastic_Village_Pack/meshes/props/food/SM_PROP_food_egg_02.ubulk" 3416
"C:/Users/bruwu/OneDrive/Documentos/GitHub/MotoresComerciales/MotoresComerciales/Content/Fantastic_Village_Pack/meshes/props/food/SM_PROP_food_egg_02.uasset" 3417
"C:/Users/bruwu/OneDrive/Documentos/GitHub/MotoresComerciales/MotoresComerciales/Content/Fantastic_Village_Pack/meshes/props/food/SM_PROP_food_egg_02.uexp" 3418
"C:/Users/bruwu/OneDrive/Documentos/GitHub/MotoresComerciales/MotoresComerciales/Content/Fantastic_Village_Pack/meshes/props/construction/SM_PROP_railing_v03_02.ubulk" 3419
"C:/Users/bruwu/OneDrive/Documentos/GitHub/MotoresComerciales/MotoresComerciales/Content/Fantastic_Village_Pack/meshes/props/construction/SM_PROP_railing_v03_02.uasset" 3420
"C:/Users/bruwu/OneDrive/Documentos/GitHub/MotoresComerciales/MotoresComerciales/Content/Fantastic_Village_Pack/meshes/props/construction/SM_PROP_railing_v03_02.uexp" 3421
"C:/Users/bruwu/OneDrive/Documentos/GitHub/MotoresComerciales/MotoresComerciales/Content/Fantastic_Village_Pack/materials/MI_CLR_black.uasset" 3422
"C:/Users/bruwu/OneDrive/Documentos/GitHub/MotoresComerciales/MotoresComerciales/Content/Fantastic_Village_Pack/materials/MI_CLR_black.uexp" 3423
"C:/Users/bruwu/OneDrive/Documentos/GitHub/MotoresComerciales/MotoresComerciales/Content/Fantastic_Village_Pack/meshes/buildings/SM_BLD_window_v09_02.ubulk" 3424
"C:/Users/bruwu/OneDrive/Documentos/GitHub/MotoresComerciales/MotoresComerciales/Content/Fantastic_Village_Pack/meshes/buildings/SM_BLD_window_v09_02.uasset" 3425
"C:/Users/bruwu/OneDrive/Documentos/GitHub/MotoresComerciales/MotoresComerciales/Content/Fantastic_Village_Pack/meshes/buildings/SM_BLD_window_v09_02.uexp" 3426
"C:/Users/bruwu/OneDrive/Documentos/GitHub/MotoresComerciales/MotoresComerciales/Content/Fantastic_Village_Pack/textures/T_wood_03_N.ubulk" 3427
"C:/Users/bruwu/OneDrive/Documentos/GitHub/MotoresComerciales/MotoresComerciales/Content/Fantastic_Village_Pack/textures/T_wood_03_N.uasset" 3428
"C:/Users/bruwu/OneDrive/Documentos/GitHub/MotoresComerciales/MotoresComerciales/Content/Fantastic_Village_Pack/textures/T_wood_03_N.uexp" 3429
"C:/Users/bruwu/OneDrive/Documentos/GitHub/MotoresComerciales/MotoresComerciales/Content/Fantastic_Village_Pack/materials/MI_wood_03.uasset" 3430
"C:/Users/bruwu/OneDrive/Documentos/GitHub/MotoresComerciales/MotoresComerciales/Content/Fantastic_Village_Pack/materials/MI_wood_03.uexp" 3431
"C:/Users/bruwu/OneDrive/Documentos/GitHub/MotoresComerciales/MotoresComerciales/Content/Fantastic_Village_Pack/meshes/props/food/SM_PROP_bowl_wood_04.ubulk" 3432
"C:/Users/bruwu/OneDrive/Documentos/GitHub/MotoresComerciales/MotoresComerciales/Content/Fantastic_Village_Pack/meshes/props/food/SM_PROP_bowl_wood_04.uasset" 3433
"C:/Users/bruwu/OneDrive/Documentos/GitHub/MotoresComerciales/MotoresComerciales/Content/Fantastic_Village_Pack/meshes/props/food/SM_PROP_bowl_wood_04.uexp" 3434
"C:/Users/bruwu/OneDrive/Documentos/GitHub/MotoresComerciales/MotoresComerciales/Content/Fantastic_Village_Pack/meshes/buildings/SM_BLD_base_v01_01.ubulk" 3435
"C:/Users/bruwu/OneDrive/Documentos/GitHub/MotoresComerciales/MotoresComerciales/Content/Fantastic_Village_Pack/meshes/buildings/SM_BLD_base_v01_01.uasset" 3436
"C:/Users/bruwu/OneDrive/Documentos/GitHub/MotoresComerciales/MotoresComerciales/Content/Fantastic_Village_Pack/meshes/buildings/SM_BLD_base_v01_01.uexp" 3437
"C:/Users/bruwu/OneDrive/Documentos/GitHub/MotoresComerciales/MotoresComerciales/Content/Fantastic_Village_Pack/meshes/props/deco/SM_PROP_clothesline_03.ubulk" 3438
"C:/Users/bruwu/OneDrive/Documentos/GitHub/MotoresComerciales/MotoresComerciales/Content/Fantastic_Village_Pack/meshes/props/deco/SM_PROP_clothesline_03.uasset" 3439
"C:/Users/bruwu/OneDrive/Documentos/GitHub/MotoresComerciales/MotoresComerciales/Content/Fantastic_Village_Pack/meshes/props/deco/SM_PROP_clothesline_03.uexp" 3440
"C:/Users/bruwu/OneDrive/Documentos/GitHub/MotoresComerciales/MotoresComerciales/Content/Fantastic_Village_Pack/meshes/buildings/SM_BLD_chimney_v01_02.ubulk" 3441
"C:/Users/bruwu/OneDrive/Documentos/GitHub/MotoresComerciales/MotoresComerciales/Content/Fantastic_Village_Pack/meshes/buildings/SM_BLD_chimney_v01_02.uasset" 3442
"C:/Users/bruwu/OneDrive/Documentos/GitHub/MotoresComerciales/MotoresComerciales/Content/Fantastic_Village_Pack/meshes/buildings/SM_BLD_chimney_v01_02.uexp" 3443
"C:/Users/bruwu/OneDrive/Documentos/GitHub/MotoresComerciales/MotoresComerciales/Content/Fantastic_Village_Pack/meshes/props/food/SM_PROP_food_egg_01.ubulk" 3444
"C:/Users/bruwu/OneDrive/Documentos/GitHub/MotoresComerciales/MotoresComerciales/Content/Fantastic_Village_Pack/meshes/props/food/SM_PROP_food_egg_01.uasset" 3445
"C:/Users/bruwu/OneDrive/Documentos/GitHub/MotoresComerciales/MotoresComerciales/Content/Fantastic_Village_Pack/meshes/props/food/SM_PROP_food_egg_01.uexp" 3446
"C:/Users/bruwu/OneDrive/Documentos/GitHub/MotoresComerciales/MotoresComerciales/Content/Fantastic_Village_Pack/meshes/props/food/SM_PROP_food_carrot_01.ubulk" 3447
"C:/Users/bruwu/OneDrive/Documentos/GitHub/MotoresComerciales/MotoresComerciales/Content/Fantastic_Village_Pack/meshes/props/food/SM_PROP_food_carrot_01.uasset" 3448
"C:/Users/bruwu/OneDrive/Documentos/GitHub/MotoresComerciales/MotoresComerciales/Content/Fantastic_Village_Pack/meshes/props/food/SM_PROP_food_carrot_01.uexp" 3449
"C:/Users/bruwu/OneDrive/Documentos/GitHub/MotoresComerciales/MotoresComerciales/Content/Fantastic_Village_Pack/meshes/props/food/SM_PROP_bottle_07.ubulk" 3450
"C:/Users/bruwu/OneDrive/Documentos/GitHub/MotoresComerciales/MotoresComerciales/Content/Fantastic_Village_Pack/meshes/props/food/SM_PROP_bottle_07.uasset" 3451
"C:/Users/bruwu/OneDrive/Documentos/GitHub/MotoresComerciales/MotoresComerciales/Content/Fantastic_Village_Pack/meshes/props/food/SM_PROP_bottle_07.uexp" 3452
"C:/Users/bruwu/OneDrive/Documentos/GitHub/MotoresComerciales/MotoresComerciales/Content/Fantastic_Village_Pack/meshes/props/food/SM_PROP_bottle_05.ubulk" 3453
"C:/Users/bruwu/OneDrive/Documentos/GitHub/MotoresComerciales/MotoresComerciales/Content/Fantastic_Village_Pack/meshes/props/food/SM_PROP_bottle_05.uasset" 3454
"C:/Users/bruwu/OneDrive/Documentos/GitHub/MotoresComerciales/MotoresComerciales/Content/Fantastic_Village_Pack/meshes/props/food/SM_PROP_bottle_05.uexp" 3455
"C:/Users/bruwu/OneDrive/Documentos/GitHub/MotoresComerciales/MotoresComerciales/Content/Fantastic_Village_Pack/meshes/props/food/SM_PROP_food_broccoli.ubulk" 3456
"C:/Users/bruwu/OneDrive/Documentos/GitHub/MotoresComerciales/MotoresComerciales/Content/Fantastic_Village_Pack/meshes/props/food/SM_PROP_food_broccoli.uasset" 3457
"C:/Users/bruwu/OneDrive/Documentos/GitHub/MotoresComerciales/MotoresComerciales/Content/Fantastic_Village_Pack/meshes/props/food/SM_PROP_food_broccoli.uexp" 3458
"C:/Users/bruwu/OneDrive/Documentos/GitHub/MotoresComerciales/MotoresComerciales/Content/Fantastic_Village_Pack/meshes/buildings/SM_BLD_window_v08_03.ubulk" 3459
"C:/Users/bruwu/OneDrive/Documentos/GitHub/MotoresComerciales/MotoresComerciales/Content/Fantastic_Village_Pack/meshes/buildings/SM_BLD_window_v08_03.uasset" 3460
"C:/Users/bruwu/OneDrive/Documentos/GitHub/MotoresComerciales/MotoresComerciales/Content/Fantastic_Village_Pack/meshes/buildings/SM_BLD_window_v08_03.uexp" 3461
"C:/Users/bruwu/OneDrive/Documentos/GitHub/MotoresComerciales/MotoresComerciales/Content/Fantastic_Village_Pack/meshes/props/food/SM_PROP_bottle_04.ubulk" 3462
"C:/Users/bruwu/OneDrive/Documentos/GitHub/MotoresComerciales/MotoresComerciales/Content/Fantastic_Village_Pack/meshes/props/food/SM_PROP_bottle_04.uasset" 3463
"C:/Users/bruwu/OneDrive/Documentos/GitHub/MotoresComerciales/MotoresComerciales/Content/Fantastic_Village_Pack/meshes/props/food/SM_PROP_bottle_04.uexp" 3464
"C:/Users/bruwu/OneDrive/Documentos/GitHub/MotoresComerciales/MotoresComerciales/Content/Fantastic_Village_Pack/meshes/props/container/SM_PROP_barrel_05.ubulk" 3465
"C:/Users/bruwu/OneDrive/Documentos/GitHub/MotoresComerciales/MotoresComerciales/Content/Fantastic_Village_Pack/meshes/props/container/SM_PROP_barrel_05.uasset" 3466
"C:/Users/bruwu/OneDrive/Documentos/GitHub/MotoresComerciales/MotoresComerciales/Content/Fantastic_Village_Pack/meshes/props/container/SM_PROP_barrel_05.uexp" 3467
"C:/Users/bruwu/OneDrive/Documentos/GitHub/MotoresComerciales/MotoresComerciales/Content/Fantastic_Village_Pack/meshes/props/food/SM_PROP_food_cheese_06.ubulk" 3468
"C:/Users/bruwu/OneDrive/Documentos/GitHub/MotoresComerciales/MotoresComerciales/Content/Fantastic_Village_Pack/meshes/props/food/SM_PROP_food_cheese_06.uasset" 3469
"C:/Users/bruwu/OneDrive/Documentos/GitHub/MotoresComerciales/MotoresComerciales/Content/Fantastic_Village_Pack/meshes/props/food/SM_PROP_food_cheese_06.uexp" 3470
"C:/Users/bruwu/OneDrive/Documentos/GitHub/MotoresComerciales/MotoresComerciales/Content/Fantastic_Village_Pack/meshes/buildings/SM_BLD_beam_big_v01_01.ubulk" 3471
"C:/Users/bruwu/OneDrive/Documentos/GitHub/MotoresComerciales/MotoresComerciales/Content/Fantastic_Village_Pack/meshes/buildings/SM_BLD_beam_big_v01_01.uasset" 3472
"C:/Users/bruwu/OneDrive/Documentos/GitHub/MotoresComerciales/MotoresComerciales/Content/Fantastic_Village_Pack/meshes/buildings/SM_BLD_beam_big_v01_01.uexp" 3473
"C:/Users/bruwu/OneDrive/Documentos/GitHub/MotoresComerciales/MotoresComerciales/Content/Fantastic_Village_Pack/meshes/buildings/SM_BLD_chimney_v01_01.ubulk" 3474
"C:/Users/bruwu/OneDrive/Documentos/GitHub/MotoresComerciales/MotoresComerciales/Content/Fantastic_Village_Pack/meshes/buildings/SM_BLD_chimney_v01_01.uasset" 3475
"C:/Users/bruwu/OneDrive/Documentos/GitHub/MotoresComerciales/MotoresComerciales/Content/Fantastic_Village_Pack/meshes/buildings/SM_BLD_chimney_v01_01.uexp" 3476
"C:/Users/bruwu/OneDrive/Documentos/GitHub/MotoresComerciales/MotoresComerciales/Content/Fantastic_Village_Pack/meshes/props/natural/SM_PROP_stone_02.ubulk" 3477
"C:/Users/bruwu/OneDrive/Documentos/GitHub/MotoresComerciales/MotoresComerciales/Content/Fantastic_Village_Pack/meshes/props/natural/SM_PROP_stone_02.uasset" 3478
"C:/Users/bruwu/OneDrive/Documentos/GitHub/MotoresComerciales/MotoresComerciales/Content/Fantastic_Village_Pack/meshes/props/natural/SM_PROP_stone_02.uexp" 3479
"C:/Users/bruwu/OneDrive/Documentos/GitHub/MotoresComerciales/MotoresComerciales/Content/Fantastic_Village_Pack/meshes/props/furniture/SM_PROP_market_shelf_02.ubulk" 3480
"C:/Users/bruwu/OneDrive/Documentos/GitHub/MotoresComerciales/MotoresComerciales/Content/Fantastic_Village_Pack/meshes/props/furniture/SM_PROP_market_shelf_02.uasset" 3481
"C:/Users/bruwu/OneDrive/Documentos/GitHub/MotoresComerciales/MotoresComerciales/Content/Fantastic_Village_Pack/meshes/props/furniture/SM_PROP_market_shelf_02.uexp" 3482
"C:/Users/bruwu/OneDrive/Documentos/GitHub/MotoresComerciales/MotoresComerciales/Content/Fantastic_Village_Pack/meshes/buildings/SM_BLD_base_v04_01.ubulk" 3483
"C:/Users/bruwu/OneDrive/Documentos/GitHub/MotoresComerciales/MotoresComerciales/Content/Fantastic_Village_Pack/meshes/buildings/SM_BLD_base_v04_01.uasset" 3484
"C:/Users/bruwu/OneDrive/Documentos/GitHub/MotoresComerciales/MotoresComerciales/Content/Fantastic_Village_Pack/meshes/buildings/SM_BLD_base_v04_01.uexp" 3485
"C:/Users/bruwu/OneDrive/Documentos/GitHub/MotoresComerciales/MotoresComerciales/Content/Fantastic_Village_Pack/meshes/props/deco/SM_PROP_pan.ubulk" 3486
"C:/Users/bruwu/OneDrive/Documentos/GitHub/MotoresComerciales/MotoresComerciales/Content/Fantastic_Village_Pack/meshes/props/deco/SM_PROP_pan.uasset" 3487
"C:/Users/bruwu/OneDrive/Documentos/GitHub/MotoresComerciales/MotoresComerciales/Content/Fantastic_Village_Pack/meshes/props/deco/SM_PROP_pan.uexp" 3488
"C:/Users/bruwu/OneDrive/Documentos/GitHub/MotoresComerciales/MotoresComerciales/Content/Fantastic_Village_Pack/meshes/props/light/SM_PROP_streetlamp_v01_02.ubulk" 3489
"C:/Users/bruwu/OneDrive/Documentos/GitHub/MotoresComerciales/MotoresComerciales/Content/Fantastic_Village_Pack/meshes/props/light/SM_PROP_streetlamp_v01_02.uasset" 3490
"C:/Users/bruwu/OneDrive/Documentos/GitHub/MotoresComerciales/MotoresComerciales/Content/Fantastic_Village_Pack/meshes/props/light/SM_PROP_streetlamp_v01_02.uexp" 3491
"C:/Users/bruwu/OneDrive/Documentos/GitHub/MotoresComerciales/MotoresComerciales/Content/Fantastic_Village_Pack/meshes/props/natural/SM_PROP_stone_04.ubulk" 3492
"C:/Users/bruwu/OneDrive/Documentos/GitHub/MotoresComerciales/MotoresComerciales/Content/Fantastic_Village_Pack/meshes/props/natural/SM_PROP_stone_04.uasset" 3493
"C:/Users/bruwu/OneDrive/Documentos/GitHub/MotoresComerciales/MotoresComerciales/Content/Fantastic_Village_Pack/meshes/props/natural/SM_PROP_stone_04.uexp" 3494
"C:/Users/bruwu/OneDrive/Documentos/GitHub/MotoresComerciales/MotoresComerciales/Content/Fantastic_Village_Pack/meshes/props/construction/SM_PROP_bridge_wood_04.ubulk" 3495
"C:/Users/bruwu/OneDrive/Documentos/GitHub/MotoresComerciales/MotoresComerciales/Content/Fantastic_Village_Pack/meshes/props/construction/SM_PROP_bridge_wood_04.uasset" 3496
"C:/Users/bruwu/OneDrive/Documentos/GitHub/MotoresComerciales/MotoresComerciales/Content/Fantastic_Village_Pack/meshes/props/construction/SM_PROP_bridge_wood_04.uexp" 3497
"C:/Users/bruwu/OneDrive/Documentos/GitHub/MotoresComerciales/MotoresComerciales/Content/Fantastic_Village_Pack/meshes/props/construction/SM_PROP_fence_v01_02.ubulk" 3498
"C:/Users/bruwu/OneDrive/Documentos/GitHub/MotoresComerciales/MotoresComerciales/Content/Fantastic_Village_Pack/meshes/props/construction/SM_PROP_fence_v01_02.uasset" 3499
"C:/Users/bruwu/OneDrive/Documentos/GitHub/MotoresComerciales/MotoresComerciales/Content/Fantastic_Village_Pack/meshes/props/construction/SM_PROP_fence_v01_02.uexp" 3500
"C:/Users/bruwu/OneDrive/Documentos/GitHub/MotoresComerciales/MotoresComerciales/Content/Fantastic_Village_Pack/meshes/props/container/SM_PROP_barrel_01.ubulk" 3501
"C:/Users/bruwu/OneDrive/Documentos/GitHub/MotoresComerciales/MotoresComerciales/Content/Fantastic_Village_Pack/meshes/props/container/SM_PROP_barrel_01.uasset" 3502
"C:/Users/bruwu/OneDrive/Documentos/GitHub/MotoresComerciales/MotoresComerciales/Content/Fantastic_Village_Pack/meshes/props/container/SM_PROP_barrel_01.uexp" 3503
"C:/Users/bruwu/OneDrive/Documentos/GitHub/MotoresComerciales/MotoresComerciales/Content/Fantastic_Village_Pack/meshes/buildings/SM_BLD_body_v01_01.ubulk" 3504
"C:/Users/bruwu/OneDrive/Documentos/GitHub/MotoresComerciales/MotoresComerciales/Content/Fantastic_Village_Pack/meshes/buildings/SM_BLD_body_v01_01.uasset" 3505
"C:/Users/bruwu/OneDrive/Documentos/GitHub/MotoresComerciales/MotoresComerciales/Content/Fantastic_Village_Pack/meshes/buildings/SM_BLD_body_v01_01.uexp" 3506
"C:/Users/bruwu/OneDrive/Documentos/GitHub/MotoresComerciales/MotoresComerciales/Content/Fantastic_Village_Pack/meshes/props/furniture/SM_PROP_market_shelf_03.ubulk" 3507
"C:/Users/bruwu/OneDrive/Documentos/GitHub/MotoresComerciales/MotoresComerciales/Content/Fantastic_Village_Pack/meshes/props/furniture/SM_PROP_market_shelf_03.uasset" 3508
"C:/Users/bruwu/OneDrive/Documentos/GitHub/MotoresComerciales/MotoresComerciales/Content/Fantastic_Village_Pack/meshes/props/furniture/SM_PROP_market_shelf_03.uexp" 3509
"C:/Users/bruwu/OneDrive/Documentos/GitHub/MotoresComerciales/MotoresComerciales/Content/Fantastic_Village_Pack/textures/T_PROP_paper.ubulk" 3510
"C:/Users/bruwu/OneDrive/Documentos/GitHub/MotoresComerciales/MotoresComerciales/Content/Fantastic_Village_Pack/textures/T_PROP_paper.uasset" 3511
"C:/Users/bruwu/OneDrive/Documentos/GitHub/MotoresComerciales/MotoresComerciales/Content/Fantastic_Village_Pack/textures/T_PROP_paper.uexp" 3512
"C:/Users/bruwu/OneDrive/Documentos/GitHub/MotoresComerciales/MotoresComerciales/Content/Fantastic_Village_Pack/materials/MI_PROP_paper.uasset" 3513
"C:/Users/bruwu/OneDrive/Documentos/GitHub/MotoresComerciales/MotoresComerciales/Content/Fantastic_Village_Pack/materials/MI_PROP_paper.uexp" 3514
"C:/Users/bruwu/OneDrive/Documentos/GitHub/MotoresComerciales/MotoresComerciales/Content/Fantastic_Village_Pack/meshes/props/deco/SM_PROP_poster_02.ubulk" 3515
"C:/Users/bruwu/OneDrive/Documentos/GitHub/MotoresComerciales/MotoresComerciales/Content/Fantastic_Village_Pack/meshes/props/deco/SM_PROP_poster_02.uasset" 3516
"C:/Users/bruwu/OneDrive/Documentos/GitHub/MotoresComerciales/MotoresComerciales/Content/Fantastic_Village_Pack/meshes/props/deco/SM_PROP_poster_02.uexp" 3517
"C:/Users/bruwu/OneDrive/Documentos/GitHub/MotoresComerciales/MotoresComerciales/Content/Fantastic_Village_Pack/meshes/props/food/SM_PROP_food_coconut_01.ubulk" 3518
"C:/Users/bruwu/OneDrive/Documentos/GitHub/MotoresComerciales/MotoresComerciales/Content/Fantastic_Village_Pack/meshes/props/food/SM_PROP_food_coconut_01.uasset" 3519
"C:/Users/bruwu/OneDrive/Documentos/GitHub/MotoresComerciales/MotoresComerciales/Content/Fantastic_Village_Pack/meshes/props/food/SM_PROP_food_coconut_01.uexp" 3520
"C:/Users/bruwu/OneDrive/Documentos/GitHub/MotoresComerciales/MotoresComerciales/Content/Fantastic_Village_Pack/textures/T_PROP_signs.ubulk" 3521
"C:/Users/bruwu/OneDrive/Documentos/GitHub/MotoresComerciales/MotoresComerciales/Content/Fantastic_Village_Pack/textures/T_PROP_signs.uasset" 3522
"C:/Users/bruwu/OneDrive/Documentos/GitHub/MotoresComerciales/MotoresComerciales/Content/Fantastic_Village_Pack/textures/T_PROP_signs.uexp" 3523
"C:/Users/bruwu/OneDrive/Documentos/GitHub/MotoresComerciales/MotoresComerciales/Content/Fantastic_Village_Pack/materials/MI_PROP_signs.uasset" 3524
"C:/Users/bruwu/OneDrive/Documentos/GitHub/MotoresComerciales/MotoresComerciales/Content/Fantastic_Village_Pack/materials/MI_PROP_signs.uexp" 3525
"C:/Users/bruwu/OneDrive/Documentos/GitHub/MotoresComerciales/MotoresComerciales/Content/Fantastic_Village_Pack/meshes/props/deco/SM_PROP_sign_05.ubulk" 3526
"C:/Users/bruwu/OneDrive/Documentos/GitHub/MotoresComerciales/MotoresComerciales/Content/Fantastic_Village_Pack/meshes/props/deco/SM_PROP_sign_05.uasset" 3527
"C:/Users/bruwu/OneDrive/Documentos/GitHub/MotoresComerciales/MotoresComerciales/Content/Fantastic_Village_Pack/meshes/props/deco/SM_PROP_sign_05.uexp" 3528
"C:/Users/bruwu/OneDrive/Documentos/GitHub/MotoresComerciales/MotoresComerciales/Content/Fantastic_Village_Pack/textures/T_ENV_grass_village_BC.ubulk" 3529
"C:/Users/bruwu/OneDrive/Documentos/GitHub/MotoresComerciales/MotoresComerciales/Content/Fantastic_Village_Pack/textures/T_ENV_grass_village_BC.uasset" 3530
"C:/Users/bruwu/OneDrive/Documentos/GitHub/MotoresComerciales/MotoresComerciales/Content/Fantastic_Village_Pack/textures/T_ENV_grass_village_BC.uexp" 3531
"C:/Users/bruwu/OneDrive/Documentos/GitHub/MotoresComerciales/MotoresComerciales/Content/Fantastic_Village_Pack/materials/master_materials/M_Master_transparent_grass_wind.uasset" 3532
"C:/Users/bruwu/OneDrive/Documentos/GitHub/MotoresComerciales/MotoresComerciales/Content/Fantastic_Village_Pack/materials/master_materials/M_Master_transparent_grass_wind.uexp" 3533
"C:/Users/bruwu/OneDrive/Documentos/GitHub/MotoresComerciales/MotoresComerciales/Content/Fantastic_Village_Pack/materials/MI_ENV_grass_wind.uasset" 3534
"C:/Users/bruwu/OneDrive/Documentos/GitHub/MotoresComerciales/MotoresComerciales/Content/Fantastic_Village_Pack/materials/MI_ENV_grass_wind.uexp" 3535
"C:/Users/bruwu/OneDrive/Documentos/GitHub/MotoresComerciales/MotoresComerciales/Content/Fantastic_Village_Pack/meshes/environment/SM_ENV_PLANT_grass_village.ubulk" 3536
"C:/Users/bruwu/OneDrive/Documentos/GitHub/MotoresComerciales/MotoresComerciales/Content/Fantastic_Village_Pack/meshes/environment/SM_ENV_PLANT_grass_village.uasset" 3537
"C:/Users/bruwu/OneDrive/Documentos/GitHub/MotoresComerciales/MotoresComerciales/Content/Fantastic_Village_Pack/meshes/environment/SM_ENV_PLANT_grass_village.uexp" 3538
"C:/Users/bruwu/OneDrive/Documentos/GitHub/MotoresComerciales/MotoresComerciales/Content/Fantastic_Village_Pack/meshes/buildings/SM_BLD_stairs_v01_01.ubulk" 3539
"C:/Users/bruwu/OneDrive/Documentos/GitHub/MotoresComerciales/MotoresComerciales/Content/Fantastic_Village_Pack/meshes/buildings/SM_BLD_stairs_v01_01.uasset" 3540
"C:/Users/bruwu/OneDrive/Documentos/GitHub/MotoresComerciales/MotoresComerciales/Content/Fantastic_Village_Pack/meshes/buildings/SM_BLD_stairs_v01_01.uexp" 3541
"C:/Users/bruwu/OneDrive/Documentos/GitHub/MotoresComerciales/MotoresComerciales/Content/Fantastic_Village_Pack/meshes/props/food/SM_PROP_food_cheese_03.ubulk" 3542
"C:/Users/bruwu/OneDrive/Documentos/GitHub/MotoresComerciales/MotoresComerciales/Content/Fantastic_Village_Pack/meshes/props/food/SM_PROP_food_cheese_03.uasset" 3543
"C:/Users/bruwu/OneDrive/Documentos/GitHub/MotoresComerciales/MotoresComerciales/Content/Fantastic_Village_Pack/meshes/props/food/SM_PROP_food_cheese_03.uexp" 3544
"C:/Users/bruwu/OneDrive/Documentos/GitHub/MotoresComerciales/MotoresComerciales/Content/Fantastic_Village_Pack/meshes/props/food/SM_PROP_food_orange_01.ubulk" 3545
"C:/Users/bruwu/OneDrive/Documentos/GitHub/MotoresComerciales/MotoresComerciales/Content/Fantastic_Village_Pack/meshes/props/food/SM_PROP_food_orange_01.uasset" 3546
"C:/Users/bruwu/OneDrive/Documentos/GitHub/MotoresComerciales/MotoresComerciales/Content/Fantastic_Village_Pack/meshes/props/food/SM_PROP_food_orange_01.uexp" 3547
"C:/Users/bruwu/OneDrive/Documentos/GitHub/MotoresComerciales/MotoresComerciales/Content/Fantastic_Village_Pack/meshes/buildings/SM_BLD_door_v01_01.ubulk" 3548
"C:/Users/bruwu/OneDrive/Documentos/GitHub/MotoresComerciales/MotoresComerciales/Content/Fantastic_Village_Pack/meshes/buildings/SM_BLD_door_v01_01.uasset" 3549
"C:/Users/bruwu/OneDrive/Documentos/GitHub/MotoresComerciales/MotoresComerciales/Content/Fantastic_Village_Pack/meshes/buildings/SM_BLD_door_v01_01.uexp" 3550
"C:/Users/bruwu/OneDrive/Documentos/GitHub/MotoresComerciales/MotoresComerciales/Content/Fantastic_Village_Pack/meshes/props/deco/SM_PROP_knife_01.ubulk" 3551
"C:/Users/bruwu/OneDrive/Documentos/GitHub/MotoresComerciales/MotoresComerciales/Content/Fantastic_Village_Pack/meshes/props/deco/SM_PROP_knife_01.uasset" 3552
"C:/Users/bruwu/OneDrive/Documentos/GitHub/MotoresComerciales/MotoresComerciales/Content/Fantastic_Village_Pack/meshes/props/deco/SM_PROP_knife_01.uexp" 3553
"C:/Users/bruwu/OneDrive/Documentos/GitHub/MotoresComerciales/MotoresComerciales/Content/Fantastic_Village_Pack/meshes/props/light/SM_PROP_streetlamp_v02_02.ubulk" 3554
"C:/Users/bruwu/OneDrive/Documentos/GitHub/MotoresComerciales/MotoresComerciales/Content/Fantastic_Village_Pack/meshes/props/light/SM_PROP_streetlamp_v02_02.uasset" 3555
"C:/Users/bruwu/OneDrive/Documentos/GitHub/MotoresComerciales/MotoresComerciales/Content/Fantastic_Village_Pack/meshes/props/light/SM_PROP_streetlamp_v02_02.uexp" 3556
"C:/Users/bruwu/OneDrive/Documentos/GitHub/MotoresComerciales/MotoresComerciales/Content/Fantastic_Village_Pack/meshes/props/food/SM_PROP_food_pumpkin_01.ubulk" 3557
"C:/Users/bruwu/OneDrive/Documentos/GitHub/MotoresComerciales/MotoresComerciales/Content/Fantastic_Village_Pack/meshes/props/food/SM_PROP_food_pumpkin_01.uasset" 3558
"C:/Users/bruwu/OneDrive/Documentos/GitHub/MotoresComerciales/MotoresComerciales/Content/Fantastic_Village_Pack/meshes/props/food/SM_PROP_food_pumpkin_01.uexp" 3559
"C:/Users/bruwu/OneDrive/Documentos/GitHub/MotoresComerciales/MotoresComerciales/Content/Fantastic_Village_Pack/meshes/props/light/SM_PROP_lantern_03.ubulk" 3560
"C:/Users/bruwu/OneDrive/Documentos/GitHub/MotoresComerciales/MotoresComerciales/Content/Fantastic_Village_Pack/meshes/props/light/SM_PROP_lantern_03.uasset" 3561
"C:/Users/bruwu/OneDrive/Documentos/GitHub/MotoresComerciales/MotoresComerciales/Content/Fantastic_Village_Pack/meshes/props/light/SM_PROP_lantern_03.uexp" 3562
"C:/Users/bruwu/OneDrive/Documentos/GitHub/MotoresComerciales/MotoresComerciales/Content/Fantastic_Village_Pack/meshes/buildings/SM_BLD_beam_small_v02_01.ubulk" 3563
"C:/Users/bruwu/OneDrive/Documentos/GitHub/MotoresComerciales/MotoresComerciales/Content/Fantastic_Village_Pack/meshes/buildings/SM_BLD_beam_small_v02_01.uasset" 3564
"C:/Users/bruwu/OneDrive/Documentos/GitHub/MotoresComerciales/MotoresComerciales/Content/Fantastic_Village_Pack/meshes/buildings/SM_BLD_beam_small_v02_01.uexp" 3565
"C:/Users/bruwu/OneDrive/Documentos/GitHub/MotoresComerciales/MotoresComerciales/Content/Fantastic_Village_Pack/meshes/buildings/SM_BLD_body_v03_01.ubulk" 3566
"C:/Users/bruwu/OneDrive/Documentos/GitHub/MotoresComerciales/MotoresComerciales/Content/Fantastic_Village_Pack/meshes/buildings/SM_BLD_body_v03_01.uasset" 3567
"C:/Users/bruwu/OneDrive/Documentos/GitHub/MotoresComerciales/MotoresComerciales/Content/Fantastic_Village_Pack/meshes/buildings/SM_BLD_body_v03_01.uexp" 3568
"C:/Users/bruwu/OneDrive/Documentos/GitHub/MotoresComerciales/MotoresComerciales/Content/Fantastic_Village_Pack/materials/MI_PROP_potplants.uasset" 3569
"C:/Users/bruwu/OneDrive/Documentos/GitHub/MotoresComerciales/MotoresComerciales/Content/Fantastic_Village_Pack/materials/MI_PROP_potplants.uexp" 3570
"C:/Users/bruwu/OneDrive/Documentos/GitHub/MotoresComerciales/MotoresComerciales/Content/Fantastic_Village_Pack/meshes/props/natural/SM_PROP_PLANT_pot_v5_01.ubulk" 3571
"C:/Users/bruwu/OneDrive/Documentos/GitHub/MotoresComerciales/MotoresComerciales/Content/Fantastic_Village_Pack/meshes/props/natural/SM_PROP_PLANT_pot_v5_01.uasset" 3572
"C:/Users/bruwu/OneDrive/Documentos/GitHub/MotoresComerciales/MotoresComerciales/Content/Fantastic_Village_Pack/meshes/props/natural/SM_PROP_PLANT_pot_v5_01.uexp" 3573
"C:/Users/bruwu/OneDrive/Documentos/GitHub/MotoresComerciales/MotoresComerciales/Content/Fantastic_Village_Pack/meshes/props/food/SM_PROP_food_plum.ubulk" 3574
"C:/Users/bruwu/OneDrive/Documentos/GitHub/MotoresComerciales/MotoresComerciales/Content/Fantastic_Village_Pack/meshes/props/food/SM_PROP_food_plum.uasset" 3575
"C:/Users/bruwu/OneDrive/Documentos/GitHub/MotoresComerciales/MotoresComerciales/Content/Fantastic_Village_Pack/meshes/props/food/SM_PROP_food_plum.uexp" 3576
"C:/Users/bruwu/OneDrive/Documentos/GitHub/MotoresComerciales/MotoresComerciales/Content/Fantastic_Village_Pack/meshes/props/construction/SM_PROP_foundation_wood_01.ubulk" 3577
"C:/Users/bruwu/OneDrive/Documentos/GitHub/MotoresComerciales/MotoresComerciales/Content/Fantastic_Village_Pack/meshes/props/construction/SM_PROP_foundation_wood_01.uasset" 3578
"C:/Users/bruwu/OneDrive/Documentos/GitHub/MotoresComerciales/MotoresComerciales/Content/Fantastic_Village_Pack/meshes/props/construction/SM_PROP_foundation_wood_01.uexp" 3579
"C:/Users/bruwu/OneDrive/Documentos/GitHub/MotoresComerciales/MotoresComerciales/Content/Fantastic_Village_Pack/meshes/props/food/SM_PROP_crate_03.ubulk" 3580
"C:/Users/bruwu/OneDrive/Documentos/GitHub/MotoresComerciales/MotoresComerciales/Content/Fantastic_Village_Pack/meshes/props/food/SM_PROP_crate_03.uasset" 3581
"C:/Users/bruwu/OneDrive/Documentos/GitHub/MotoresComerciales/MotoresComerciales/Content/Fantastic_Village_Pack/meshes/props/food/SM_PROP_crate_03.uexp" 3582
"C:/Users/bruwu/OneDrive/Documentos/GitHub/MotoresComerciales/MotoresComerciales/Content/Fantastic_Village_Pack/meshes/props/construction/SM_PROP_spikes_v02_03.ubulk" 3583
"C:/Users/bruwu/OneDrive/Documentos/GitHub/MotoresComerciales/MotoresComerciales/Content/Fantastic_Village_Pack/meshes/props/construction/SM_PROP_spikes_v02_03.uasset" 3584
"C:/Users/bruwu/OneDrive/Documentos/GitHub/MotoresComerciales/MotoresComerciales/Content/Fantastic_Village_Pack/meshes/props/construction/SM_PROP_spikes_v02_03.uexp" 3585
"C:/Users/bruwu/OneDrive/Documentos/GitHub/MotoresComerciales/MotoresComerciales/Content/Fantastic_Village_Pack/textures/T_PROP_flags.ubulk" 3586
"C:/Users/bruwu/OneDrive/Documentos/GitHub/MotoresComerciales/MotoresComerciales/Content/Fantastic_Village_Pack/textures/T_PROP_flags.uasset" 3587
"C:/Users/bruwu/OneDrive/Documentos/GitHub/MotoresComerciales/MotoresComerciales/Content/Fantastic_Village_Pack/textures/T_PROP_flags.uexp" 3588
"C:/Users/bruwu/OneDrive/Documentos/GitHub/MotoresComerciales/MotoresComerciales/Content/Fantastic_Village_Pack/materials/master_materials/M_Master_flags_wind.uasset" 3589
"C:/Users/bruwu/OneDrive/Documentos/GitHub/MotoresComerciales/MotoresComerciales/Content/Fantastic_Village_Pack/materials/master_materials/M_Master_flags_wind.uexp" 3590
"C:/Users/bruwu/OneDrive/Documentos/GitHub/MotoresComerciales/MotoresComerciales/Content/Fantastic_Village_Pack/materials/MI_PROP_flags_wind.uasset" 3591
"C:/Users/bruwu/OneDrive/Documentos/GitHub/MotoresComerciales/MotoresComerciales/Content/Fantastic_Village_Pack/materials/MI_PROP_flags_wind.uexp" 3592
"C:/Users/bruwu/OneDrive/Documentos/GitHub/MotoresComerciales/MotoresComerciales/Content/Fantastic_Village_Pack/meshes/props/deco/SM_PROP_flag_04.ubulk" 3593
"C:/Users/bruwu/OneDrive/Documentos/GitHub/MotoresComerciales/MotoresComerciales/Content/Fantastic_Village_Pack/meshes/props/deco/SM_PROP_flag_04.uasset" 3594
"C:/Users/bruwu/OneDrive/Documentos/GitHub/MotoresComerciales/MotoresComerciales/Content/Fantastic_Village_Pack/meshes/props/deco/SM_PROP_flag_04.uexp" 3595
"C:/Users/bruwu/OneDrive/Documentos/GitHub/MotoresComerciales/MotoresComerciales/Content/Fantastic_Village_Pack/meshes/props/natural/SM_PROP_treetrunk_01.ubulk" 3596
"C:/Users/bruwu/OneDrive/Documentos/GitHub/MotoresComerciales/MotoresComerciales/Content/Fantastic_Village_Pack/meshes/props/natural/SM_PROP_treetrunk_01.uasset" 3597
"C:/Users/bruwu/OneDrive/Documentos/GitHub/MotoresComerciales/MotoresComerciales/Content/Fantastic_Village_Pack/meshes/props/natural/SM_PROP_treetrunk_01.uexp" 3598
"C:/Users/bruwu/OneDrive/Documentos/GitHub/MotoresComerciales/MotoresComerciales/Content/Fantastic_Village_Pack/meshes/buildings/SM_BLD_body_v07_02.ubulk" 3599
"C:/Users/bruwu/OneDrive/Documentos/GitHub/MotoresComerciales/MotoresComerciales/Content/Fantastic_Village_Pack/meshes/buildings/SM_BLD_body_v07_02.uasset" 3600
"C:/Users/bruwu/OneDrive/Documentos/GitHub/MotoresComerciales/MotoresComerciales/Content/Fantastic_Village_Pack/meshes/buildings/SM_BLD_body_v07_02.uexp" 3601
"C:/Users/bruwu/OneDrive/Documentos/GitHub/MotoresComerciales/MotoresComerciales/Content/Fantastic_Village_Pack/meshes/props/construction/SM_PROP_spikes_v01_01.ubulk" 3602
"C:/Users/bruwu/OneDrive/Documentos/GitHub/MotoresComerciales/MotoresComerciales/Content/Fantastic_Village_Pack/meshes/props/construction/SM_PROP_spikes_v01_01.uasset" 3603
"C:/Users/bruwu/OneDrive/Documentos/GitHub/MotoresComerciales/MotoresComerciales/Content/Fantastic_Village_Pack/meshes/props/construction/SM_PROP_spikes_v01_01.uexp" 3604
"C:/Users/bruwu/OneDrive/Documentos/GitHub/MotoresComerciales/MotoresComerciales/Content/Fantastic_Village_Pack/meshes/props/construction/SM_PROP_watchtower_wood_02.ubulk" 3605
"C:/Users/bruwu/OneDrive/Documentos/GitHub/MotoresComerciales/MotoresComerciales/Content/Fantastic_Village_Pack/meshes/props/construction/SM_PROP_watchtower_wood_02.uasset" 3606
"C:/Users/bruwu/OneDrive/Documentos/GitHub/MotoresComerciales/MotoresComerciales/Content/Fantastic_Village_Pack/meshes/props/construction/SM_PROP_watchtower_wood_02.uexp" 3607
"C:/Users/bruwu/OneDrive/Documentos/GitHub/MotoresComerciales/MotoresComerciales/Content/Fantastic_Village_Pack/meshes/props/food/SM_PROP_food_tomato.ubulk" 3608
"C:/Users/bruwu/OneDrive/Documentos/GitHub/MotoresComerciales/MotoresComerciales/Content/Fantastic_Village_Pack/meshes/props/food/SM_PROP_food_tomato.uasset" 3609
"C:/Users/bruwu/OneDrive/Documentos/GitHub/MotoresComerciales/MotoresComerciales/Content/Fantastic_Village_Pack/meshes/props/food/SM_PROP_food_tomato.uexp" 3610
"C:/Users/bruwu/OneDrive/Documentos/GitHub/MotoresComerciales/MotoresComerciales/Content/Fantastic_Village_Pack/meshes/props/construction/SM_PROP_planks_03.ubulk" 3611
"C:/Users/bruwu/OneDrive/Documentos/GitHub/MotoresComerciales/MotoresComerciales/Content/Fantastic_Village_Pack/meshes/props/construction/SM_PROP_planks_03.uasset" 3612
"C:/Users/bruwu/OneDrive/Documentos/GitHub/MotoresComerciales/MotoresComerciales/Content/Fantastic_Village_Pack/meshes/props/construction/SM_PROP_planks_03.uexp" 3613
"C:/Users/bruwu/OneDrive/Documentos/GitHub/MotoresComerciales/MotoresComerciales/Content/Fantastic_Village_Pack/meshes/props/construction/SM_PROP_wall_wood_post_02.ubulk" 3614
"C:/Users/bruwu/OneDrive/Documentos/GitHub/MotoresComerciales/MotoresComerciales/Content/Fantastic_Village_Pack/meshes/props/construction/SM_PROP_wall_wood_post_02.uasset" 3615
"C:/Users/bruwu/OneDrive/Documentos/GitHub/MotoresComerciales/MotoresComerciales/Content/Fantastic_Village_Pack/meshes/props/construction/SM_PROP_wall_wood_post_02.uexp" 3616
"C:/Users/bruwu/OneDrive/Documentos/GitHub/MotoresComerciales/MotoresComerciales/Content/Fantastic_Village_Pack/meshes/props/deco/SM_PROP_plate_wood.ubulk" 3617
"C:/Users/bruwu/OneDrive/Documentos/GitHub/MotoresComerciales/MotoresComerciales/Content/Fantastic_Village_Pack/meshes/props/deco/SM_PROP_plate_wood.uasset" 3618
"C:/Users/bruwu/OneDrive/Documentos/GitHub/MotoresComerciales/MotoresComerciales/Content/Fantastic_Village_Pack/meshes/props/deco/SM_PROP_plate_wood.uexp" 3619
"C:/Users/bruwu/OneDrive/Documentos/GitHub/MotoresComerciales/MotoresComerciales/Content/Fantastic_Village_Pack/meshes/props/deco/SM_PROP_horsestation.ubulk" 3620
"C:/Users/bruwu/OneDrive/Documentos/GitHub/MotoresComerciales/MotoresComerciales/Content/Fantastic_Village_Pack/meshes/props/deco/SM_PROP_horsestation.uasset" 3621
"C:/Users/bruwu/OneDrive/Documentos/GitHub/MotoresComerciales/MotoresComerciales/Content/Fantastic_Village_Pack/meshes/props/deco/SM_PROP_horsestation.uexp" 3622
"C:/Users/bruwu/OneDrive/Documentos/GitHub/MotoresComerciales/MotoresComerciales/Content/Fantastic_Village_Pack/meshes/props/food/SM_PROP_food_meat_01.ubulk" 3623
"C:/Users/bruwu/OneDrive/Documentos/GitHub/MotoresComerciales/MotoresComerciales/Content/Fantastic_Village_Pack/meshes/props/food/SM_PROP_food_meat_01.uasset" 3624
"C:/Users/bruwu/OneDrive/Documentos/GitHub/MotoresComerciales/MotoresComerciales/Content/Fantastic_Village_Pack/meshes/props/food/SM_PROP_food_meat_01.uexp" 3625
"C:/Users/bruwu/OneDrive/Documentos/GitHub/MotoresComerciales/MotoresComerciales/Content/Fantastic_Village_Pack/meshes/buildings/SM_BLD_base_v03_01.ubulk" 3626
"C:/Users/bruwu/OneDrive/Documentos/GitHub/MotoresComerciales/MotoresComerciales/Content/Fantastic_Village_Pack/meshes/buildings/SM_BLD_base_v03_01.uasset" 3627
"C:/Users/bruwu/OneDrive/Documentos/GitHub/MotoresComerciales/MotoresComerciales/Content/Fantastic_Village_Pack/meshes/buildings/SM_BLD_base_v03_01.uexp" 3628
"C:/Users/bruwu/OneDrive/Documentos/GitHub/MotoresComerciales/MotoresComerciales/Content/Fantastic_Village_Pack/meshes/buildings/SM_BLD_body_v04_02.ubulk" 3629
"C:/Users/bruwu/OneDrive/Documentos/GitHub/MotoresComerciales/MotoresComerciales/Content/Fantastic_Village_Pack/meshes/buildings/SM_BLD_body_v04_02.uasset" 3630
"C:/Users/bruwu/OneDrive/Documentos/GitHub/MotoresComerciales/MotoresComerciales/Content/Fantastic_Village_Pack/meshes/buildings/SM_BLD_body_v04_02.uexp" 3631
"C:/Users/bruwu/OneDrive/Documentos/GitHub/MotoresComerciales/MotoresComerciales/Content/Fantastic_Village_Pack/meshes/props/construction/SM_PROP_wall_stone_small_01.ubulk" 3632
"C:/Users/bruwu/OneDrive/Documentos/GitHub/MotoresComerciales/MotoresComerciales/Content/Fantastic_Village_Pack/meshes/props/construction/SM_PROP_wall_stone_small_01.uasset" 3633
"C:/Users/bruwu/OneDrive/Documentos/GitHub/MotoresComerciales/MotoresComerciales/Content/Fantastic_Village_Pack/meshes/props/construction/SM_PROP_wall_stone_small_01.uexp" 3634
"C:/Users/bruwu/OneDrive/Documentos/GitHub/MotoresComerciales/MotoresComerciales/Content/Fantastic_Village_Pack/meshes/props/construction/SM_PROP_fence_v04_03.ubulk" 3635
"C:/Users/bruwu/OneDrive/Documentos/GitHub/MotoresComerciales/MotoresComerciales/Content/Fantastic_Village_Pack/meshes/props/construction/SM_PROP_fence_v04_03.uasset" 3636
"C:/Users/bruwu/OneDrive/Documentos/GitHub/MotoresComerciales/MotoresComerciales/Content/Fantastic_Village_Pack/meshes/props/construction/SM_PROP_fence_v04_03.uexp" 3637
"C:/Users/bruwu/OneDrive/Documentos/GitHub/MotoresComerciales/MotoresComerciales/Content/Fantastic_Village_Pack/meshes/props/food/SM_PROP_bowl_wood_05.ubulk" 3638
"C:/Users/bruwu/OneDrive/Documentos/GitHub/MotoresComerciales/MotoresComerciales/Content/Fantastic_Village_Pack/meshes/props/food/SM_PROP_bowl_wood_05.uasset" 3639
"C:/Users/bruwu/OneDrive/Documentos/GitHub/MotoresComerciales/MotoresComerciales/Content/Fantastic_Village_Pack/meshes/props/food/SM_PROP_bowl_wood_05.uexp" 3640
"C:/Users/bruwu/OneDrive/Documentos/GitHub/MotoresComerciales/MotoresComerciales/Content/Fantastic_Village_Pack/meshes/props/food/SM_PROP_food_potato_02.ubulk" 3641
"C:/Users/bruwu/OneDrive/Documentos/GitHub/MotoresComerciales/MotoresComerciales/Content/Fantastic_Village_Pack/meshes/props/food/SM_PROP_food_potato_02.uasset" 3642
"C:/Users/bruwu/OneDrive/Documentos/GitHub/MotoresComerciales/MotoresComerciales/Content/Fantastic_Village_Pack/meshes/props/food/SM_PROP_food_potato_02.uexp" 3643
"C:/Users/bruwu/OneDrive/Documentos/GitHub/MotoresComerciales/MotoresComerciales/Content/Fantastic_Village_Pack/materials/M_CLR_assets_grid.uasset" 3644
"C:/Users/bruwu/OneDrive/Documentos/GitHub/MotoresComerciales/MotoresComerciales/Content/Fantastic_Village_Pack/materials/M_CLR_assets_grid.uexp" 3645
"C:/Users/bruwu/OneDrive/Documentos/GitHub/MotoresComerciales/MotoresComerciales/Content/Fantastic_Village_Pack/meshes/buildings/SM_BLD_body_add_v01_01.ubulk" 3646
"C:/Users/bruwu/OneDrive/Documentos/GitHub/MotoresComerciales/MotoresComerciales/Content/Fantastic_Village_Pack/meshes/buildings/SM_BLD_body_add_v01_01.uasset" 3647
"C:/Users/bruwu/OneDrive/Documentos/GitHub/MotoresComerciales/MotoresComerciales/Content/Fantastic_Village_Pack/meshes/buildings/SM_BLD_body_add_v01_01.uexp" 3648
"C:/Users/bruwu/OneDrive/Documentos/GitHub/MotoresComerciales/MotoresComerciales/Content/Fantastic_Village_Pack/meshes/buildings/SM_BLD_beam_big_v01_v2.ubulk" 3649
"C:/Users/bruwu/OneDrive/Documentos/GitHub/MotoresComerciales/MotoresComerciales/Content/Fantastic_Village_Pack/meshes/buildings/SM_BLD_beam_big_v01_v2.uasset" 3650
"C:/Users/bruwu/OneDrive/Documentos/GitHub/MotoresComerciales/MotoresComerciales/Content/Fantastic_Village_Pack/meshes/buildings/SM_BLD_beam_big_v01_v2.uexp" 3651
"C:/Users/bruwu/OneDrive/Documentos/GitHub/MotoresComerciales/MotoresComerciales/Content/Fantastic_Village_Pack/meshes/props/natural/SM_PROP_PLANT_pot_v1_01.ubulk" 3652
"C:/Users/bruwu/OneDrive/Documentos/GitHub/MotoresComerciales/MotoresComerciales/Content/Fantastic_Village_Pack/meshes/props/natural/SM_PROP_PLANT_pot_v1_01.uasset" 3653
"C:/Users/bruwu/OneDrive/Documentos/GitHub/MotoresComerciales/MotoresComerciales/Content/Fantastic_Village_Pack/meshes/props/natural/SM_PROP_PLANT_pot_v1_01.uexp" 3654
"C:/Users/bruwu/OneDrive/Documentos/GitHub/MotoresComerciales/MotoresComerciales/Content/Fantastic_Village_Pack/meshes/props/construction/SM_PROP_spikes_v02_01.ubulk" 3655
"C:/Users/bruwu/OneDrive/Documentos/GitHub/MotoresComerciales/MotoresComerciales/Content/Fantastic_Village_Pack/meshes/props/construction/SM_PROP_spikes_v02_01.uasset" 3656
"C:/Users/bruwu/OneDrive/Documentos/GitHub/MotoresComerciales/MotoresComerciales/Content/Fantastic_Village_Pack/meshes/props/construction/SM_PROP_spikes_v02_01.uexp" 3657
"C:/Users/bruwu/OneDrive/Documentos/GitHub/MotoresComerciales/MotoresComerciales/Content/Fantastic_Village_Pack/textures/T_PROP_laundry.ubulk" 3658
"C:/Users/bruwu/OneDrive/Documentos/GitHub/MotoresComerciales/MotoresComerciales/Content/Fantastic_Village_Pack/textures/T_PROP_laundry.uasset" 3659
"C:/Users/bruwu/OneDrive/Documentos/GitHub/MotoresComerciales/MotoresComerciales/Content/Fantastic_Village_Pack/textures/T_PROP_laundry.uexp" 3660
"C:/Users/bruwu/OneDrive/Documentos/GitHub/MotoresComerciales/MotoresComerciales/Content/Fantastic_Village_Pack/materials/MI_PROP_laundry.uasset" 3661
"C:/Users/bruwu/OneDrive/Documentos/GitHub/MotoresComerciales/MotoresComerciales/Content/Fantastic_Village_Pack/materials/MI_PROP_laundry.uexp" 3662
"C:/Users/bruwu/OneDrive/Documentos/GitHub/MotoresComerciales/MotoresComerciales/Content/Fantastic_Village_Pack/meshes/props/container/SM_PROP_bucket_03.ubulk" 3663
"C:/Users/bruwu/OneDrive/Documentos/GitHub/MotoresComerciales/MotoresComerciales/Content/Fantastic_Village_Pack/meshes/props/container/SM_PROP_bucket_03.uasset" 3664
"C:/Users/bruwu/OneDrive/Documentos/GitHub/MotoresComerciales/MotoresComerciales/Content/Fantastic_Village_Pack/meshes/props/container/SM_PROP_bucket_03.uexp" 3665
"C:/Users/bruwu/OneDrive/Documentos/GitHub/MotoresComerciales/MotoresComerciales/Content/Fantastic_Village_Pack/meshes/props/container/SM_PROP_barrel_08.ubulk" 3666
"C:/Users/bruwu/OneDrive/Documentos/GitHub/MotoresComerciales/MotoresComerciales/Content/Fantastic_Village_Pack/meshes/props/container/SM_PROP_barrel_08.uasset" 3667
"C:/Users/bruwu/OneDrive/Documentos/GitHub/MotoresComerciales/MotoresComerciales/Content/Fantastic_Village_Pack/meshes/props/container/SM_PROP_barrel_08.uexp" 3668
"C:/Users/bruwu/OneDrive/Documentos/GitHub/MotoresComerciales/MotoresComerciales/Content/Fantastic_Village_Pack/meshes/props/natural/SM_PROP_treetrunk_02.ubulk" 3669
"C:/Users/bruwu/OneDrive/Documentos/GitHub/MotoresComerciales/MotoresComerciales/Content/Fantastic_Village_Pack/meshes/props/natural/SM_PROP_treetrunk_02.uasset" 3670
"C:/Users/bruwu/OneDrive/Documentos/GitHub/MotoresComerciales/MotoresComerciales/Content/Fantastic_Village_Pack/meshes/props/natural/SM_PROP_treetrunk_02.uexp" 3671
"C:/Users/bruwu/OneDrive/Documentos/GitHub/MotoresComerciales/MotoresComerciales/Content/Fantastic_Village_Pack/meshes/props/construction/SM_PROP_wall_stone_small_03.ubulk" 3672
"C:/Users/bruwu/OneDrive/Documentos/GitHub/MotoresComerciales/MotoresComerciales/Content/Fantastic_Village_Pack/meshes/props/construction/SM_PROP_wall_stone_small_03.uasset" 3673
"C:/Users/bruwu/OneDrive/Documentos/GitHub/MotoresComerciales/MotoresComerciales/Content/Fantastic_Village_Pack/meshes/props/construction/SM_PROP_wall_stone_small_03.uexp" 3674
"C:/Users/bruwu/OneDrive/Documentos/GitHub/MotoresComerciales/MotoresComerciales/Content/Fantastic_Village_Pack/meshes/props/deco/SM_PROP_knife_02.ubulk" 3675
"C:/Users/bruwu/OneDrive/Documentos/GitHub/MotoresComerciales/MotoresComerciales/Content/Fantastic_Village_Pack/meshes/props/deco/SM_PROP_knife_02.uasset" 3676
"C:/Users/bruwu/OneDrive/Documentos/GitHub/MotoresComerciales/MotoresComerciales/Content/Fantastic_Village_Pack/meshes/props/deco/SM_PROP_knife_02.uexp" 3677
"C:/Users/bruwu/OneDrive/Documentos/GitHub/MotoresComerciales/MotoresComerciales/Content/Fantastic_Village_Pack/meshes/props/food/SM_PROP_bowl_wood_02.ubulk" 3678
"C:/Users/bruwu/OneDrive/Documentos/GitHub/MotoresComerciales/MotoresComerciales/Content/Fantastic_Village_Pack/meshes/props/food/SM_PROP_bowl_wood_02.uasset" 3679
"C:/Users/bruwu/OneDrive/Documentos/GitHub/MotoresComerciales/MotoresComerciales/Content/Fantastic_Village_Pack/meshes/props/food/SM_PROP_bowl_wood_02.uexp" 3680
"C:/Users/bruwu/OneDrive/Documentos/GitHub/MotoresComerciales/MotoresComerciales/Content/Fantastic_Village_Pack/meshes/buildings/SM_BLD_stairs_v02_02.ubulk" 3681
"C:/Users/bruwu/OneDrive/Documentos/GitHub/MotoresComerciales/MotoresComerciales/Content/Fantastic_Village_Pack/meshes/buildings/SM_BLD_stairs_v02_02.uasset" 3682
"C:/Users/bruwu/OneDrive/Documentos/GitHub/MotoresComerciales/MotoresComerciales/Content/Fantastic_Village_Pack/meshes/buildings/SM_BLD_stairs_v02_02.uexp" 3683
"C:/Users/bruwu/OneDrive/Documentos/GitHub/MotoresComerciales/MotoresComerciales/Content/Fantastic_Village_Pack/meshes/props/food/SM_PROP_food_lemon_02.ubulk" 3684
"C:/Users/bruwu/OneDrive/Documentos/GitHub/MotoresComerciales/MotoresComerciales/Content/Fantastic_Village_Pack/meshes/props/food/SM_PROP_food_lemon_02.uasset" 3685
"C:/Users/bruwu/OneDrive/Documentos/GitHub/MotoresComerciales/MotoresComerciales/Content/Fantastic_Village_Pack/meshes/props/food/SM_PROP_food_lemon_02.uexp" 3686
"C:/Users/bruwu/OneDrive/Documentos/GitHub/MotoresComerciales/MotoresComerciales/Content/Fantastic_Village_Pack/meshes/props/food/SM_PROP_food_mushroom_01.ubulk" 3687
"C:/Users/bruwu/OneDrive/Documentos/GitHub/MotoresComerciales/MotoresComerciales/Content/Fantastic_Village_Pack/meshes/props/food/SM_PROP_food_mushroom_01.uasset" 3688
"C:/Users/bruwu/OneDrive/Documentos/GitHub/MotoresComerciales/MotoresComerciales/Content/Fantastic_Village_Pack/meshes/props/food/SM_PROP_food_mushroom_01.uexp" 3689
"C:/Users/bruwu/OneDrive/Documentos/GitHub/MotoresComerciales/MotoresComerciales/Content/Fantastic_Village_Pack/meshes/props/food/SM_PROP_food_meat_09.ubulk" 3690
"C:/Users/bruwu/OneDrive/Documentos/GitHub/MotoresComerciales/MotoresComerciales/Content/Fantastic_Village_Pack/meshes/props/food/SM_PROP_food_meat_09.uasset" 3691
"C:/Users/bruwu/OneDrive/Documentos/GitHub/MotoresComerciales/MotoresComerciales/Content/Fantastic_Village_Pack/meshes/props/food/SM_PROP_food_meat_09.uexp" 3692
"C:/Users/bruwu/OneDrive/Documentos/GitHub/MotoresComerciales/MotoresComerciales/Content/Fantastic_Village_Pack/meshes/props/food/SM_PROP_food_egg_03.ubulk" 3693
"C:/Users/bruwu/OneDrive/Documentos/GitHub/MotoresComerciales/MotoresComerciales/Content/Fantastic_Village_Pack/meshes/props/food/SM_PROP_food_egg_03.uasset" 3694
"C:/Users/bruwu/OneDrive/Documentos/GitHub/MotoresComerciales/MotoresComerciales/Content/Fantastic_Village_Pack/meshes/props/food/SM_PROP_food_egg_03.uexp" 3695
"C:/Users/bruwu/OneDrive/Documentos/GitHub/MotoresComerciales/MotoresComerciales/Content/Fantastic_Village_Pack/meshes/props/food/SM_PROP_food_meat_03.ubulk" 3696
"C:/Users/bruwu/OneDrive/Documentos/GitHub/MotoresComerciales/MotoresComerciales/Content/Fantastic_Village_Pack/meshes/props/food/SM_PROP_food_meat_03.uasset" 3697
"C:/Users/bruwu/OneDrive/Documentos/GitHub/MotoresComerciales/MotoresComerciales/Content/Fantastic_Village_Pack/meshes/props/food/SM_PROP_food_meat_03.uexp" 3698
"C:/Users/bruwu/OneDrive/Documentos/GitHub/MotoresComerciales/MotoresComerciales/Content/Fantastic_Village_Pack/meshes/props/construction/SM_PROP_bridge_wood_01.ubulk" 3699
"C:/Users/bruwu/OneDrive/Documentos/GitHub/MotoresComerciales/MotoresComerciales/Content/Fantastic_Village_Pack/meshes/props/construction/SM_PROP_bridge_wood_01.uasset" 3700
"C:/Users/bruwu/OneDrive/Documentos/GitHub/MotoresComerciales/MotoresComerciales/Content/Fantastic_Village_Pack/meshes/props/construction/SM_PROP_bridge_wood_01.uexp" 3701
"C:/Users/bruwu/OneDrive/Documentos/GitHub/MotoresComerciales/MotoresComerciales/Content/Fantastic_Village_Pack/meshes/props/natural/SM_PROP_PLANT_pot_v1_04.ubulk" 3702
"C:/Users/bruwu/OneDrive/Documentos/GitHub/MotoresComerciales/MotoresComerciales/Content/Fantastic_Village_Pack/meshes/props/natural/SM_PROP_PLANT_pot_v1_04.uasset" 3703
"C:/Users/bruwu/OneDrive/Documentos/GitHub/MotoresComerciales/MotoresComerciales/Content/Fantastic_Village_Pack/meshes/props/natural/SM_PROP_PLANT_pot_v1_04.uexp" 3704
"C:/Users/bruwu/OneDrive/Documentos/GitHub/MotoresComerciales/MotoresComerciales/Content/Fantastic_Village_Pack/meshes/buildings/SM_BLD_stairs_v03_v2.ubulk" 3705
"C:/Users/bruwu/OneDrive/Documentos/GitHub/MotoresComerciales/MotoresComerciales/Content/Fantastic_Village_Pack/meshes/buildings/SM_BLD_stairs_v03_v2.uasset" 3706
"C:/Users/bruwu/OneDrive/Documentos/GitHub/MotoresComerciales/MotoresComerciales/Content/Fantastic_Village_Pack/meshes/buildings/SM_BLD_stairs_v03_v2.uexp" 3707
"C:/Users/bruwu/OneDrive/Documentos/GitHub/MotoresComerciales/MotoresComerciales/Content/Fantastic_Village_Pack/meshes/props/construction/SM_PROP_foundation_wood_03.ubulk" 3708
"C:/Users/bruwu/OneDrive/Documentos/GitHub/MotoresComerciales/MotoresComerciales/Content/Fantastic_Village_Pack/meshes/props/construction/SM_PROP_foundation_wood_03.uasset" 3709
"C:/Users/bruwu/OneDrive/Documentos/GitHub/MotoresComerciales/MotoresComerciales/Content/Fantastic_Village_Pack/meshes/props/construction/SM_PROP_foundation_wood_03.uexp" 3710
"C:/Users/bruwu/OneDrive/Documentos/GitHub/MotoresComerciales/MotoresComerciales/Content/Fantastic_Village_Pack/meshes/props/food/SM_PROP_food_banana_01.ubulk" 3711
"C:/Users/bruwu/OneDrive/Documentos/GitHub/MotoresComerciales/MotoresComerciales/Content/Fantastic_Village_Pack/meshes/props/food/SM_PROP_food_banana_01.uasset" 3712
"C:/Users/bruwu/OneDrive/Documentos/GitHub/MotoresComerciales/MotoresComerciales/Content/Fantastic_Village_Pack/meshes/props/food/SM_PROP_food_banana_01.uexp" 3713
"../../../Engine/Content/EngineSky/C_Sky_Horizon_Color.uasset" 3714
"../../../Engine/Content/EngineSky/C_Sky_Horizon_Color.uexp" 3715
"../../../Engine/Content/EngineSky/C_Sky_Cloud_Color.uasset" 3716
"../../../Engine/Content/EngineSky/C_Sky_Cloud_Color.uexp" 3717
"../../../Engine/Content/EngineSky/C_Sky_Zenith_Color.uasset" 3718
"../../../Engine/Content/EngineSky/C_Sky_Zenith_Color.uexp" 3719
"../../../Engine/Content/EngineSky/BP_Sky_Sphere.uasset" 3720
"../../../Engine/Content/EngineSky/BP_Sky_Sphere.uexp" 3721
"C:/Users/bruwu/OneDrive/Documentos/GitHub/MotoresComerciales/MotoresComerciales/Content/Fantastic_Village_Pack/meshes/props/deco/SM_PROP_weathervane.ubulk" 3722
"C:/Users/bruwu/OneDrive/Documentos/GitHub/MotoresComerciales/MotoresComerciales/Content/Fantastic_Village_Pack/meshes/props/deco/SM_PROP_weathervane.uasset" 3723
"C:/Users/bruwu/OneDrive/Documentos/GitHub/MotoresComerciales/MotoresComerciales/Content/Fantastic_Village_Pack/meshes/props/deco/SM_PROP_weathervane.uexp" 3724
"C:/Users/bruwu/OneDrive/Documentos/GitHub/MotoresComerciales/MotoresComerciales/Content/Fantastic_Village_Pack/meshes/props/food/SM_PROP_food_salad.ubulk" 3725
"C:/Users/bruwu/OneDrive/Documentos/GitHub/MotoresComerciales/MotoresComerciales/Content/Fantastic_Village_Pack/meshes/props/food/SM_PROP_food_salad.uasset" 3726
"C:/Users/bruwu/OneDrive/Documentos/GitHub/MotoresComerciales/MotoresComerciales/Content/Fantastic_Village_Pack/meshes/props/food/SM_PROP_food_salad.uexp" 3727
"C:/Users/bruwu/OneDrive/Documentos/GitHub/MotoresComerciales/MotoresComerciales/Content/Fantastic_Village_Pack/meshes/props/construction/SM_PROP_wall_wood_post_03.ubulk" 3728
"C:/Users/bruwu/OneDrive/Documentos/GitHub/MotoresComerciales/MotoresComerciales/Content/Fantastic_Village_Pack/meshes/props/construction/SM_PROP_wall_wood_post_03.uasset" 3729
"C:/Users/bruwu/OneDrive/Documentos/GitHub/MotoresComerciales/MotoresComerciales/Content/Fantastic_Village_Pack/meshes/props/construction/SM_PROP_wall_wood_post_03.uexp" 3730
"C:/Users/bruwu/OneDrive/Documentos/GitHub/MotoresComerciales/MotoresComerciales/Content/Fantastic_Village_Pack/meshes/props/construction/SM_PROP_railing_v03_01.ubulk" 3731
"C:/Users/bruwu/OneDrive/Documentos/GitHub/MotoresComerciales/MotoresComerciales/Content/Fantastic_Village_Pack/meshes/props/construction/SM_PROP_railing_v03_01.uasset" 3732
"C:/Users/bruwu/OneDrive/Documentos/GitHub/MotoresComerciales/MotoresComerciales/Content/Fantastic_Village_Pack/meshes/props/construction/SM_PROP_railing_v03_01.uexp" 3733
"C:/Users/bruwu/OneDrive/Documentos/GitHub/MotoresComerciales/MotoresComerciales/Content/Fantastic_Village_Pack/meshes/props/deco/SM_PROP_clothesline_01.ubulk" 3734
"C:/Users/bruwu/OneDrive/Documentos/GitHub/MotoresComerciales/MotoresComerciales/Content/Fantastic_Village_Pack/meshes/props/deco/SM_PROP_clothesline_01.uasset" 3735
"C:/Users/bruwu/OneDrive/Documentos/GitHub/MotoresComerciales/MotoresComerciales/Content/Fantastic_Village_Pack/meshes/props/deco/SM_PROP_clothesline_01.uexp" 3736
"C:/Users/bruwu/OneDrive/Documentos/GitHub/MotoresComerciales/MotoresComerciales/Content/Fantastic_Village_Pack/meshes/props/food/SM_PROP_food_watermelon_04.ubulk" 3737
"C:/Users/bruwu/OneDrive/Documentos/GitHub/MotoresComerciales/MotoresComerciales/Content/Fantastic_Village_Pack/meshes/props/food/SM_PROP_food_watermelon_04.uasset" 3738
"C:/Users/bruwu/OneDrive/Documentos/GitHub/MotoresComerciales/MotoresComerciales/Content/Fantastic_Village_Pack/meshes/props/food/SM_PROP_food_watermelon_04.uexp" 3739
"C:/Users/bruwu/OneDrive/Documentos/GitHub/MotoresComerciales/MotoresComerciales/Content/Fantastic_Village_Pack/meshes/props/food/SM_PROP_food_meat_04.ubulk" 3740
"C:/Users/bruwu/OneDrive/Documentos/GitHub/MotoresComerciales/MotoresComerciales/Content/Fantastic_Village_Pack/meshes/props/food/SM_PROP_food_meat_04.uasset" 3741
"C:/Users/bruwu/OneDrive/Documentos/GitHub/MotoresComerciales/MotoresComerciales/Content/Fantastic_Village_Pack/meshes/props/food/SM_PROP_food_meat_04.uexp" 3742
"C:/Users/bruwu/OneDrive/Documentos/GitHub/MotoresComerciales/MotoresComerciales/Content/Fantastic_Village_Pack/meshes/props/container/SM_PROP_box_lid_02.ubulk" 3743
"C:/Users/bruwu/OneDrive/Documentos/GitHub/MotoresComerciales/MotoresComerciales/Content/Fantastic_Village_Pack/meshes/props/container/SM_PROP_box_lid_02.uasset" 3744
"C:/Users/bruwu/OneDrive/Documentos/GitHub/MotoresComerciales/MotoresComerciales/Content/Fantastic_Village_Pack/meshes/props/container/SM_PROP_box_lid_02.uexp" 3745
"C:/Users/bruwu/OneDrive/Documentos/GitHub/MotoresComerciales/MotoresComerciales/Content/Fantastic_Village_Pack/meshes/props/food/SM_PROP_food_watermelon_02.ubulk" 3746
"C:/Users/bruwu/OneDrive/Documentos/GitHub/MotoresComerciales/MotoresComerciales/Content/Fantastic_Village_Pack/meshes/props/food/SM_PROP_food_watermelon_02.uasset" 3747
"C:/Users/bruwu/OneDrive/Documentos/GitHub/MotoresComerciales/MotoresComerciales/Content/Fantastic_Village_Pack/meshes/props/food/SM_PROP_food_watermelon_02.uexp" 3748
"C:/Users/bruwu/OneDrive/Documentos/GitHub/MotoresComerciales/MotoresComerciales/Content/Fantastic_Village_Pack/meshes/props/natural/SM_PROP_stone_01.ubulk" 3749
"C:/Users/bruwu/OneDrive/Documentos/GitHub/MotoresComerciales/MotoresComerciales/Content/Fantastic_Village_Pack/meshes/props/natural/SM_PROP_stone_01.uasset" 3750
"C:/Users/bruwu/OneDrive/Documentos/GitHub/MotoresComerciales/MotoresComerciales/Content/Fantastic_Village_Pack/meshes/props/natural/SM_PROP_stone_01.uexp" 3751
"C:/Users/bruwu/OneDrive/Documentos/GitHub/MotoresComerciales/MotoresComerciales/Content/Fantastic_Village_Pack/textures/T_ENV_SKYBOX_02.uexp" 3752
"C:/Users/bruwu/OneDrive/Documentos/GitHub/MotoresComerciales/MotoresComerciales/Content/Fantastic_Village_Pack/textures/T_ENV_SKYBOX_02.ubulk" 3753
"C:/Users/bruwu/OneDrive/Documentos/GitHub/MotoresComerciales/MotoresComerciales/Content/Fantastic_Village_Pack/textures/T_ENV_SKYBOX_02.uasset" 3754
"C:/Users/bruwu/OneDrive/Documentos/GitHub/MotoresComerciales/MotoresComerciales/Content/Fantastic_Village_Pack/textures/T_ENV_SKYBOX_02.uptnl" 3755
"C:/Users/bruwu/OneDrive/Documentos/GitHub/MotoresComerciales/MotoresComerciales/Content/Fantastic_Village_Pack/textures/T_ENV_SKYBOX_01.uexp" 3756
"C:/Users/bruwu/OneDrive/Documentos/GitHub/MotoresComerciales/MotoresComerciales/Content/Fantastic_Village_Pack/textures/T_ENV_SKYBOX_01.ubulk" 3757
"C:/Users/bruwu/OneDrive/Documentos/GitHub/MotoresComerciales/MotoresComerciales/Content/Fantastic_Village_Pack/textures/T_ENV_SKYBOX_01.uasset" 3758
"C:/Users/bruwu/OneDrive/Documentos/GitHub/MotoresComerciales/MotoresComerciales/Content/Fantastic_Village_Pack/textures/T_ENV_SKYBOX_01.uptnl" 3759
"C:/Users/bruwu/OneDrive/Documentos/GitHub/MotoresComerciales/MotoresComerciales/Content/Fantastic_Village_Pack/materials/master_materials/M_Master_skybox_day.uasset" 3760
"C:/Users/bruwu/OneDrive/Documentos/GitHub/MotoresComerciales/MotoresComerciales/Content/Fantastic_Village_Pack/materials/master_materials/M_Master_skybox_day.uexp" 3761
"C:/Users/bruwu/OneDrive/Documentos/GitHub/MotoresComerciales/MotoresComerciales/Content/Fantastic_Village_Pack/materials/MI_skybox_day.uasset" 3762
"C:/Users/bruwu/OneDrive/Documentos/GitHub/MotoresComerciales/MotoresComerciales/Content/Fantastic_Village_Pack/materials/MI_skybox_day.uexp" 3763
"C:/Users/bruwu/OneDrive/Documentos/GitHub/MotoresComerciales/MotoresComerciales/Content/Fantastic_Village_Pack/meshes/props/food/SM_PROP_bowl_wood_03.ubulk" 3764
"C:/Users/bruwu/OneDrive/Documentos/GitHub/MotoresComerciales/MotoresComerciales/Content/Fantastic_Village_Pack/meshes/props/food/SM_PROP_bowl_wood_03.uasset" 3765
"C:/Users/bruwu/OneDrive/Documentos/GitHub/MotoresComerciales/MotoresComerciales/Content/Fantastic_Village_Pack/meshes/props/food/SM_PROP_bowl_wood_03.uexp" 3766
"C:/Users/bruwu/OneDrive/Documentos/GitHub/MotoresComerciales/MotoresComerciales/Content/Fantastic_Village_Pack/textures/T_cloth_01_N.ubulk" 3767
"C:/Users/bruwu/OneDrive/Documentos/GitHub/MotoresComerciales/MotoresComerciales/Content/Fantastic_Village_Pack/textures/T_cloth_01_N.uasset" 3768
"C:/Users/bruwu/OneDrive/Documentos/GitHub/MotoresComerciales/MotoresComerciales/Content/Fantastic_Village_Pack/textures/T_cloth_01_N.uexp" 3769
"C:/Users/bruwu/OneDrive/Documentos/GitHub/MotoresComerciales/MotoresComerciales/Content/Fantastic_Village_Pack/textures/T_cloth_01_BC.ubulk" 3770
"C:/Users/bruwu/OneDrive/Documentos/GitHub/MotoresComerciales/MotoresComerciales/Content/Fantastic_Village_Pack/textures/T_cloth_01_BC.uasset" 3771
"C:/Users/bruwu/OneDrive/Documentos/GitHub/MotoresComerciales/MotoresComerciales/Content/Fantastic_Village_Pack/textures/T_cloth_01_BC.uexp" 3772
"C:/Users/bruwu/OneDrive/Documentos/GitHub/MotoresComerciales/MotoresComerciales/Content/Fantastic_Village_Pack/materials/MI_cloth_01.uasset" 3773
"C:/Users/bruwu/OneDrive/Documentos/GitHub/MotoresComerciales/MotoresComerciales/Content/Fantastic_Village_Pack/materials/MI_cloth_01.uexp" 3774
"C:/Users/bruwu/OneDrive/Documentos/GitHub/MotoresComerciales/MotoresComerciales/Content/Fantastic_Village_Pack/meshes/buildings/SM_BLD_windmill_sail.ubulk" 3775
"C:/Users/bruwu/OneDrive/Documentos/GitHub/MotoresComerciales/MotoresComerciales/Content/Fantastic_Village_Pack/meshes/buildings/SM_BLD_windmill_sail.uasset" 3776
"C:/Users/bruwu/OneDrive/Documentos/GitHub/MotoresComerciales/MotoresComerciales/Content/Fantastic_Village_Pack/meshes/buildings/SM_BLD_windmill_sail.uexp" 3777
"C:/Users/bruwu/OneDrive/Documentos/GitHub/MotoresComerciales/MotoresComerciales/Content/Fantastic_Village_Pack/meshes/props/container/SM_PROP_box_01.ubulk" 3778
"C:/Users/bruwu/OneDrive/Documentos/GitHub/MotoresComerciales/MotoresComerciales/Content/Fantastic_Village_Pack/meshes/props/container/SM_PROP_box_01.uasset" 3779
"C:/Users/bruwu/OneDrive/Documentos/GitHub/MotoresComerciales/MotoresComerciales/Content/Fantastic_Village_Pack/meshes/props/container/SM_PROP_box_01.uexp" 3780
"C:/Users/bruwu/OneDrive/Documentos/GitHub/MotoresComerciales/MotoresComerciales/Content/Fantastic_Village_Pack/meshes/props/food/SM_PROP_food_meat_02.ubulk" 3781
"C:/Users/bruwu/OneDrive/Documentos/GitHub/MotoresComerciales/MotoresComerciales/Content/Fantastic_Village_Pack/meshes/props/food/SM_PROP_food_meat_02.uasset" 3782
"C:/Users/bruwu/OneDrive/Documentos/GitHub/MotoresComerciales/MotoresComerciales/Content/Fantastic_Village_Pack/meshes/props/food/SM_PROP_food_meat_02.uexp" 3783
"C:/Users/bruwu/OneDrive/Documentos/GitHub/MotoresComerciales/MotoresComerciales/Content/Fantastic_Village_Pack/meshes/buildings/SM_BLD_beam_big_v03_01.ubulk" 3784
"C:/Users/bruwu/OneDrive/Documentos/GitHub/MotoresComerciales/MotoresComerciales/Content/Fantastic_Village_Pack/meshes/buildings/SM_BLD_beam_big_v03_01.uasset" 3785
"C:/Users/bruwu/OneDrive/Documentos/GitHub/MotoresComerciales/MotoresComerciales/Content/Fantastic_Village_Pack/meshes/buildings/SM_BLD_beam_big_v03_01.uexp" 3786
"C:/Users/bruwu/OneDrive/Documentos/GitHub/MotoresComerciales/MotoresComerciales/Content/Fantastic_Village_Pack/meshes/buildings/SM_BLD_body_v05_02.ubulk" 3787
"C:/Users/bruwu/OneDrive/Documentos/GitHub/MotoresComerciales/MotoresComerciales/Content/Fantastic_Village_Pack/meshes/buildings/SM_BLD_body_v05_02.uasset" 3788
"C:/Users/bruwu/OneDrive/Documentos/GitHub/MotoresComerciales/MotoresComerciales/Content/Fantastic_Village_Pack/meshes/buildings/SM_BLD_body_v05_02.uexp" 3789
"C:/Users/bruwu/OneDrive/Documentos/GitHub/MotoresComerciales/MotoresComerciales/Content/Fantastic_Village_Pack/meshes/props/construction/SM_PROP_fence_v02_02.ubulk" 3790
"C:/Users/bruwu/OneDrive/Documentos/GitHub/MotoresComerciales/MotoresComerciales/Content/Fantastic_Village_Pack/meshes/props/construction/SM_PROP_fence_v02_02.uasset" 3791
"C:/Users/bruwu/OneDrive/Documentos/GitHub/MotoresComerciales/MotoresComerciales/Content/Fantastic_Village_Pack/meshes/props/construction/SM_PROP_fence_v02_02.uexp" 3792
"C:/Users/bruwu/OneDrive/Documentos/GitHub/MotoresComerciales/MotoresComerciales/Content/Fantastic_Village_Pack/meshes/props/construction/SM_PROP_market_v02_02.ubulk" 3793
"C:/Users/bruwu/OneDrive/Documentos/GitHub/MotoresComerciales/MotoresComerciales/Content/Fantastic_Village_Pack/meshes/props/construction/SM_PROP_market_v02_02.uasset" 3794
"C:/Users/bruwu/OneDrive/Documentos/GitHub/MotoresComerciales/MotoresComerciales/Content/Fantastic_Village_Pack/meshes/props/construction/SM_PROP_market_v02_02.uexp" 3795
"C:/Users/bruwu/OneDrive/Documentos/GitHub/MotoresComerciales/MotoresComerciales/Content/Fantastic_Village_Pack/meshes/props/construction/SM_PROP_planks_01.ubulk" 3796
"C:/Users/bruwu/OneDrive/Documentos/GitHub/MotoresComerciales/MotoresComerciales/Content/Fantastic_Village_Pack/meshes/props/construction/SM_PROP_planks_01.uasset" 3797
"C:/Users/bruwu/OneDrive/Documentos/GitHub/MotoresComerciales/MotoresComerciales/Content/Fantastic_Village_Pack/meshes/props/construction/SM_PROP_planks_01.uexp" 3798
"C:/Users/bruwu/OneDrive/Documentos/GitHub/MotoresComerciales/MotoresComerciales/Content/Fantastic_Village_Pack/meshes/props/food/SM_PROP_food_grapes_02.ubulk" 3799
"C:/Users/bruwu/OneDrive/Documentos/GitHub/MotoresComerciales/MotoresComerciales/Content/Fantastic_Village_Pack/meshes/props/food/SM_PROP_food_grapes_02.uasset" 3800
"C:/Users/bruwu/OneDrive/Documentos/GitHub/MotoresComerciales/MotoresComerciales/Content/Fantastic_Village_Pack/meshes/props/food/SM_PROP_food_grapes_02.uexp" 3801
"C:/Users/bruwu/OneDrive/Documentos/GitHub/MotoresComerciales/MotoresComerciales/Content/Fantastic_Village_Pack/meshes/props/food/SM_PROP_food_garlic.ubulk" 3802
"C:/Users/bruwu/OneDrive/Documentos/GitHub/MotoresComerciales/MotoresComerciales/Content/Fantastic_Village_Pack/meshes/props/food/SM_PROP_food_garlic.uasset" 3803
"C:/Users/bruwu/OneDrive/Documentos/GitHub/MotoresComerciales/MotoresComerciales/Content/Fantastic_Village_Pack/meshes/props/food/SM_PROP_food_garlic.uexp" 3804
"../../../Engine/Content/EditorResources/T_EditorHelp.ubulk" 3805
"../../../Engine/Content/EditorResources/T_EditorHelp.uasset" 3806
"../../../Engine/Content/EditorResources/T_EditorHelp.uexp" 3807
"../../../Engine/Content/Functions/Engine_MaterialFunctions02/ExampleContent/DebugNumberStrip.uasset" 3808
"../../../Engine/Content/Functions/Engine_MaterialFunctions02/ExampleContent/DebugNumberStrip.uexp" 3809
"../../../Engine/Content/Functions/Engine_MaterialFunctions01/Texturing/ComputeMipLevel.uasset" 3810
"../../../Engine/Content/Functions/Engine_MaterialFunctions01/Texturing/ComputeMipLevel.uexp" 3811
"../../../Engine/Content/Functions/Engine_MaterialFunctions01/Texturing/TextureCropping.uasset" 3812
"../../../Engine/Content/Functions/Engine_MaterialFunctions01/Texturing/TextureCropping.uexp" 3813
"../../../Engine/Content/Functions/Engine_MaterialFunctions02/ExampleContent/Textures/DebugNumberPeriod.uasset" 3814
"../../../Engine/Content/Functions/Engine_MaterialFunctions02/ExampleContent/Textures/DebugNumberPeriod.uexp" 3815
"../../../Engine/Content/Functions/Engine_MaterialFunctions02/Utility/DebugScalarValues.uasset" 3816
"../../../Engine/Content/Functions/Engine_MaterialFunctions02/Utility/DebugScalarValues.uexp" 3817
"../../../Engine/Content/Functions/Engine_MaterialFunctions02/Utility/DebugFloat2Values.uasset" 3818
"../../../Engine/Content/Functions/Engine_MaterialFunctions02/Utility/DebugFloat2Values.uexp" 3819
"../../../Engine/Content/Functions/Engine_MaterialFunctions02/ExampleContent/Textures/flipbook.ubulk" 3820
"../../../Engine/Content/Functions/Engine_MaterialFunctions02/ExampleContent/Textures/flipbook.uasset" 3821
"../../../Engine/Content/Functions/Engine_MaterialFunctions02/ExampleContent/Textures/flipbook.uexp" 3822
"../../../Engine/Content/Functions/Engine_MaterialFunctions02/Texturing/FlipBook.uasset" 3823
"../../../Engine/Content/Functions/Engine_MaterialFunctions02/Texturing/FlipBook.uexp" 3824
"../../../Engine/Content/EditorMaterials/HelpActorMaterial.uasset" 3825
"../../../Engine/Content/EditorMaterials/HelpActorMaterial.uexp" 3826
"C:/Users/bruwu/OneDrive/Documentos/GitHub/MotoresComerciales/MotoresComerciales/Content/Fantastic_Village_Pack/meshes/props/container/SM_PROP_trough_01.ubulk" 3827
"C:/Users/bruwu/OneDrive/Documentos/GitHub/MotoresComerciales/MotoresComerciales/Content/Fantastic_Village_Pack/meshes/props/container/SM_PROP_trough_01.uasset" 3828
"C:/Users/bruwu/OneDrive/Documentos/GitHub/MotoresComerciales/MotoresComerciales/Content/Fantastic_Village_Pack/meshes/props/container/SM_PROP_trough_01.uexp" 3829
"C:/Users/bruwu/OneDrive/Documentos/GitHub/MotoresComerciales/MotoresComerciales/Content/Fantastic_Village_Pack/meshes/props/food/SM_PROP_food_bread_08.ubulk" 3830
"C:/Users/bruwu/OneDrive/Documentos/GitHub/MotoresComerciales/MotoresComerciales/Content/Fantastic_Village_Pack/meshes/props/food/SM_PROP_food_bread_08.uasset" 3831
"C:/Users/bruwu/OneDrive/Documentos/GitHub/MotoresComerciales/MotoresComerciales/Content/Fantastic_Village_Pack/meshes/props/food/SM_PROP_food_bread_08.uexp" 3832
"C:/Users/bruwu/OneDrive/Documentos/GitHub/MotoresComerciales/MotoresComerciales/Content/Fantastic_Village_Pack/meshes/props/food/SM_PROP_food_sausage_06.ubulk" 3833
"C:/Users/bruwu/OneDrive/Documentos/GitHub/MotoresComerciales/MotoresComerciales/Content/Fantastic_Village_Pack/meshes/props/food/SM_PROP_food_sausage_06.uasset" 3834
"C:/Users/bruwu/OneDrive/Documentos/GitHub/MotoresComerciales/MotoresComerciales/Content/Fantastic_Village_Pack/meshes/props/food/SM_PROP_food_sausage_06.uexp" 3835
"C:/Users/bruwu/OneDrive/Documentos/GitHub/MotoresComerciales/MotoresComerciales/Content/Fantastic_Village_Pack/meshes/props/food/SM_PROP_food_cheese_02.ubulk" 3836
"C:/Users/bruwu/OneDrive/Documentos/GitHub/MotoresComerciales/MotoresComerciales/Content/Fantastic_Village_Pack/meshes/props/food/SM_PROP_food_cheese_02.uasset" 3837
"C:/Users/bruwu/OneDrive/Documentos/GitHub/MotoresComerciales/MotoresComerciales/Content/Fantastic_Village_Pack/meshes/props/food/SM_PROP_food_cheese_02.uexp" 3838
"C:/Users/bruwu/OneDrive/Documentos/GitHub/MotoresComerciales/MotoresComerciales/Content/Fantastic_Village_Pack/meshes/props/food/SM_PROP_food_bread_02.ubulk" 3839
"C:/Users/bruwu/OneDrive/Documentos/GitHub/MotoresComerciales/MotoresComerciales/Content/Fantastic_Village_Pack/meshes/props/food/SM_PROP_food_bread_02.uasset" 3840
"C:/Users/bruwu/OneDrive/Documentos/GitHub/MotoresComerciales/MotoresComerciales/Content/Fantastic_Village_Pack/meshes/props/food/SM_PROP_food_bread_02.uexp" 3841
"C:/Users/bruwu/OneDrive/Documentos/GitHub/MotoresComerciales/MotoresComerciales/Content/Fantastic_Village_Pack/meshes/props/construction/SM_PROP_wall_stone_small_02.ubulk" 3842
"C:/Users/bruwu/OneDrive/Documentos/GitHub/MotoresComerciales/MotoresComerciales/Content/Fantastic_Village_Pack/meshes/props/construction/SM_PROP_wall_stone_small_02.uasset" 3843
"C:/Users/bruwu/OneDrive/Documentos/GitHub/MotoresComerciales/MotoresComerciales/Content/Fantastic_Village_Pack/meshes/props/construction/SM_PROP_wall_stone_small_02.uexp" 3844
"C:/Users/bruwu/OneDrive/Documentos/GitHub/MotoresComerciales/MotoresComerciales/Content/Fantastic_Village_Pack/meshes/props/deco/SM_PROP_stepladder.ubulk" 3845
"C:/Users/bruwu/OneDrive/Documentos/GitHub/MotoresComerciales/MotoresComerciales/Content/Fantastic_Village_Pack/meshes/props/deco/SM_PROP_stepladder.uasset" 3846
"C:/Users/bruwu/OneDrive/Documentos/GitHub/MotoresComerciales/MotoresComerciales/Content/Fantastic_Village_Pack/meshes/props/deco/SM_PROP_stepladder.uexp" 3847
"C:/Users/bruwu/OneDrive/Documentos/GitHub/MotoresComerciales/MotoresComerciales/Content/Fantastic_Village_Pack/meshes/props/deco/SM_PROP_scroll.ubulk" 3848
"C:/Users/bruwu/OneDrive/Documentos/GitHub/MotoresComerciales/MotoresComerciales/Content/Fantastic_Village_Pack/meshes/props/deco/SM_PROP_scroll.uasset" 3849
"C:/Users/bruwu/OneDrive/Documentos/GitHub/MotoresComerciales/MotoresComerciales/Content/Fantastic_Village_Pack/meshes/props/deco/SM_PROP_scroll.uexp" 3850
"C:/Users/bruwu/OneDrive/Documentos/GitHub/MotoresComerciales/MotoresComerciales/Content/Fantastic_Village_Pack/meshes/buildings/SM_BLD_balcony_v02_01.ubulk" 3851
"C:/Users/bruwu/OneDrive/Documentos/GitHub/MotoresComerciales/MotoresComerciales/Content/Fantastic_Village_Pack/meshes/buildings/SM_BLD_balcony_v02_01.uasset" 3852
"C:/Users/bruwu/OneDrive/Documentos/GitHub/MotoresComerciales/MotoresComerciales/Content/Fantastic_Village_Pack/meshes/buildings/SM_BLD_balcony_v02_01.uexp" 3853
"C:/Users/bruwu/OneDrive/Documentos/GitHub/MotoresComerciales/MotoresComerciales/Content/Fantastic_Village_Pack/meshes/props/construction/SM_PROP_fence_v01_04.ubulk" 3854
"C:/Users/bruwu/OneDrive/Documentos/GitHub/MotoresComerciales/MotoresComerciales/Content/Fantastic_Village_Pack/meshes/props/construction/SM_PROP_fence_v01_04.uasset" 3855
"C:/Users/bruwu/OneDrive/Documentos/GitHub/MotoresComerciales/MotoresComerciales/Content/Fantastic_Village_Pack/meshes/props/construction/SM_PROP_fence_v01_04.uexp" 3856
"C:/Users/bruwu/OneDrive/Documentos/GitHub/MotoresComerciales/MotoresComerciales/Content/Fantastic_Village_Pack/meshes/props/deco/SM_PROP_spoon_01.ubulk" 3857
"C:/Users/bruwu/OneDrive/Documentos/GitHub/MotoresComerciales/MotoresComerciales/Content/Fantastic_Village_Pack/meshes/props/deco/SM_PROP_spoon_01.uasset" 3858
"C:/Users/bruwu/OneDrive/Documentos/GitHub/MotoresComerciales/MotoresComerciales/Content/Fantastic_Village_Pack/meshes/props/deco/SM_PROP_spoon_01.uexp" 3859
"C:/Users/bruwu/OneDrive/Documentos/GitHub/MotoresComerciales/MotoresComerciales/Content/Fantastic_Village_Pack/meshes/props/food/SM_PROP_food_onion.ubulk" 3860
"C:/Users/bruwu/OneDrive/Documentos/GitHub/MotoresComerciales/MotoresComerciales/Content/Fantastic_Village_Pack/meshes/props/food/SM_PROP_food_onion.uasset" 3861
"C:/Users/bruwu/OneDrive/Documentos/GitHub/MotoresComerciales/MotoresComerciales/Content/Fantastic_Village_Pack/meshes/props/food/SM_PROP_food_onion.uexp" 3862
"C:/Users/bruwu/OneDrive/Documentos/GitHub/MotoresComerciales/MotoresComerciales/Content/Fantastic_Village_Pack/meshes/props/furniture/SM_PROP_gallows.ubulk" 3863
"C:/Users/bruwu/OneDrive/Documentos/GitHub/MotoresComerciales/MotoresComerciales/Content/Fantastic_Village_Pack/meshes/props/furniture/SM_PROP_gallows.uasset" 3864
"C:/Users/bruwu/OneDrive/Documentos/GitHub/MotoresComerciales/MotoresComerciales/Content/Fantastic_Village_Pack/meshes/props/furniture/SM_PROP_gallows.uexp" 3865
"C:/Users/bruwu/OneDrive/Documentos/GitHub/MotoresComerciales/MotoresComerciales/Content/Fantastic_Village_Pack/meshes/props/food/SM_PROP_food_chili_04.ubulk" 3866
"C:/Users/bruwu/OneDrive/Documentos/GitHub/MotoresComerciales/MotoresComerciales/Content/Fantastic_Village_Pack/meshes/props/food/SM_PROP_food_chili_04.uasset" 3867
"C:/Users/bruwu/OneDrive/Documentos/GitHub/MotoresComerciales/MotoresComerciales/Content/Fantastic_Village_Pack/meshes/props/food/SM_PROP_food_chili_04.uexp" 3868
"C:/Users/bruwu/OneDrive/Documentos/GitHub/MotoresComerciales/MotoresComerciales/Content/Fantastic_Village_Pack/meshes/buildings/SM_BLD_chimney_v02_03.ubulk" 3869
"C:/Users/bruwu/OneDrive/Documentos/GitHub/MotoresComerciales/MotoresComerciales/Content/Fantastic_Village_Pack/meshes/buildings/SM_BLD_chimney_v02_03.uasset" 3870
"C:/Users/bruwu/OneDrive/Documentos/GitHub/MotoresComerciales/MotoresComerciales/Content/Fantastic_Village_Pack/meshes/buildings/SM_BLD_chimney_v02_03.uexp" 3871
"C:/Users/bruwu/OneDrive/Documentos/GitHub/MotoresComerciales/MotoresComerciales/Content/Fantastic_Village_Pack/meshes/props/deco/SM_PROP_flag_01.ubulk" 3872
"C:/Users/bruwu/OneDrive/Documentos/GitHub/MotoresComerciales/MotoresComerciales/Content/Fantastic_Village_Pack/meshes/props/deco/SM_PROP_flag_01.uasset" 3873
"C:/Users/bruwu/OneDrive/Documentos/GitHub/MotoresComerciales/MotoresComerciales/Content/Fantastic_Village_Pack/meshes/props/deco/SM_PROP_flag_01.uexp" 3874
"C:/Users/bruwu/OneDrive/Documentos/GitHub/MotoresComerciales/MotoresComerciales/Content/Fantastic_Village_Pack/meshes/props/construction/SM_PROP_market_v04_02.ubulk" 3875
"C:/Users/bruwu/OneDrive/Documentos/GitHub/MotoresComerciales/MotoresComerciales/Content/Fantastic_Village_Pack/meshes/props/construction/SM_PROP_market_v04_02.uasset" 3876
"C:/Users/bruwu/OneDrive/Documentos/GitHub/MotoresComerciales/MotoresComerciales/Content/Fantastic_Village_Pack/meshes/props/construction/SM_PROP_market_v04_02.uexp" 3877
"C:/Users/bruwu/OneDrive/Documentos/GitHub/MotoresComerciales/MotoresComerciales/Content/Fantastic_Village_Pack/meshes/props/construction/SM_PROP_foundation_wood_05.ubulk" 3878
"C:/Users/bruwu/OneDrive/Documentos/GitHub/MotoresComerciales/MotoresComerciales/Content/Fantastic_Village_Pack/meshes/props/construction/SM_PROP_foundation_wood_05.uasset" 3879
"C:/Users/bruwu/OneDrive/Documentos/GitHub/MotoresComerciales/MotoresComerciales/Content/Fantastic_Village_Pack/meshes/props/construction/SM_PROP_foundation_wood_05.uexp" 3880
"C:/Users/bruwu/OneDrive/Documentos/GitHub/MotoresComerciales/MotoresComerciales/Content/Fantastic_Village_Pack/meshes/props/deco/SM_PROP_mailbox.ubulk" 3881
"C:/Users/bruwu/OneDrive/Documentos/GitHub/MotoresComerciales/MotoresComerciales/Content/Fantastic_Village_Pack/meshes/props/deco/SM_PROP_mailbox.uasset" 3882
"C:/Users/bruwu/OneDrive/Documentos/GitHub/MotoresComerciales/MotoresComerciales/Content/Fantastic_Village_Pack/meshes/props/deco/SM_PROP_mailbox.uexp" 3883
"C:/Users/bruwu/OneDrive/Documentos/GitHub/MotoresComerciales/MotoresComerciales/Content/Fantastic_Village_Pack/meshes/props/deco/SM_PROP_hangingboard.ubulk" 3884
"C:/Users/bruwu/OneDrive/Documentos/GitHub/MotoresComerciales/MotoresComerciales/Content/Fantastic_Village_Pack/meshes/props/deco/SM_PROP_hangingboard.uasset" 3885
"C:/Users/bruwu/OneDrive/Documentos/GitHub/MotoresComerciales/MotoresComerciales/Content/Fantastic_Village_Pack/meshes/props/deco/SM_PROP_hangingboard.uexp" 3886
"C:/Users/bruwu/OneDrive/Documentos/GitHub/MotoresComerciales/MotoresComerciales/Content/Fantastic_Village_Pack/meshes/props/furniture/SM_PROP_market_shelf_01.ubulk" 3887
"C:/Users/bruwu/OneDrive/Documentos/GitHub/MotoresComerciales/MotoresComerciales/Content/Fantastic_Village_Pack/meshes/props/furniture/SM_PROP_market_shelf_01.uasset" 3888
"C:/Users/bruwu/OneDrive/Documentos/GitHub/MotoresComerciales/MotoresComerciales/Content/Fantastic_Village_Pack/meshes/props/furniture/SM_PROP_market_shelf_01.uexp" 3889
"C:/Users/bruwu/OneDrive/Documentos/GitHub/MotoresComerciales/MotoresComerciales/Content/Fantastic_Village_Pack/meshes/buildings/SM_BLD_window_v08_02.ubulk" 3890
"C:/Users/bruwu/OneDrive/Documentos/GitHub/MotoresComerciales/MotoresComerciales/Content/Fantastic_Village_Pack/meshes/buildings/SM_BLD_window_v08_02.uasset" 3891
"C:/Users/bruwu/OneDrive/Documentos/GitHub/MotoresComerciales/MotoresComerciales/Content/Fantastic_Village_Pack/meshes/buildings/SM_BLD_window_v08_02.uexp" 3892
"C:/Users/bruwu/OneDrive/Documentos/GitHub/MotoresComerciales/MotoresComerciales/Content/Fantastic_Village_Pack/meshes/props/food/SM_PROP_food_mushroom_02.ubulk" 3893
"C:/Users/bruwu/OneDrive/Documentos/GitHub/MotoresComerciales/MotoresComerciales/Content/Fantastic_Village_Pack/meshes/props/food/SM_PROP_food_mushroom_02.uasset" 3894
"C:/Users/bruwu/OneDrive/Documentos/GitHub/MotoresComerciales/MotoresComerciales/Content/Fantastic_Village_Pack/meshes/props/food/SM_PROP_food_mushroom_02.uexp" 3895
"C:/Users/bruwu/OneDrive/Documentos/GitHub/MotoresComerciales/MotoresComerciales/Content/Fantastic_Village_Pack/meshes/buildings/SM_BLD_beam_big_v02_01.ubulk" 3896
"C:/Users/bruwu/OneDrive/Documentos/GitHub/MotoresComerciales/MotoresComerciales/Content/Fantastic_Village_Pack/meshes/buildings/SM_BLD_beam_big_v02_01.uasset" 3897
"C:/Users/bruwu/OneDrive/Documentos/GitHub/MotoresComerciales/MotoresComerciales/Content/Fantastic_Village_Pack/meshes/buildings/SM_BLD_beam_big_v02_01.uexp" 3898
"C:/Users/bruwu/OneDrive/Documentos/GitHub/MotoresComerciales/MotoresComerciales/Content/Fantastic_Village_Pack/meshes/props/natural/SM_PROP_PLANT_pot_v3_02.ubulk" 3899
"C:/Users/bruwu/OneDrive/Documentos/GitHub/MotoresComerciales/MotoresComerciales/Content/Fantastic_Village_Pack/meshes/props/natural/SM_PROP_PLANT_pot_v3_02.uasset" 3900
"C:/Users/bruwu/OneDrive/Documentos/GitHub/MotoresComerciales/MotoresComerciales/Content/Fantastic_Village_Pack/meshes/props/natural/SM_PROP_PLANT_pot_v3_02.uexp" 3901
"C:/Users/bruwu/OneDrive/Documentos/GitHub/MotoresComerciales/MotoresComerciales/Content/Fantastic_Village_Pack/meshes/props/food/SM_PROP_food_turnip.ubulk" 3902
"C:/Users/bruwu/OneDrive/Documentos/GitHub/MotoresComerciales/MotoresComerciales/Content/Fantastic_Village_Pack/meshes/props/food/SM_PROP_food_turnip.uasset" 3903
"C:/Users/bruwu/OneDrive/Documentos/GitHub/MotoresComerciales/MotoresComerciales/Content/Fantastic_Village_Pack/meshes/props/food/SM_PROP_food_turnip.uexp" 3904
"C:/Users/bruwu/OneDrive/Documentos/GitHub/MotoresComerciales/MotoresComerciales/Content/Fantastic_Village_Pack/meshes/props/container/SM_PROP_bucket_01.ubulk" 3905
"C:/Users/bruwu/OneDrive/Documentos/GitHub/MotoresComerciales/MotoresComerciales/Content/Fantastic_Village_Pack/meshes/props/container/SM_PROP_bucket_01.uasset" 3906
"C:/Users/bruwu/OneDrive/Documentos/GitHub/MotoresComerciales/MotoresComerciales/Content/Fantastic_Village_Pack/meshes/props/container/SM_PROP_bucket_01.uexp" 3907
"C:/Users/bruwu/OneDrive/Documentos/GitHub/MotoresComerciales/MotoresComerciales/Content/Fantastic_Village_Pack/meshes/props/food/SM_PROP_food_bread_10.ubulk" 3908
"C:/Users/bruwu/OneDrive/Documentos/GitHub/MotoresComerciales/MotoresComerciales/Content/Fantastic_Village_Pack/meshes/props/food/SM_PROP_food_bread_10.uasset" 3909
"C:/Users/bruwu/OneDrive/Documentos/GitHub/MotoresComerciales/MotoresComerciales/Content/Fantastic_Village_Pack/meshes/props/food/SM_PROP_food_bread_10.uexp" 3910
"C:/Users/bruwu/OneDrive/Documentos/GitHub/MotoresComerciales/MotoresComerciales/Content/Fantastic_Village_Pack/meshes/props/food/SM_PROP_food_bread_11.ubulk" 3911
"C:/Users/bruwu/OneDrive/Documentos/GitHub/MotoresComerciales/MotoresComerciales/Content/Fantastic_Village_Pack/meshes/props/food/SM_PROP_food_bread_11.uasset" 3912
"C:/Users/bruwu/OneDrive/Documentos/GitHub/MotoresComerciales/MotoresComerciales/Content/Fantastic_Village_Pack/meshes/props/food/SM_PROP_food_bread_11.uexp" 3913
"C:/Users/bruwu/OneDrive/Documentos/GitHub/MotoresComerciales/MotoresComerciales/Content/Fantastic_Village_Pack/meshes/props/deco/SM_PROP_paper_02.ubulk" 3914
"C:/Users/bruwu/OneDrive/Documentos/GitHub/MotoresComerciales/MotoresComerciales/Content/Fantastic_Village_Pack/meshes/props/deco/SM_PROP_paper_02.uasset" 3915
"C:/Users/bruwu/OneDrive/Documentos/GitHub/MotoresComerciales/MotoresComerciales/Content/Fantastic_Village_Pack/meshes/props/deco/SM_PROP_paper_02.uexp" 3916
"C:/Users/bruwu/OneDrive/Documentos/GitHub/MotoresComerciales/MotoresComerciales/Content/Fantastic_Village_Pack/meshes/buildings/SM_BLD_beam_small_v03_02.ubulk" 3917
"C:/Users/bruwu/OneDrive/Documentos/GitHub/MotoresComerciales/MotoresComerciales/Content/Fantastic_Village_Pack/meshes/buildings/SM_BLD_beam_small_v03_02.uasset" 3918
"C:/Users/bruwu/OneDrive/Documentos/GitHub/MotoresComerciales/MotoresComerciales/Content/Fantastic_Village_Pack/meshes/buildings/SM_BLD_beam_small_v03_02.uexp" 3919
"C:/Users/bruwu/OneDrive/Documentos/GitHub/MotoresComerciales/MotoresComerciales/Content/Fantastic_Village_Pack/textures/T_wood_planks_04_BC.ubulk" 3920
"C:/Users/bruwu/OneDrive/Documentos/GitHub/MotoresComerciales/MotoresComerciales/Content/Fantastic_Village_Pack/textures/T_wood_planks_04_BC.uasset" 3921
"C:/Users/bruwu/OneDrive/Documentos/GitHub/MotoresComerciales/MotoresComerciales/Content/Fantastic_Village_Pack/textures/T_wood_planks_04_BC.uexp" 3922
"C:/Users/bruwu/OneDrive/Documentos/GitHub/MotoresComerciales/MotoresComerciales/Content/Fantastic_Village_Pack/materials/MI_wood_planks_04.uasset" 3923
"C:/Users/bruwu/OneDrive/Documentos/GitHub/MotoresComerciales/MotoresComerciales/Content/Fantastic_Village_Pack/materials/MI_wood_planks_04.uexp" 3924
"C:/Users/bruwu/OneDrive/Documentos/GitHub/MotoresComerciales/MotoresComerciales/Content/Fantastic_Village_Pack/meshes/buildings/SM_BLD_waterwheel.ubulk" 3925
"C:/Users/bruwu/OneDrive/Documentos/GitHub/MotoresComerciales/MotoresComerciales/Content/Fantastic_Village_Pack/meshes/buildings/SM_BLD_waterwheel.uasset" 3926
"C:/Users/bruwu/OneDrive/Documentos/GitHub/MotoresComerciales/MotoresComerciales/Content/Fantastic_Village_Pack/meshes/buildings/SM_BLD_waterwheel.uexp" 3927
"C:/Users/bruwu/OneDrive/Documentos/GitHub/MotoresComerciales/MotoresComerciales/Content/Fantastic_Village_Pack/meshes/props/deco/SM_PROP_flag_02.ubulk" 3928
"C:/Users/bruwu/OneDrive/Documentos/GitHub/MotoresComerciales/MotoresComerciales/Content/Fantastic_Village_Pack/meshes/props/deco/SM_PROP_flag_02.uasset" 3929
"C:/Users/bruwu/OneDrive/Documentos/GitHub/MotoresComerciales/MotoresComerciales/Content/Fantastic_Village_Pack/meshes/props/deco/SM_PROP_flag_02.uexp" 3930
"C:/Users/bruwu/OneDrive/Documentos/GitHub/MotoresComerciales/MotoresComerciales/Content/Fantastic_Village_Pack/meshes/props/food/SM_PROP_bottle_01.ubulk" 3931
"C:/Users/bruwu/OneDrive/Documentos/GitHub/MotoresComerciales/MotoresComerciales/Content/Fantastic_Village_Pack/meshes/props/food/SM_PROP_bottle_01.uasset" 3932
"C:/Users/bruwu/OneDrive/Documentos/GitHub/MotoresComerciales/MotoresComerciales/Content/Fantastic_Village_Pack/meshes/props/food/SM_PROP_bottle_01.uexp" 3933
"C:/Users/bruwu/OneDrive/Documentos/GitHub/MotoresComerciales/MotoresComerciales/Content/Fantastic_Village_Pack/meshes/props/food/SM_PROP_food_bread_04.ubulk" 3934
"C:/Users/bruwu/OneDrive/Documentos/GitHub/MotoresComerciales/MotoresComerciales/Content/Fantastic_Village_Pack/meshes/props/food/SM_PROP_food_bread_04.uasset" 3935
"C:/Users/bruwu/OneDrive/Documentos/GitHub/MotoresComerciales/MotoresComerciales/Content/Fantastic_Village_Pack/meshes/props/food/SM_PROP_food_bread_04.uexp" 3936
"C:/Users/bruwu/OneDrive/Documentos/GitHub/MotoresComerciales/MotoresComerciales/Content/Fantastic_Village_Pack/meshes/props/construction/SM_PROP_foundation_wood_04.ubulk" 3937
"C:/Users/bruwu/OneDrive/Documentos/GitHub/MotoresComerciales/MotoresComerciales/Content/Fantastic_Village_Pack/meshes/props/construction/SM_PROP_foundation_wood_04.uasset" 3938
"C:/Users/bruwu/OneDrive/Documentos/GitHub/MotoresComerciales/MotoresComerciales/Content/Fantastic_Village_Pack/meshes/props/construction/SM_PROP_foundation_wood_04.uexp" 3939
"C:/Users/bruwu/OneDrive/Documentos/GitHub/MotoresComerciales/MotoresComerciales/Content/Fantastic_Village_Pack/meshes/props/container/SM_PROP_box_04.ubulk" 3940
"C:/Users/bruwu/OneDrive/Documentos/GitHub/MotoresComerciales/MotoresComerciales/Content/Fantastic_Village_Pack/meshes/props/container/SM_PROP_box_04.uasset" 3941
"C:/Users/bruwu/OneDrive/Documentos/GitHub/MotoresComerciales/MotoresComerciales/Content/Fantastic_Village_Pack/meshes/props/container/SM_PROP_box_04.uexp" 3942
"C:/Users/bruwu/OneDrive/Documentos/GitHub/MotoresComerciales/MotoresComerciales/Content/Fantastic_Village_Pack/textures/T_PROP_signpost.ubulk" 3943
"C:/Users/bruwu/OneDrive/Documentos/GitHub/MotoresComerciales/MotoresComerciales/Content/Fantastic_Village_Pack/textures/T_PROP_signpost.uasset" 3944
"C:/Users/bruwu/OneDrive/Documentos/GitHub/MotoresComerciales/MotoresComerciales/Content/Fantastic_Village_Pack/textures/T_PROP_signpost.uexp" 3945
"C:/Users/bruwu/OneDrive/Documentos/GitHub/MotoresComerciales/MotoresComerciales/Content/Fantastic_Village_Pack/materials/MI_PROP_signpost.uasset" 3946
"C:/Users/bruwu/OneDrive/Documentos/GitHub/MotoresComerciales/MotoresComerciales/Content/Fantastic_Village_Pack/materials/MI_PROP_signpost.uexp" 3947
"C:/Users/bruwu/OneDrive/Documentos/GitHub/MotoresComerciales/MotoresComerciales/Content/Fantastic_Village_Pack/meshes/props/deco/SM_PROP_signpost_03.ubulk" 3948
"C:/Users/bruwu/OneDrive/Documentos/GitHub/MotoresComerciales/MotoresComerciales/Content/Fantastic_Village_Pack/meshes/props/deco/SM_PROP_signpost_03.uasset" 3949
"C:/Users/bruwu/OneDrive/Documentos/GitHub/MotoresComerciales/MotoresComerciales/Content/Fantastic_Village_Pack/meshes/props/deco/SM_PROP_signpost_03.uexp" 3950
"C:/Users/bruwu/OneDrive/Documentos/GitHub/MotoresComerciales/MotoresComerciales/Content/Fantastic_Village_Pack/meshes/buildings/SM_BLD_chimney_v01_03.ubulk" 3951
"C:/Users/bruwu/OneDrive/Documentos/GitHub/MotoresComerciales/MotoresComerciales/Content/Fantastic_Village_Pack/meshes/buildings/SM_BLD_chimney_v01_03.uasset" 3952
"C:/Users/bruwu/OneDrive/Documentos/GitHub/MotoresComerciales/MotoresComerciales/Content/Fantastic_Village_Pack/meshes/buildings/SM_BLD_chimney_v01_03.uexp" 3953
"C:/Users/bruwu/OneDrive/Documentos/GitHub/MotoresComerciales/MotoresComerciales/Content/Fantastic_Village_Pack/meshes/buildings/SM_BLD_body_v02_01.ubulk" 3954
"C:/Users/bruwu/OneDrive/Documentos/GitHub/MotoresComerciales/MotoresComerciales/Content/Fantastic_Village_Pack/meshes/buildings/SM_BLD_body_v02_01.uasset" 3955
"C:/Users/bruwu/OneDrive/Documentos/GitHub/MotoresComerciales/MotoresComerciales/Content/Fantastic_Village_Pack/meshes/buildings/SM_BLD_body_v02_01.uexp" 3956
"C:/Users/bruwu/OneDrive/Documentos/GitHub/MotoresComerciales/MotoresComerciales/Content/Fantastic_Village_Pack/meshes/props/construction/SM_PROP_wall_wood_stairs_02.ubulk" 3957
"C:/Users/bruwu/OneDrive/Documentos/GitHub/MotoresComerciales/MotoresComerciales/Content/Fantastic_Village_Pack/meshes/props/construction/SM_PROP_wall_wood_stairs_02.uasset" 3958
"C:/Users/bruwu/OneDrive/Documentos/GitHub/MotoresComerciales/MotoresComerciales/Content/Fantastic_Village_Pack/meshes/props/construction/SM_PROP_wall_wood_stairs_02.uexp" 3959
"C:/Users/bruwu/OneDrive/Documentos/GitHub/MotoresComerciales/MotoresComerciales/Content/Fantastic_Village_Pack/meshes/props/natural/SM_PROP_PLANT_pot_v6_01.ubulk" 3960
"C:/Users/bruwu/OneDrive/Documentos/GitHub/MotoresComerciales/MotoresComerciales/Content/Fantastic_Village_Pack/meshes/props/natural/SM_PROP_PLANT_pot_v6_01.uasset" 3961
"C:/Users/bruwu/OneDrive/Documentos/GitHub/MotoresComerciales/MotoresComerciales/Content/Fantastic_Village_Pack/meshes/props/natural/SM_PROP_PLANT_pot_v6_01.uexp" 3962
"C:/Users/bruwu/OneDrive/Documentos/GitHub/MotoresComerciales/MotoresComerciales/Content/Fantastic_Village_Pack/meshes/props/construction/SM_PROP_stairs_wood_01.ubulk" 3963
"C:/Users/bruwu/OneDrive/Documentos/GitHub/MotoresComerciales/MotoresComerciales/Content/Fantastic_Village_Pack/meshes/props/construction/SM_PROP_stairs_wood_01.uasset" 3964
"C:/Users/bruwu/OneDrive/Documentos/GitHub/MotoresComerciales/MotoresComerciales/Content/Fantastic_Village_Pack/meshes/props/construction/SM_PROP_stairs_wood_01.uexp" 3965
"C:/Users/bruwu/OneDrive/Documentos/GitHub/MotoresComerciales/MotoresComerciales/Content/Fantastic_Village_Pack/meshes/props/construction/SM_PROP_market_v01_02.ubulk" 3966
"C:/Users/bruwu/OneDrive/Documentos/GitHub/MotoresComerciales/MotoresComerciales/Content/Fantastic_Village_Pack/meshes/props/construction/SM_PROP_market_v01_02.uasset" 3967
"C:/Users/bruwu/OneDrive/Documentos/GitHub/MotoresComerciales/MotoresComerciales/Content/Fantastic_Village_Pack/meshes/props/construction/SM_PROP_market_v01_02.uexp" 3968
"C:/Users/bruwu/OneDrive/Documentos/GitHub/MotoresComerciales/MotoresComerciales/Content/Fantastic_Village_Pack/meshes/buildings/SM_BLD_body_v07_01.ubulk" 3969
"C:/Users/bruwu/OneDrive/Documentos/GitHub/MotoresComerciales/MotoresComerciales/Content/Fantastic_Village_Pack/meshes/buildings/SM_BLD_body_v07_01.uasset" 3970
"C:/Users/bruwu/OneDrive/Documentos/GitHub/MotoresComerciales/MotoresComerciales/Content/Fantastic_Village_Pack/meshes/buildings/SM_BLD_body_v07_01.uexp" 3971
"C:/Users/bruwu/OneDrive/Documentos/GitHub/MotoresComerciales/MotoresComerciales/Content/Fantastic_Village_Pack/meshes/props/deco/SM_PROP_sign_03.ubulk" 3972
"C:/Users/bruwu/OneDrive/Documentos/GitHub/MotoresComerciales/MotoresComerciales/Content/Fantastic_Village_Pack/meshes/props/deco/SM_PROP_sign_03.uasset" 3973
"C:/Users/bruwu/OneDrive/Documentos/GitHub/MotoresComerciales/MotoresComerciales/Content/Fantastic_Village_Pack/meshes/props/deco/SM_PROP_sign_03.uexp" 3974
"C:/Users/bruwu/OneDrive/Documentos/GitHub/MotoresComerciales/MotoresComerciales/Content/Fantastic_Village_Pack/meshes/buildings/SM_BLD_beam_small_v02_02.ubulk" 3975
"C:/Users/bruwu/OneDrive/Documentos/GitHub/MotoresComerciales/MotoresComerciales/Content/Fantastic_Village_Pack/meshes/buildings/SM_BLD_beam_small_v02_02.uasset" 3976
"C:/Users/bruwu/OneDrive/Documentos/GitHub/MotoresComerciales/MotoresComerciales/Content/Fantastic_Village_Pack/meshes/buildings/SM_BLD_beam_small_v02_02.uexp" 3977
"C:/Users/bruwu/OneDrive/Documentos/GitHub/MotoresComerciales/MotoresComerciales/Content/Fantastic_Village_Pack/meshes/props/construction/SM_PROP_market_v04_01.ubulk" 3978
"C:/Users/bruwu/OneDrive/Documentos/GitHub/MotoresComerciales/MotoresComerciales/Content/Fantastic_Village_Pack/meshes/props/construction/SM_PROP_market_v04_01.uasset" 3979
"C:/Users/bruwu/OneDrive/Documentos/GitHub/MotoresComerciales/MotoresComerciales/Content/Fantastic_Village_Pack/meshes/props/construction/SM_PROP_market_v04_01.uexp" 3980
"C:/Users/bruwu/OneDrive/Documentos/GitHub/MotoresComerciales/MotoresComerciales/Content/Fantastic_Village_Pack/meshes/buildings/SM_BLD_window_v08_01.ubulk" 3981
"C:/Users/bruwu/OneDrive/Documentos/GitHub/MotoresComerciales/MotoresComerciales/Content/Fantastic_Village_Pack/meshes/buildings/SM_BLD_window_v08_01.uasset" 3982
"C:/Users/bruwu/OneDrive/Documentos/GitHub/MotoresComerciales/MotoresComerciales/Content/Fantastic_Village_Pack/meshes/buildings/SM_BLD_window_v08_01.uexp" 3983
"C:/Users/bruwu/OneDrive/Documentos/GitHub/MotoresComerciales/MotoresComerciales/Content/Fantastic_Village_Pack/meshes/props/natural/SM_PROP_PLANT_pot_v1_02.ubulk" 3984
"C:/Users/bruwu/OneDrive/Documentos/GitHub/MotoresComerciales/MotoresComerciales/Content/Fantastic_Village_Pack/meshes/props/natural/SM_PROP_PLANT_pot_v1_02.uasset" 3985
"C:/Users/bruwu/OneDrive/Documentos/GitHub/MotoresComerciales/MotoresComerciales/Content/Fantastic_Village_Pack/meshes/props/natural/SM_PROP_PLANT_pot_v1_02.uexp" 3986
"C:/Users/bruwu/OneDrive/Documentos/GitHub/MotoresComerciales/MotoresComerciales/Content/Fantastic_Village_Pack/meshes/buildings/SM_BLD_window_v05_01.ubulk" 3987
"C:/Users/bruwu/OneDrive/Documentos/GitHub/MotoresComerciales/MotoresComerciales/Content/Fantastic_Village_Pack/meshes/buildings/SM_BLD_window_v05_01.uasset" 3988
"C:/Users/bruwu/OneDrive/Documentos/GitHub/MotoresComerciales/MotoresComerciales/Content/Fantastic_Village_Pack/meshes/buildings/SM_BLD_window_v05_01.uexp" 3989
"C:/Users/bruwu/OneDrive/Documentos/GitHub/MotoresComerciales/MotoresComerciales/Content/Fantastic_Village_Pack/meshes/props/deco/SM_PROP_firepit_woodpile.ubulk" 3990
"C:/Users/bruwu/OneDrive/Documentos/GitHub/MotoresComerciales/MotoresComerciales/Content/Fantastic_Village_Pack/meshes/props/deco/SM_PROP_firepit_woodpile.uasset" 3991
"C:/Users/bruwu/OneDrive/Documentos/GitHub/MotoresComerciales/MotoresComerciales/Content/Fantastic_Village_Pack/meshes/props/deco/SM_PROP_firepit_woodpile.uexp" 3992
"C:/Users/bruwu/OneDrive/Documentos/GitHub/MotoresComerciales/MotoresComerciales/Content/Fantastic_Village_Pack/meshes/props/deco/SM_PROP_paper_03.ubulk" 3993
"C:/Users/bruwu/OneDrive/Documentos/GitHub/MotoresComerciales/MotoresComerciales/Content/Fantastic_Village_Pack/meshes/props/deco/SM_PROP_paper_03.uasset" 3994
"C:/Users/bruwu/OneDrive/Documentos/GitHub/MotoresComerciales/MotoresComerciales/Content/Fantastic_Village_Pack/meshes/props/deco/SM_PROP_paper_03.uexp" 3995
"C:/Users/bruwu/OneDrive/Documentos/GitHub/MotoresComerciales/MotoresComerciales/Content/Fantastic_Village_Pack/meshes/buildings/SM_BLD_door_v04_01.ubulk" 3996
"C:/Users/bruwu/OneDrive/Documentos/GitHub/MotoresComerciales/MotoresComerciales/Content/Fantastic_Village_Pack/meshes/buildings/SM_BLD_door_v04_01.uasset" 3997
"C:/Users/bruwu/OneDrive/Documentos/GitHub/MotoresComerciales/MotoresComerciales/Content/Fantastic_Village_Pack/meshes/buildings/SM_BLD_door_v04_01.uexp" 3998
"C:/Users/bruwu/OneDrive/Documentos/GitHub/MotoresComerciales/MotoresComerciales/Content/Fantastic_Village_Pack/meshes/props/light/SM_PROP_streetlamp_v02_03.ubulk" 3999
"C:/Users/bruwu/OneDrive/Documentos/GitHub/MotoresComerciales/MotoresComerciales/Content/Fantastic_Village_Pack/meshes/props/light/SM_PROP_streetlamp_v02_03.uasset" 4000
"C:/Users/bruwu/OneDrive/Documentos/GitHub/MotoresComerciales/MotoresComerciales/Content/Fantastic_Village_Pack/meshes/props/light/SM_PROP_streetlamp_v02_03.uexp" 4001
"C:/Users/bruwu/OneDrive/Documentos/GitHub/MotoresComerciales/MotoresComerciales/Content/Fantastic_Village_Pack/meshes/props/food/SM_PROP_food_mango_02.ubulk" 4002
"C:/Users/bruwu/OneDrive/Documentos/GitHub/MotoresComerciales/MotoresComerciales/Content/Fantastic_Village_Pack/meshes/props/food/SM_PROP_food_mango_02.uasset" 4003
"C:/Users/bruwu/OneDrive/Documentos/GitHub/MotoresComerciales/MotoresComerciales/Content/Fantastic_Village_Pack/meshes/props/food/SM_PROP_food_mango_02.uexp" 4004
"C:/Users/bruwu/OneDrive/Documentos/GitHub/MotoresComerciales/MotoresComerciales/Content/Fantastic_Village_Pack/meshes/props/natural/SM_PROP_PLANT_pot_v2_01.ubulk" 4005
"C:/Users/bruwu/OneDrive/Documentos/GitHub/MotoresComerciales/MotoresComerciales/Content/Fantastic_Village_Pack/meshes/props/natural/SM_PROP_PLANT_pot_v2_01.uasset" 4006
"C:/Users/bruwu/OneDrive/Documentos/GitHub/MotoresComerciales/MotoresComerciales/Content/Fantastic_Village_Pack/meshes/props/natural/SM_PROP_PLANT_pot_v2_01.uexp" 4007
"C:/Users/bruwu/OneDrive/Documentos/GitHub/MotoresComerciales/MotoresComerciales/Content/Fantastic_Village_Pack/meshes/props/natural/SM_PROP_PLANT_pot_v2_03.ubulk" 4008
"C:/Users/bruwu/OneDrive/Documentos/GitHub/MotoresComerciales/MotoresComerciales/Content/Fantastic_Village_Pack/meshes/props/natural/SM_PROP_PLANT_pot_v2_03.uasset" 4009
"C:/Users/bruwu/OneDrive/Documentos/GitHub/MotoresComerciales/MotoresComerciales/Content/Fantastic_Village_Pack/meshes/props/natural/SM_PROP_PLANT_pot_v2_03.uexp" 4010
"C:/Users/bruwu/OneDrive/Documentos/GitHub/MotoresComerciales/MotoresComerciales/Content/Fantastic_Village_Pack/meshes/props/food/SM_PROP_bowl_wood_01.ubulk" 4011
"C:/Users/bruwu/OneDrive/Documentos/GitHub/MotoresComerciales/MotoresComerciales/Content/Fantastic_Village_Pack/meshes/props/food/SM_PROP_bowl_wood_01.uasset" 4012
"C:/Users/bruwu/OneDrive/Documentos/GitHub/MotoresComerciales/MotoresComerciales/Content/Fantastic_Village_Pack/meshes/props/food/SM_PROP_bowl_wood_01.uexp" 4013
"C:/Users/bruwu/OneDrive/Documentos/GitHub/MotoresComerciales/MotoresComerciales/Content/Fantastic_Village_Pack/meshes/props/natural/SM_PROP_stone_03.ubulk" 4014
"C:/Users/bruwu/OneDrive/Documentos/GitHub/MotoresComerciales/MotoresComerciales/Content/Fantastic_Village_Pack/meshes/props/natural/SM_PROP_stone_03.uasset" 4015
"C:/Users/bruwu/OneDrive/Documentos/GitHub/MotoresComerciales/MotoresComerciales/Content/Fantastic_Village_Pack/meshes/props/natural/SM_PROP_stone_03.uexp" 4016
"C:/Users/bruwu/OneDrive/Documentos/GitHub/MotoresComerciales/MotoresComerciales/Content/Fantastic_Village_Pack/meshes/buildings/SM_BLD_beam_small_v01_01.ubulk" 4017
"C:/Users/bruwu/OneDrive/Documentos/GitHub/MotoresComerciales/MotoresComerciales/Content/Fantastic_Village_Pack/meshes/buildings/SM_BLD_beam_small_v01_01.uasset" 4018
"C:/Users/bruwu/OneDrive/Documentos/GitHub/MotoresComerciales/MotoresComerciales/Content/Fantastic_Village_Pack/meshes/buildings/SM_BLD_beam_small_v01_01.uexp" 4019
"C:/Users/bruwu/OneDrive/Documentos/GitHub/MotoresComerciales/MotoresComerciales/Content/Fantastic_Village_Pack/meshes/buildings/SM_BLD_body_add_v02_01.ubulk" 4020
"C:/Users/bruwu/OneDrive/Documentos/GitHub/MotoresComerciales/MotoresComerciales/Content/Fantastic_Village_Pack/meshes/buildings/SM_BLD_body_add_v02_01.uasset" 4021
"C:/Users/bruwu/OneDrive/Documentos/GitHub/MotoresComerciales/MotoresComerciales/Content/Fantastic_Village_Pack/meshes/buildings/SM_BLD_body_add_v02_01.uexp" 4022
"C:/Users/bruwu/OneDrive/Documentos/GitHub/MotoresComerciales/MotoresComerciales/Content/Fantastic_Village_Pack/meshes/props/food/SM_PROP_food_pumpkin_04.ubulk" 4023
"C:/Users/bruwu/OneDrive/Documentos/GitHub/MotoresComerciales/MotoresComerciales/Content/Fantastic_Village_Pack/meshes/props/food/SM_PROP_food_pumpkin_04.uasset" 4024
"C:/Users/bruwu/OneDrive/Documentos/GitHub/MotoresComerciales/MotoresComerciales/Content/Fantastic_Village_Pack/meshes/props/food/SM_PROP_food_pumpkin_04.uexp" 4025
"C:/Users/bruwu/OneDrive/Documentos/GitHub/MotoresComerciales/MotoresComerciales/Content/Fantastic_Village_Pack/meshes/props/deco/SM_PROP_flag_06.ubulk" 4026
"C:/Users/bruwu/OneDrive/Documentos/GitHub/MotoresComerciales/MotoresComerciales/Content/Fantastic_Village_Pack/meshes/props/deco/SM_PROP_flag_06.uasset" 4027
"C:/Users/bruwu/OneDrive/Documentos/GitHub/MotoresComerciales/MotoresComerciales/Content/Fantastic_Village_Pack/meshes/props/deco/SM_PROP_flag_06.uexp" 4028
"C:/Users/bruwu/OneDrive/Documentos/GitHub/MotoresComerciales/MotoresComerciales/Content/Fantastic_Village_Pack/meshes/props/food/SM_PROP_food_egg_04.ubulk" 4029
"C:/Users/bruwu/OneDrive/Documentos/GitHub/MotoresComerciales/MotoresComerciales/Content/Fantastic_Village_Pack/meshes/props/food/SM_PROP_food_egg_04.uasset" 4030
"C:/Users/bruwu/OneDrive/Documentos/GitHub/MotoresComerciales/MotoresComerciales/Content/Fantastic_Village_Pack/meshes/props/food/SM_PROP_food_egg_04.uexp" 4031
"C:/Users/bruwu/OneDrive/Documentos/GitHub/MotoresComerciales/MotoresComerciales/Content/Fantastic_Village_Pack/meshes/props/food/SM_PROP_bottle_09.ubulk" 4032
"C:/Users/bruwu/OneDrive/Documentos/GitHub/MotoresComerciales/MotoresComerciales/Content/Fantastic_Village_Pack/meshes/props/food/SM_PROP_bottle_09.uasset" 4033
"C:/Users/bruwu/OneDrive/Documentos/GitHub/MotoresComerciales/MotoresComerciales/Content/Fantastic_Village_Pack/meshes/props/food/SM_PROP_bottle_09.uexp" 4034
"C:/Users/bruwu/OneDrive/Documentos/GitHub/MotoresComerciales/MotoresComerciales/Content/Fantastic_Village_Pack/meshes/props/deco/SM_PROP_spoon_02.ubulk" 4035
"C:/Users/bruwu/OneDrive/Documentos/GitHub/MotoresComerciales/MotoresComerciales/Content/Fantastic_Village_Pack/meshes/props/deco/SM_PROP_spoon_02.uasset" 4036
"C:/Users/bruwu/OneDrive/Documentos/GitHub/MotoresComerciales/MotoresComerciales/Content/Fantastic_Village_Pack/meshes/props/deco/SM_PROP_spoon_02.uexp" 4037
"C:/Users/bruwu/OneDrive/Documentos/GitHub/MotoresComerciales/MotoresComerciales/Content/Fantastic_Village_Pack/meshes/props/furniture/SM_PROP_table_03.ubulk" 4038
"C:/Users/bruwu/OneDrive/Documentos/GitHub/MotoresComerciales/MotoresComerciales/Content/Fantastic_Village_Pack/meshes/props/furniture/SM_PROP_table_03.uasset" 4039
"C:/Users/bruwu/OneDrive/Documentos/GitHub/MotoresComerciales/MotoresComerciales/Content/Fantastic_Village_Pack/meshes/props/furniture/SM_PROP_table_03.uexp" 4040
"C:/Users/bruwu/OneDrive/Documentos/GitHub/MotoresComerciales/MotoresComerciales/Content/Fantastic_Village_Pack/meshes/props/food/SM_PROP_food_sausage_02.ubulk" 4041
"C:/Users/bruwu/OneDrive/Documentos/GitHub/MotoresComerciales/MotoresComerciales/Content/Fantastic_Village_Pack/meshes/props/food/SM_PROP_food_sausage_02.uasset" 4042
"C:/Users/bruwu/OneDrive/Documentos/GitHub/MotoresComerciales/MotoresComerciales/Content/Fantastic_Village_Pack/meshes/props/food/SM_PROP_food_sausage_02.uexp" 4043
"C:/Users/bruwu/OneDrive/Documentos/GitHub/MotoresComerciales/MotoresComerciales/Content/Fantastic_Village_Pack/meshes/buildings/SM_BLD_body_v06_02.ubulk" 4044
"C:/Users/bruwu/OneDrive/Documentos/GitHub/MotoresComerciales/MotoresComerciales/Content/Fantastic_Village_Pack/meshes/buildings/SM_BLD_body_v06_02.uasset" 4045
"C:/Users/bruwu/OneDrive/Documentos/GitHub/MotoresComerciales/MotoresComerciales/Content/Fantastic_Village_Pack/meshes/buildings/SM_BLD_body_v06_02.uexp" 4046
"C:/Users/bruwu/OneDrive/Documentos/GitHub/MotoresComerciales/MotoresComerciales/Content/Fantastic_Village_Pack/meshes/props/deco/SM_PROP_signpost_04.ubulk" 4047
"C:/Users/bruwu/OneDrive/Documentos/GitHub/MotoresComerciales/MotoresComerciales/Content/Fantastic_Village_Pack/meshes/props/deco/SM_PROP_signpost_04.uasset" 4048
"C:/Users/bruwu/OneDrive/Documentos/GitHub/MotoresComerciales/MotoresComerciales/Content/Fantastic_Village_Pack/meshes/props/deco/SM_PROP_signpost_04.uexp" 4049
"C:/Users/bruwu/OneDrive/Documentos/GitHub/MotoresComerciales/MotoresComerciales/Content/Fantastic_Village_Pack/meshes/props/food/SM_PROP_food_cheese_05.ubulk" 4050
"C:/Users/bruwu/OneDrive/Documentos/GitHub/MotoresComerciales/MotoresComerciales/Content/Fantastic_Village_Pack/meshes/props/food/SM_PROP_food_cheese_05.uasset" 4051
"C:/Users/bruwu/OneDrive/Documentos/GitHub/MotoresComerciales/MotoresComerciales/Content/Fantastic_Village_Pack/meshes/props/food/SM_PROP_food_cheese_05.uexp" 4052
"C:/Users/bruwu/OneDrive/Documentos/GitHub/MotoresComerciales/MotoresComerciales/Content/Fantastic_Village_Pack/meshes/buildings/SM_BLD_window_v04_01.ubulk" 4053
"C:/Users/bruwu/OneDrive/Documentos/GitHub/MotoresComerciales/MotoresComerciales/Content/Fantastic_Village_Pack/meshes/buildings/SM_BLD_window_v04_01.uasset" 4054
"C:/Users/bruwu/OneDrive/Documentos/GitHub/MotoresComerciales/MotoresComerciales/Content/Fantastic_Village_Pack/meshes/buildings/SM_BLD_window_v04_01.uexp" 4055
"C:/Users/bruwu/OneDrive/Documentos/GitHub/MotoresComerciales/MotoresComerciales/Content/Fantastic_Village_Pack/meshes/props/construction/SM_PROP_market_v03_01.ubulk" 4056
"C:/Users/bruwu/OneDrive/Documentos/GitHub/MotoresComerciales/MotoresComerciales/Content/Fantastic_Village_Pack/meshes/props/construction/SM_PROP_market_v03_01.uasset" 4057
"C:/Users/bruwu/OneDrive/Documentos/GitHub/MotoresComerciales/MotoresComerciales/Content/Fantastic_Village_Pack/meshes/props/construction/SM_PROP_market_v03_01.uexp" 4058
"C:/Users/bruwu/OneDrive/Documentos/GitHub/MotoresComerciales/MotoresComerciales/Content/Fantastic_Village_Pack/meshes/props/deco/SM_PROP_board_01.ubulk" 4059
"C:/Users/bruwu/OneDrive/Documentos/GitHub/MotoresComerciales/MotoresComerciales/Content/Fantastic_Village_Pack/meshes/props/deco/SM_PROP_board_01.uasset" 4060
"C:/Users/bruwu/OneDrive/Documentos/GitHub/MotoresComerciales/MotoresComerciales/Content/Fantastic_Village_Pack/meshes/props/deco/SM_PROP_board_01.uexp" 4061
"C:/Users/bruwu/OneDrive/Documentos/GitHub/MotoresComerciales/MotoresComerciales/Content/Fantastic_Village_Pack/meshes/props/deco/SM_PROP_sign_02.ubulk" 4062
"C:/Users/bruwu/OneDrive/Documentos/GitHub/MotoresComerciales/MotoresComerciales/Content/Fantastic_Village_Pack/meshes/props/deco/SM_PROP_sign_02.uasset" 4063
"C:/Users/bruwu/OneDrive/Documentos/GitHub/MotoresComerciales/MotoresComerciales/Content/Fantastic_Village_Pack/meshes/props/deco/SM_PROP_sign_02.uexp" 4064
"C:/Users/bruwu/OneDrive/Documentos/GitHub/MotoresComerciales/MotoresComerciales/Content/Fantastic_Village_Pack/meshes/buildings/SM_BLD_window_v06_01.ubulk" 4065
"C:/Users/bruwu/OneDrive/Documentos/GitHub/MotoresComerciales/MotoresComerciales/Content/Fantastic_Village_Pack/meshes/buildings/SM_BLD_window_v06_01.uasset" 4066
"C:/Users/bruwu/OneDrive/Documentos/GitHub/MotoresComerciales/MotoresComerciales/Content/Fantastic_Village_Pack/meshes/buildings/SM_BLD_window_v06_01.uexp" 4067
"C:/Users/bruwu/OneDrive/Documentos/GitHub/MotoresComerciales/MotoresComerciales/Content/Fantastic_Village_Pack/meshes/props/construction/SM_PROP_market_v02_01.ubulk" 4068
"C:/Users/bruwu/OneDrive/Documentos/GitHub/MotoresComerciales/MotoresComerciales/Content/Fantastic_Village_Pack/meshes/props/construction/SM_PROP_market_v02_01.uasset" 4069
"C:/Users/bruwu/OneDrive/Documentos/GitHub/MotoresComerciales/MotoresComerciales/Content/Fantastic_Village_Pack/meshes/props/construction/SM_PROP_market_v02_01.uexp" 4070
"C:/Users/bruwu/OneDrive/Documentos/GitHub/MotoresComerciales/MotoresComerciales/Content/Fantastic_Village_Pack/meshes/buildings/SM_BLD_beam_small_v03_01.ubulk" 4071
"C:/Users/bruwu/OneDrive/Documentos/GitHub/MotoresComerciales/MotoresComerciales/Content/Fantastic_Village_Pack/meshes/buildings/SM_BLD_beam_small_v03_01.uasset" 4072
"C:/Users/bruwu/OneDrive/Documentos/GitHub/MotoresComerciales/MotoresComerciales/Content/Fantastic_Village_Pack/meshes/buildings/SM_BLD_beam_small_v03_01.uexp" 4073
"C:/Users/bruwu/OneDrive/Documentos/GitHub/MotoresComerciales/MotoresComerciales/Content/Fantastic_Village_Pack/meshes/buildings/SM_BLD_window_v02_01.ubulk" 4074
"C:/Users/bruwu/OneDrive/Documentos/GitHub/MotoresComerciales/MotoresComerciales/Content/Fantastic_Village_Pack/meshes/buildings/SM_BLD_window_v02_01.uasset" 4075
"C:/Users/bruwu/OneDrive/Documentos/GitHub/MotoresComerciales/MotoresComerciales/Content/Fantastic_Village_Pack/meshes/buildings/SM_BLD_window_v02_01.uexp" 4076
"C:/Users/bruwu/OneDrive/Documentos/GitHub/MotoresComerciales/MotoresComerciales/Content/Fantastic_Village_Pack/meshes/props/food/SM_PROP_food_leek.ubulk" 4077
"C:/Users/bruwu/OneDrive/Documentos/GitHub/MotoresComerciales/MotoresComerciales/Content/Fantastic_Village_Pack/meshes/props/food/SM_PROP_food_leek.uasset" 4078
"C:/Users/bruwu/OneDrive/Documentos/GitHub/MotoresComerciales/MotoresComerciales/Content/Fantastic_Village_Pack/meshes/props/food/SM_PROP_food_leek.uexp" 4079
"C:/Users/bruwu/OneDrive/Documentos/GitHub/MotoresComerciales/MotoresComerciales/Content/Fantastic_Village_Pack/meshes/props/food/SM_PROP_food_bread_05.ubulk" 4080
"C:/Users/bruwu/OneDrive/Documentos/GitHub/MotoresComerciales/MotoresComerciales/Content/Fantastic_Village_Pack/meshes/props/food/SM_PROP_food_bread_05.uasset" 4081
"C:/Users/bruwu/OneDrive/Documentos/GitHub/MotoresComerciales/MotoresComerciales/Content/Fantastic_Village_Pack/meshes/props/food/SM_PROP_food_bread_05.uexp" 4082
"C:/Users/bruwu/OneDrive/Documentos/GitHub/MotoresComerciales/MotoresComerciales/Content/Fantastic_Village_Pack/materials/MI_CLR_blue.uasset" 4083
"C:/Users/bruwu/OneDrive/Documentos/GitHub/MotoresComerciales/MotoresComerciales/Content/Fantastic_Village_Pack/materials/MI_CLR_blue.uexp" 4084
"C:/Users/bruwu/OneDrive/Documentos/GitHub/MotoresComerciales/MotoresComerciales/Content/Fantastic_Village_Pack/meshes/props/container/SM_PROP_trough_02.ubulk" 4085
"C:/Users/bruwu/OneDrive/Documentos/GitHub/MotoresComerciales/MotoresComerciales/Content/Fantastic_Village_Pack/meshes/props/container/SM_PROP_trough_02.uasset" 4086
"C:/Users/bruwu/OneDrive/Documentos/GitHub/MotoresComerciales/MotoresComerciales/Content/Fantastic_Village_Pack/meshes/props/container/SM_PROP_trough_02.uexp" 4087
"C:/Users/bruwu/OneDrive/Documentos/GitHub/MotoresComerciales/MotoresComerciales/Content/Fantastic_Village_Pack/meshes/props/food/SM_PROP_food_bread_06.ubulk" 4088
"C:/Users/bruwu/OneDrive/Documentos/GitHub/MotoresComerciales/MotoresComerciales/Content/Fantastic_Village_Pack/meshes/props/food/SM_PROP_food_bread_06.uasset" 4089
"C:/Users/bruwu/OneDrive/Documentos/GitHub/MotoresComerciales/MotoresComerciales/Content/Fantastic_Village_Pack/meshes/props/food/SM_PROP_food_bread_06.uexp" 4090
"C:/Users/bruwu/OneDrive/Documentos/GitHub/MotoresComerciales/MotoresComerciales/Content/Fantastic_Village_Pack/meshes/buildings/SM_BLD_base_v02_01.ubulk" 4091
"C:/Users/bruwu/OneDrive/Documentos/GitHub/MotoresComerciales/MotoresComerciales/Content/Fantastic_Village_Pack/meshes/buildings/SM_BLD_base_v02_01.uasset" 4092
"C:/Users/bruwu/OneDrive/Documentos/GitHub/MotoresComerciales/MotoresComerciales/Content/Fantastic_Village_Pack/meshes/buildings/SM_BLD_base_v02_01.uexp" 4093
"C:/Users/bruwu/OneDrive/Documentos/GitHub/MotoresComerciales/MotoresComerciales/Content/Fantastic_Village_Pack/meshes/props/construction/SM_PROP_fence_v01_01.ubulk" 4094
"C:/Users/bruwu/OneDrive/Documentos/GitHub/MotoresComerciales/MotoresComerciales/Content/Fantastic_Village_Pack/meshes/props/construction/SM_PROP_fence_v01_01.uasset" 4095
"C:/Users/bruwu/OneDrive/Documentos/GitHub/MotoresComerciales/MotoresComerciales/Content/Fantastic_Village_Pack/meshes/props/construction/SM_PROP_fence_v01_01.uexp" 4096
"C:/Users/bruwu/OneDrive/Documentos/GitHub/MotoresComerciales/MotoresComerciales/Content/Fantastic_Village_Pack/meshes/props/furniture/SM_PROP_bench_01.ubulk" 4097
"C:/Users/bruwu/OneDrive/Documentos/GitHub/MotoresComerciales/MotoresComerciales/Content/Fantastic_Village_Pack/meshes/props/furniture/SM_PROP_bench_01.uasset" 4098
"C:/Users/bruwu/OneDrive/Documentos/GitHub/MotoresComerciales/MotoresComerciales/Content/Fantastic_Village_Pack/meshes/props/furniture/SM_PROP_bench_01.uexp" 4099
"C:/Users/bruwu/OneDrive/Documentos/GitHub/MotoresComerciales/MotoresComerciales/Content/Fantastic_Village_Pack/meshes/props/construction/SM_PROP_railing_v02_01.ubulk" 4100
"C:/Users/bruwu/OneDrive/Documentos/GitHub/MotoresComerciales/MotoresComerciales/Content/Fantastic_Village_Pack/meshes/props/construction/SM_PROP_railing_v02_01.uasset" 4101
"C:/Users/bruwu/OneDrive/Documentos/GitHub/MotoresComerciales/MotoresComerciales/Content/Fantastic_Village_Pack/meshes/props/construction/SM_PROP_railing_v02_01.uexp" 4102
"C:/Users/bruwu/OneDrive/Documentos/GitHub/MotoresComerciales/MotoresComerciales/Content/Fantastic_Village_Pack/meshes/props/construction/SM_PROP_wall_wood.ubulk" 4103
"C:/Users/bruwu/OneDrive/Documentos/GitHub/MotoresComerciales/MotoresComerciales/Content/Fantastic_Village_Pack/meshes/props/construction/SM_PROP_wall_wood.uasset" 4104
"C:/Users/bruwu/OneDrive/Documentos/GitHub/MotoresComerciales/MotoresComerciales/Content/Fantastic_Village_Pack/meshes/props/construction/SM_PROP_wall_wood.uexp" 4105
"C:/Users/bruwu/OneDrive/Documentos/GitHub/MotoresComerciales/MotoresComerciales/Content/Fantastic_Village_Pack/meshes/props/food/SM_PROP_food_cucumber_01.ubulk" 4106
"C:/Users/bruwu/OneDrive/Documentos/GitHub/MotoresComerciales/MotoresComerciales/Content/Fantastic_Village_Pack/meshes/props/food/SM_PROP_food_cucumber_01.uasset" 4107
"C:/Users/bruwu/OneDrive/Documentos/GitHub/MotoresComerciales/MotoresComerciales/Content/Fantastic_Village_Pack/meshes/props/food/SM_PROP_food_cucumber_01.uexp" 4108
"C:/Users/bruwu/OneDrive/Documentos/GitHub/MotoresComerciales/MotoresComerciales/Content/Fantastic_Village_Pack/meshes/buildings/SM_BLD_window_v07_01.ubulk" 4109
"C:/Users/bruwu/OneDrive/Documentos/GitHub/MotoresComerciales/MotoresComerciales/Content/Fantastic_Village_Pack/meshes/buildings/SM_BLD_window_v07_01.uasset" 4110
"C:/Users/bruwu/OneDrive/Documentos/GitHub/MotoresComerciales/MotoresComerciales/Content/Fantastic_Village_Pack/meshes/buildings/SM_BLD_window_v07_01.uexp" 4111
"C:/Users/bruwu/OneDrive/Documentos/GitHub/MotoresComerciales/MotoresComerciales/Content/Fantastic_Village_Pack/meshes/buildings/SM_BLD_beam_big_v03_02.ubulk" 4112
"C:/Users/bruwu/OneDrive/Documentos/GitHub/MotoresComerciales/MotoresComerciales/Content/Fantastic_Village_Pack/meshes/buildings/SM_BLD_beam_big_v03_02.uasset" 4113
"C:/Users/bruwu/OneDrive/Documentos/GitHub/MotoresComerciales/MotoresComerciales/Content/Fantastic_Village_Pack/meshes/buildings/SM_BLD_beam_big_v03_02.uexp" 4114
"C:/Users/bruwu/OneDrive/Documentos/GitHub/MotoresComerciales/MotoresComerciales/Content/Fantastic_Village_Pack/meshes/props/food/SM_PROP_sack_07.ubulk" 4115
"C:/Users/bruwu/OneDrive/Documentos/GitHub/MotoresComerciales/MotoresComerciales/Content/Fantastic_Village_Pack/meshes/props/food/SM_PROP_sack_07.uasset" 4116
"C:/Users/bruwu/OneDrive/Documentos/GitHub/MotoresComerciales/MotoresComerciales/Content/Fantastic_Village_Pack/meshes/props/food/SM_PROP_sack_07.uexp" 4117
"C:/Users/bruwu/OneDrive/Documentos/GitHub/MotoresComerciales/MotoresComerciales/Content/Fantastic_Village_Pack/meshes/props/food/SM_PROP_food_orange_02.ubulk" 4118
"C:/Users/bruwu/OneDrive/Documentos/GitHub/MotoresComerciales/MotoresComerciales/Content/Fantastic_Village_Pack/meshes/props/food/SM_PROP_food_orange_02.uasset" 4119
"C:/Users/bruwu/OneDrive/Documentos/GitHub/MotoresComerciales/MotoresComerciales/Content/Fantastic_Village_Pack/meshes/props/food/SM_PROP_food_orange_02.uexp" 4120
"C:/Users/bruwu/OneDrive/Documentos/GitHub/MotoresComerciales/MotoresComerciales/Content/Fantastic_Village_Pack/meshes/props/container/SM_PROP_barrel_03.ubulk" 4121
"C:/Users/bruwu/OneDrive/Documentos/GitHub/MotoresComerciales/MotoresComerciales/Content/Fantastic_Village_Pack/meshes/props/container/SM_PROP_barrel_03.uasset" 4122
"C:/Users/bruwu/OneDrive/Documentos/GitHub/MotoresComerciales/MotoresComerciales/Content/Fantastic_Village_Pack/meshes/props/container/SM_PROP_barrel_03.uexp" 4123
"C:/Users/bruwu/OneDrive/Documentos/GitHub/MotoresComerciales/MotoresComerciales/Content/Fantastic_Village_Pack/meshes/props/vehicles/SM_PROP_cart_wheel_small.ubulk" 4124
"C:/Users/bruwu/OneDrive/Documentos/GitHub/MotoresComerciales/MotoresComerciales/Content/Fantastic_Village_Pack/meshes/props/vehicles/SM_PROP_cart_wheel_small.uasset" 4125
"C:/Users/bruwu/OneDrive/Documentos/GitHub/MotoresComerciales/MotoresComerciales/Content/Fantastic_Village_Pack/meshes/props/vehicles/SM_PROP_cart_wheel_small.uexp" 4126
"C:/Users/bruwu/OneDrive/Documentos/GitHub/MotoresComerciales/MotoresComerciales/Content/Fantastic_Village_Pack/meshes/props/light/SM_PROP_brazier_02.ubulk" 4127
"C:/Users/bruwu/OneDrive/Documentos/GitHub/MotoresComerciales/MotoresComerciales/Content/Fantastic_Village_Pack/meshes/props/light/SM_PROP_brazier_02.uasset" 4128
"C:/Users/bruwu/OneDrive/Documentos/GitHub/MotoresComerciales/MotoresComerciales/Content/Fantastic_Village_Pack/meshes/props/light/SM_PROP_brazier_02.uexp" 4129
"C:/Users/bruwu/OneDrive/Documentos/GitHub/MotoresComerciales/MotoresComerciales/Content/Fantastic_Village_Pack/meshes/buildings/SM_BLD_body_add_v03_01.ubulk" 4130
"C:/Users/bruwu/OneDrive/Documentos/GitHub/MotoresComerciales/MotoresComerciales/Content/Fantastic_Village_Pack/meshes/buildings/SM_BLD_body_add_v03_01.uasset" 4131
"C:/Users/bruwu/OneDrive/Documentos/GitHub/MotoresComerciales/MotoresComerciales/Content/Fantastic_Village_Pack/meshes/buildings/SM_BLD_body_add_v03_01.uexp" 4132
"C:/Users/bruwu/OneDrive/Documentos/GitHub/MotoresComerciales/MotoresComerciales/Content/Fantastic_Village_Pack/meshes/props/container/SM_PROP_box_02.ubulk" 4133
"C:/Users/bruwu/OneDrive/Documentos/GitHub/MotoresComerciales/MotoresComerciales/Content/Fantastic_Village_Pack/meshes/props/container/SM_PROP_box_02.uasset" 4134
"C:/Users/bruwu/OneDrive/Documentos/GitHub/MotoresComerciales/MotoresComerciales/Content/Fantastic_Village_Pack/meshes/props/container/SM_PROP_box_02.uexp" 4135
"C:/Users/bruwu/OneDrive/Documentos/GitHub/MotoresComerciales/MotoresComerciales/Content/Fantastic_Village_Pack/meshes/props/natural/SM_PROP_PLANT_pot_v2_02.ubulk" 4136
"C:/Users/bruwu/OneDrive/Documentos/GitHub/MotoresComerciales/MotoresComerciales/Content/Fantastic_Village_Pack/meshes/props/natural/SM_PROP_PLANT_pot_v2_02.uasset" 4137
"C:/Users/bruwu/OneDrive/Documentos/GitHub/MotoresComerciales/MotoresComerciales/Content/Fantastic_Village_Pack/meshes/props/natural/SM_PROP_PLANT_pot_v2_02.uexp" 4138
"C:/Users/bruwu/OneDrive/Documentos/GitHub/MotoresComerciales/MotoresComerciales/Content/Fantastic_Village_Pack/meshes/props/deco/SM_PROP_sign_01.ubulk" 4139
"C:/Users/bruwu/OneDrive/Documentos/GitHub/MotoresComerciales/MotoresComerciales/Content/Fantastic_Village_Pack/meshes/props/deco/SM_PROP_sign_01.uasset" 4140
"C:/Users/bruwu/OneDrive/Documentos/GitHub/MotoresComerciales/MotoresComerciales/Content/Fantastic_Village_Pack/meshes/props/deco/SM_PROP_sign_01.uexp" 4141
"C:/Users/bruwu/OneDrive/Documentos/GitHub/MotoresComerciales/MotoresComerciales/Content/Fantastic_Village_Pack/meshes/props/food/SM_PROP_food_grapes_01.ubulk" 4142
"C:/Users/bruwu/OneDrive/Documentos/GitHub/MotoresComerciales/MotoresComerciales/Content/Fantastic_Village_Pack/meshes/props/food/SM_PROP_food_grapes_01.uasset" 4143
"C:/Users/bruwu/OneDrive/Documentos/GitHub/MotoresComerciales/MotoresComerciales/Content/Fantastic_Village_Pack/meshes/props/food/SM_PROP_food_grapes_01.uexp" 4144
"C:/Users/bruwu/OneDrive/Documentos/GitHub/MotoresComerciales/MotoresComerciales/Content/Fantastic_Village_Pack/maps/map_village_overview_BuiltData.ubulk" 4145
"C:/Users/bruwu/OneDrive/Documentos/GitHub/MotoresComerciales/MotoresComerciales/Content/Fantastic_Village_Pack/maps/map_village_overview_BuiltData.uasset" 4146
"C:/Users/bruwu/OneDrive/Documentos/GitHub/MotoresComerciales/MotoresComerciales/Content/Fantastic_Village_Pack/maps/map_village_overview_BuiltData.uexp" 4147
"C:/Users/bruwu/OneDrive/Documentos/GitHub/MotoresComerciales/MotoresComerciales/Content/Fantastic_Village_Pack/meshes/buildings/SM_BLD_chimney_v02_02.ubulk" 4148
"C:/Users/bruwu/OneDrive/Documentos/GitHub/MotoresComerciales/MotoresComerciales/Content/Fantastic_Village_Pack/meshes/buildings/SM_BLD_chimney_v02_02.uasset" 4149
"C:/Users/bruwu/OneDrive/Documentos/GitHub/MotoresComerciales/MotoresComerciales/Content/Fantastic_Village_Pack/meshes/buildings/SM_BLD_chimney_v02_02.uexp" 4150
"C:/Users/bruwu/OneDrive/Documentos/GitHub/MotoresComerciales/MotoresComerciales/Content/Fantastic_Village_Pack/meshes/props/food/SM_PROP_food_fish_01.ubulk" 4151
"C:/Users/bruwu/OneDrive/Documentos/GitHub/MotoresComerciales/MotoresComerciales/Content/Fantastic_Village_Pack/meshes/props/food/SM_PROP_food_fish_01.uasset" 4152
"C:/Users/bruwu/OneDrive/Documentos/GitHub/MotoresComerciales/MotoresComerciales/Content/Fantastic_Village_Pack/meshes/props/food/SM_PROP_food_fish_01.uexp" 4153
"C:/Users/bruwu/OneDrive/Documentos/GitHub/MotoresComerciales/MotoresComerciales/Content/Fantastic_Village_Pack/meshes/props/deco/SM_PROP_poster_01.ubulk" 4154
"C:/Users/bruwu/OneDrive/Documentos/GitHub/MotoresComerciales/MotoresComerciales/Content/Fantastic_Village_Pack/meshes/props/deco/SM_PROP_poster_01.uasset" 4155
"C:/Users/bruwu/OneDrive/Documentos/GitHub/MotoresComerciales/MotoresComerciales/Content/Fantastic_Village_Pack/meshes/props/deco/SM_PROP_poster_01.uexp" 4156
"C:/Users/bruwu/OneDrive/Documentos/GitHub/MotoresComerciales/MotoresComerciales/Content/Fantastic_Village_Pack/meshes/props/food/SM_PROP_food_banana_02.ubulk" 4157
"C:/Users/bruwu/OneDrive/Documentos/GitHub/MotoresComerciales/MotoresComerciales/Content/Fantastic_Village_Pack/meshes/props/food/SM_PROP_food_banana_02.uasset" 4158
"C:/Users/bruwu/OneDrive/Documentos/GitHub/MotoresComerciales/MotoresComerciales/Content/Fantastic_Village_Pack/meshes/props/food/SM_PROP_food_banana_02.uexp" 4159
"C:/Users/bruwu/OneDrive/Documentos/GitHub/MotoresComerciales/MotoresComerciales/Content/Fantastic_Village_Pack/meshes/props/food/SM_PROP_food_cucumber_03.ubulk" 4160
"C:/Users/bruwu/OneDrive/Documentos/GitHub/MotoresComerciales/MotoresComerciales/Content/Fantastic_Village_Pack/meshes/props/food/SM_PROP_food_cucumber_03.uasset" 4161
"C:/Users/bruwu/OneDrive/Documentos/GitHub/MotoresComerciales/MotoresComerciales/Content/Fantastic_Village_Pack/meshes/props/food/SM_PROP_food_cucumber_03.uexp" 4162
"C:/Users/bruwu/OneDrive/Documentos/GitHub/MotoresComerciales/MotoresComerciales/Content/Fantastic_Village_Pack/meshes/props/food/SM_PROP_food_springonion.ubulk" 4163
"C:/Users/bruwu/OneDrive/Documentos/GitHub/MotoresComerciales/MotoresComerciales/Content/Fantastic_Village_Pack/meshes/props/food/SM_PROP_food_springonion.uasset" 4164
"C:/Users/bruwu/OneDrive/Documentos/GitHub/MotoresComerciales/MotoresComerciales/Content/Fantastic_Village_Pack/meshes/props/food/SM_PROP_food_springonion.uexp" 4165
"C:/Users/bruwu/OneDrive/Documentos/GitHub/MotoresComerciales/MotoresComerciales/Content/Fantastic_Village_Pack/meshes/props/food/SM_PROP_food_pear.ubulk" 4166
"C:/Users/bruwu/OneDrive/Documentos/GitHub/MotoresComerciales/MotoresComerciales/Content/Fantastic_Village_Pack/meshes/props/food/SM_PROP_food_pear.uasset" 4167
"C:/Users/bruwu/OneDrive/Documentos/GitHub/MotoresComerciales/MotoresComerciales/Content/Fantastic_Village_Pack/meshes/props/food/SM_PROP_food_pear.uexp" 4168
"C:/Users/bruwu/OneDrive/Documentos/GitHub/MotoresComerciales/MotoresComerciales/Content/Fantastic_Village_Pack/meshes/props/construction/SM_PROP_market_v01_01.ubulk" 4169
"C:/Users/bruwu/OneDrive/Documentos/GitHub/MotoresComerciales/MotoresComerciales/Content/Fantastic_Village_Pack/meshes/props/construction/SM_PROP_market_v01_01.uasset" 4170
"C:/Users/bruwu/OneDrive/Documentos/GitHub/MotoresComerciales/MotoresComerciales/Content/Fantastic_Village_Pack/meshes/props/construction/SM_PROP_market_v01_01.uexp" 4171
"C:/Users/bruwu/OneDrive/Documentos/GitHub/MotoresComerciales/MotoresComerciales/Content/Fantastic_Village_Pack/meshes/props/food/SM_PROP_food_corn.ubulk" 4172
"C:/Users/bruwu/OneDrive/Documentos/GitHub/MotoresComerciales/MotoresComerciales/Content/Fantastic_Village_Pack/meshes/props/food/SM_PROP_food_corn.uasset" 4173
"C:/Users/bruwu/OneDrive/Documentos/GitHub/MotoresComerciales/MotoresComerciales/Content/Fantastic_Village_Pack/meshes/props/food/SM_PROP_food_corn.uexp" 4174
"C:/Users/bruwu/OneDrive/Documentos/GitHub/MotoresComerciales/MotoresComerciales/Content/Fantastic_Village_Pack/meshes/buildings/SM_BLD_base_v05_01.ubulk" 4175
"C:/Users/bruwu/OneDrive/Documentos/GitHub/MotoresComerciales/MotoresComerciales/Content/Fantastic_Village_Pack/meshes/buildings/SM_BLD_base_v05_01.uasset" 4176
"C:/Users/bruwu/OneDrive/Documentos/GitHub/MotoresComerciales/MotoresComerciales/Content/Fantastic_Village_Pack/meshes/buildings/SM_BLD_base_v05_01.uexp" 4177
"C:/Users/bruwu/OneDrive/Documentos/GitHub/MotoresComerciales/MotoresComerciales/Content/Fantastic_Village_Pack/meshes/props/container/SM_PROP_box_03.ubulk" 4178
"C:/Users/bruwu/OneDrive/Documentos/GitHub/MotoresComerciales/MotoresComerciales/Content/Fantastic_Village_Pack/meshes/props/container/SM_PROP_box_03.uasset" 4179
"C:/Users/bruwu/OneDrive/Documentos/GitHub/MotoresComerciales/MotoresComerciales/Content/Fantastic_Village_Pack/meshes/props/container/SM_PROP_box_03.uexp" 4180
"C:/Users/bruwu/OneDrive/Documentos/GitHub/MotoresComerciales/MotoresComerciales/Content/Fantastic_Village_Pack/meshes/props/construction/SM_PROP_walkway_wood.ubulk" 4181
"C:/Users/bruwu/OneDrive/Documentos/GitHub/MotoresComerciales/MotoresComerciales/Content/Fantastic_Village_Pack/meshes/props/construction/SM_PROP_walkway_wood.uasset" 4182
"C:/Users/bruwu/OneDrive/Documentos/GitHub/MotoresComerciales/MotoresComerciales/Content/Fantastic_Village_Pack/meshes/props/construction/SM_PROP_walkway_wood.uexp" 4183
"C:/Users/bruwu/OneDrive/Documentos/GitHub/MotoresComerciales/MotoresComerciales/Content/Fantastic_Village_Pack/meshes/props/deco/SM_PROP_paper_01.ubulk" 4184
"C:/Users/bruwu/OneDrive/Documentos/GitHub/MotoresComerciales/MotoresComerciales/Content/Fantastic_Village_Pack/meshes/props/deco/SM_PROP_paper_01.uasset" 4185
"C:/Users/bruwu/OneDrive/Documentos/GitHub/MotoresComerciales/MotoresComerciales/Content/Fantastic_Village_Pack/meshes/props/deco/SM_PROP_paper_01.uexp" 4186
"C:/Users/bruwu/OneDrive/Documentos/GitHub/MotoresComerciales/MotoresComerciales/Content/Fantastic_Village_Pack/meshes/props/food/SM_PROP_bowl_metal.ubulk" 4187
"C:/Users/bruwu/OneDrive/Documentos/GitHub/MotoresComerciales/MotoresComerciales/Content/Fantastic_Village_Pack/meshes/props/food/SM_PROP_bowl_metal.uasset" 4188
"C:/Users/bruwu/OneDrive/Documentos/GitHub/MotoresComerciales/MotoresComerciales/Content/Fantastic_Village_Pack/meshes/props/food/SM_PROP_bowl_metal.uexp" 4189
"C:/Users/bruwu/OneDrive/Documentos/GitHub/MotoresComerciales/MotoresComerciales/Content/Fantastic_Village_Pack/meshes/props/furniture/SM_PROP_table_04.ubulk" 4190
"C:/Users/bruwu/OneDrive/Documentos/GitHub/MotoresComerciales/MotoresComerciales/Content/Fantastic_Village_Pack/meshes/props/furniture/SM_PROP_table_04.uasset" 4191
"C:/Users/bruwu/OneDrive/Documentos/GitHub/MotoresComerciales/MotoresComerciales/Content/Fantastic_Village_Pack/meshes/props/furniture/SM_PROP_table_04.uexp" 4192
"C:/Users/bruwu/OneDrive/Documentos/GitHub/MotoresComerciales/MotoresComerciales/Content/Fantastic_Village_Pack/meshes/props/light/SM_PROP_streetlamp_v01_01.ubulk" 4193
"C:/Users/bruwu/OneDrive/Documentos/GitHub/MotoresComerciales/MotoresComerciales/Content/Fantastic_Village_Pack/meshes/props/light/SM_PROP_streetlamp_v01_01.uasset" 4194
"C:/Users/bruwu/OneDrive/Documentos/GitHub/MotoresComerciales/MotoresComerciales/Content/Fantastic_Village_Pack/meshes/props/light/SM_PROP_streetlamp_v01_01.uexp" 4195
"C:/Users/bruwu/OneDrive/Documentos/GitHub/MotoresComerciales/MotoresComerciales/Content/Fantastic_Village_Pack/meshes/buildings/SM_BLD_stairs_v03_v1.ubulk" 4196
"C:/Users/bruwu/OneDrive/Documentos/GitHub/MotoresComerciales/MotoresComerciales/Content/Fantastic_Village_Pack/meshes/buildings/SM_BLD_stairs_v03_v1.uasset" 4197
"C:/Users/bruwu/OneDrive/Documentos/GitHub/MotoresComerciales/MotoresComerciales/Content/Fantastic_Village_Pack/meshes/buildings/SM_BLD_stairs_v03_v1.uexp" 4198
"C:/Users/bruwu/OneDrive/Documentos/GitHub/MotoresComerciales/MotoresComerciales/Content/Fantastic_Village_Pack/meshes/props/food/SM_PROP_food_bread_01.ubulk" 4199
"C:/Users/bruwu/OneDrive/Documentos/GitHub/MotoresComerciales/MotoresComerciales/Content/Fantastic_Village_Pack/meshes/props/food/SM_PROP_food_bread_01.uasset" 4200
"C:/Users/bruwu/OneDrive/Documentos/GitHub/MotoresComerciales/MotoresComerciales/Content/Fantastic_Village_Pack/meshes/props/food/SM_PROP_food_bread_01.uexp" 4201
"C:/Users/bruwu/OneDrive/Documentos/GitHub/MotoresComerciales/MotoresComerciales/Content/Fantastic_Village_Pack/meshes/props/furniture/SM_PROP_stool_02.ubulk" 4202
"C:/Users/bruwu/OneDrive/Documentos/GitHub/MotoresComerciales/MotoresComerciales/Content/Fantastic_Village_Pack/meshes/props/furniture/SM_PROP_stool_02.uasset" 4203
"C:/Users/bruwu/OneDrive/Documentos/GitHub/MotoresComerciales/MotoresComerciales/Content/Fantastic_Village_Pack/meshes/props/furniture/SM_PROP_stool_02.uexp" 4204
"C:/Users/bruwu/OneDrive/Documentos/GitHub/MotoresComerciales/MotoresComerciales/Content/Fantastic_Village_Pack/meshes/props/deco/SM_PROP_board_02.ubulk" 4205
"C:/Users/bruwu/OneDrive/Documentos/GitHub/MotoresComerciales/MotoresComerciales/Content/Fantastic_Village_Pack/meshes/props/deco/SM_PROP_board_02.uasset" 4206
"C:/Users/bruwu/OneDrive/Documentos/GitHub/MotoresComerciales/MotoresComerciales/Content/Fantastic_Village_Pack/meshes/props/deco/SM_PROP_board_02.uexp" 4207
"C:/Users/bruwu/OneDrive/Documentos/GitHub/MotoresComerciales/MotoresComerciales/Content/Fantastic_Village_Pack/meshes/props/light/SM_PROP_streetlamp_v01_03.ubulk" 4208
"C:/Users/bruwu/OneDrive/Documentos/GitHub/MotoresComerciales/MotoresComerciales/Content/Fantastic_Village_Pack/meshes/props/light/SM_PROP_streetlamp_v01_03.uasset" 4209
"C:/Users/bruwu/OneDrive/Documentos/GitHub/MotoresComerciales/MotoresComerciales/Content/Fantastic_Village_Pack/meshes/props/light/SM_PROP_streetlamp_v01_03.uexp" 4210
"C:/Users/bruwu/OneDrive/Documentos/GitHub/MotoresComerciales/MotoresComerciales/Content/Fantastic_Village_Pack/meshes/props/deco/SM_PROP_plate_metal_02.ubulk" 4211
"C:/Users/bruwu/OneDrive/Documentos/GitHub/MotoresComerciales/MotoresComerciales/Content/Fantastic_Village_Pack/meshes/props/deco/SM_PROP_plate_metal_02.uasset" 4212
"C:/Users/bruwu/OneDrive/Documentos/GitHub/MotoresComerciales/MotoresComerciales/Content/Fantastic_Village_Pack/meshes/props/deco/SM_PROP_plate_metal_02.uexp" 4213
"C:/Users/bruwu/OneDrive/Documentos/GitHub/MotoresComerciales/MotoresComerciales/Content/Fantastic_Village_Pack/meshes/buildings/SM_BLD_beam_big_v02_02.ubulk" 4214
"C:/Users/bruwu/OneDrive/Documentos/GitHub/MotoresComerciales/MotoresComerciales/Content/Fantastic_Village_Pack/meshes/buildings/SM_BLD_beam_big_v02_02.uasset" 4215
"C:/Users/bruwu/OneDrive/Documentos/GitHub/MotoresComerciales/MotoresComerciales/Content/Fantastic_Village_Pack/meshes/buildings/SM_BLD_beam_big_v02_02.uexp" 4216
"C:/Users/bruwu/OneDrive/Documentos/GitHub/MotoresComerciales/MotoresComerciales/Content/Fantastic_Village_Pack/meshes/props/deco/SM_PROP_sign_06.ubulk" 4217
"C:/Users/bruwu/OneDrive/Documentos/GitHub/MotoresComerciales/MotoresComerciales/Content/Fantastic_Village_Pack/meshes/props/deco/SM_PROP_sign_06.uasset" 4218
"C:/Users/bruwu/OneDrive/Documentos/GitHub/MotoresComerciales/MotoresComerciales/Content/Fantastic_Village_Pack/meshes/props/deco/SM_PROP_sign_06.uexp" 4219
"C:/Users/bruwu/OneDrive/Documentos/GitHub/MotoresComerciales/MotoresComerciales/Content/Fantastic_Village_Pack/meshes/props/food/SM_PROP_sack_06.ubulk" 4220
"C:/Users/bruwu/OneDrive/Documentos/GitHub/MotoresComerciales/MotoresComerciales/Content/Fantastic_Village_Pack/meshes/props/food/SM_PROP_sack_06.uasset" 4221
"C:/Users/bruwu/OneDrive/Documentos/GitHub/MotoresComerciales/MotoresComerciales/Content/Fantastic_Village_Pack/meshes/props/food/SM_PROP_sack_06.uexp" 4222
"C:/Users/bruwu/OneDrive/Documentos/GitHub/MotoresComerciales/MotoresComerciales/Content/Fantastic_Village_Pack/meshes/buildings/SM_BLD_body_v05_01.ubulk" 4223
"C:/Users/bruwu/OneDrive/Documentos/GitHub/MotoresComerciales/MotoresComerciales/Content/Fantastic_Village_Pack/meshes/buildings/SM_BLD_body_v05_01.uasset" 4224
"C:/Users/bruwu/OneDrive/Documentos/GitHub/MotoresComerciales/MotoresComerciales/Content/Fantastic_Village_Pack/meshes/buildings/SM_BLD_body_v05_01.uexp" 4225
"C:/Users/bruwu/OneDrive/Documentos/GitHub/MotoresComerciales/MotoresComerciales/Content/Fantastic_Village_Pack/meshes/props/container/SM_PROP_barrel_02.ubulk" 4226
"C:/Users/bruwu/OneDrive/Documentos/GitHub/MotoresComerciales/MotoresComerciales/Content/Fantastic_Village_Pack/meshes/props/container/SM_PROP_barrel_02.uasset" 4227
"C:/Users/bruwu/OneDrive/Documentos/GitHub/MotoresComerciales/MotoresComerciales/Content/Fantastic_Village_Pack/meshes/props/container/SM_PROP_barrel_02.uexp" 4228
"C:/Users/bruwu/OneDrive/Documentos/GitHub/MotoresComerciales/MotoresComerciales/Content/Fantastic_Village_Pack/meshes/props/food/SM_PROP_food_sausage_04.ubulk" 4229
"C:/Users/bruwu/OneDrive/Documentos/GitHub/MotoresComerciales/MotoresComerciales/Content/Fantastic_Village_Pack/meshes/props/food/SM_PROP_food_sausage_04.uasset" 4230
"C:/Users/bruwu/OneDrive/Documentos/GitHub/MotoresComerciales/MotoresComerciales/Content/Fantastic_Village_Pack/meshes/props/food/SM_PROP_food_sausage_04.uexp" 4231
"C:/Users/bruwu/OneDrive/Documentos/GitHub/MotoresComerciales/MotoresComerciales/Content/Fantastic_Village_Pack/meshes/props/food/SM_PROP_food_sausage_01.ubulk" 4232
"C:/Users/bruwu/OneDrive/Documentos/GitHub/MotoresComerciales/MotoresComerciales/Content/Fantastic_Village_Pack/meshes/props/food/SM_PROP_food_sausage_01.uasset" 4233
"C:/Users/bruwu/OneDrive/Documentos/GitHub/MotoresComerciales/MotoresComerciales/Content/Fantastic_Village_Pack/meshes/props/food/SM_PROP_food_sausage_01.uexp" 4234
"C:/Users/bruwu/OneDrive/Documentos/GitHub/MotoresComerciales/MotoresComerciales/Content/Fantastic_Village_Pack/meshes/buildings/SM_BLD_body_v06_01.ubulk" 4235
"C:/Users/bruwu/OneDrive/Documentos/GitHub/MotoresComerciales/MotoresComerciales/Content/Fantastic_Village_Pack/meshes/buildings/SM_BLD_body_v06_01.uasset" 4236
"C:/Users/bruwu/OneDrive/Documentos/GitHub/MotoresComerciales/MotoresComerciales/Content/Fantastic_Village_Pack/meshes/buildings/SM_BLD_body_v06_01.uexp" 4237
"C:/Users/bruwu/OneDrive/Documentos/GitHub/MotoresComerciales/MotoresComerciales/Content/Fantastic_Village_Pack/meshes/props/food/SM_PROP_food_mango_01.ubulk" 4238
"C:/Users/bruwu/OneDrive/Documentos/GitHub/MotoresComerciales/MotoresComerciales/Content/Fantastic_Village_Pack/meshes/props/food/SM_PROP_food_mango_01.uasset" 4239
"C:/Users/bruwu/OneDrive/Documentos/GitHub/MotoresComerciales/MotoresComerciales/Content/Fantastic_Village_Pack/meshes/props/food/SM_PROP_food_mango_01.uexp" 4240
"C:/Users/bruwu/OneDrive/Documentos/GitHub/MotoresComerciales/MotoresComerciales/Content/Fantastic_Village_Pack/meshes/buildings/SM_BLD_door_v03_01.ubulk" 4241
"C:/Users/bruwu/OneDrive/Documentos/GitHub/MotoresComerciales/MotoresComerciales/Content/Fantastic_Village_Pack/meshes/buildings/SM_BLD_door_v03_01.uasset" 4242
"C:/Users/bruwu/OneDrive/Documentos/GitHub/MotoresComerciales/MotoresComerciales/Content/Fantastic_Village_Pack/meshes/buildings/SM_BLD_door_v03_01.uexp" 4243
"C:/Users/bruwu/OneDrive/Documentos/GitHub/MotoresComerciales/MotoresComerciales/Content/Fantastic_Village_Pack/meshes/props/construction/SM_PROP_wall_wood_post_01.ubulk" 4244
"C:/Users/bruwu/OneDrive/Documentos/GitHub/MotoresComerciales/MotoresComerciales/Content/Fantastic_Village_Pack/meshes/props/construction/SM_PROP_wall_wood_post_01.uasset" 4245
"C:/Users/bruwu/OneDrive/Documentos/GitHub/MotoresComerciales/MotoresComerciales/Content/Fantastic_Village_Pack/meshes/props/construction/SM_PROP_wall_wood_post_01.uexp" 4246
"C:/Users/bruwu/OneDrive/Documentos/GitHub/MotoresComerciales/MotoresComerciales/Content/Fantastic_Village_Pack/meshes/props/construction/SM_PROP_railing_v02_02.ubulk" 4247
"C:/Users/bruwu/OneDrive/Documentos/GitHub/MotoresComerciales/MotoresComerciales/Content/Fantastic_Village_Pack/meshes/props/construction/SM_PROP_railing_v02_02.uasset" 4248
"C:/Users/bruwu/OneDrive/Documentos/GitHub/MotoresComerciales/MotoresComerciales/Content/Fantastic_Village_Pack/meshes/props/construction/SM_PROP_railing_v02_02.uexp" 4249
"C:/Users/bruwu/OneDrive/Documentos/GitHub/MotoresComerciales/MotoresComerciales/Content/Fantastic_Village_Pack/meshes/props/food/SM_PROP_food_bellpepper.ubulk" 4250
"C:/Users/bruwu/OneDrive/Documentos/GitHub/MotoresComerciales/MotoresComerciales/Content/Fantastic_Village_Pack/meshes/props/food/SM_PROP_food_bellpepper.uasset" 4251
"C:/Users/bruwu/OneDrive/Documentos/GitHub/MotoresComerciales/MotoresComerciales/Content/Fantastic_Village_Pack/meshes/props/food/SM_PROP_food_bellpepper.uexp" 4252
"C:/Users/bruwu/OneDrive/Documentos/GitHub/MotoresComerciales/MotoresComerciales/Content/Fantastic_Village_Pack/meshes/props/vehicles/SM_PROP_cart_wheel_big.ubulk" 4253
"C:/Users/bruwu/OneDrive/Documentos/GitHub/MotoresComerciales/MotoresComerciales/Content/Fantastic_Village_Pack/meshes/props/vehicles/SM_PROP_cart_wheel_big.uasset" 4254
"C:/Users/bruwu/OneDrive/Documentos/GitHub/MotoresComerciales/MotoresComerciales/Content/Fantastic_Village_Pack/meshes/props/vehicles/SM_PROP_cart_wheel_big.uexp" 4255
"C:/Users/bruwu/OneDrive/Documentos/GitHub/MotoresComerciales/MotoresComerciales/Content/Fantastic_Village_Pack/meshes/buildings/SM_BLD_window_v09_03.ubulk" 4256
"C:/Users/bruwu/OneDrive/Documentos/GitHub/MotoresComerciales/MotoresComerciales/Content/Fantastic_Village_Pack/meshes/buildings/SM_BLD_window_v09_03.uasset" 4257
"C:/Users/bruwu/OneDrive/Documentos/GitHub/MotoresComerciales/MotoresComerciales/Content/Fantastic_Village_Pack/meshes/buildings/SM_BLD_window_v09_03.uexp" 4258
"C:/Users/bruwu/OneDrive/Documentos/GitHub/MotoresComerciales/MotoresComerciales/Content/Fantastic_Village_Pack/meshes/props/food/SM_PROP_food_coconut_02.ubulk" 4259
"C:/Users/bruwu/OneDrive/Documentos/GitHub/MotoresComerciales/MotoresComerciales/Content/Fantastic_Village_Pack/meshes/props/food/SM_PROP_food_coconut_02.uasset" 4260
"C:/Users/bruwu/OneDrive/Documentos/GitHub/MotoresComerciales/MotoresComerciales/Content/Fantastic_Village_Pack/meshes/props/food/SM_PROP_food_coconut_02.uexp" 4261
"C:/Users/bruwu/OneDrive/Documentos/GitHub/MotoresComerciales/MotoresComerciales/Content/Fantastic_Village_Pack/meshes/buildings/SM_BLD_beam_small_v06_03.ubulk" 4262
"C:/Users/bruwu/OneDrive/Documentos/GitHub/MotoresComerciales/MotoresComerciales/Content/Fantastic_Village_Pack/meshes/buildings/SM_BLD_beam_small_v06_03.uasset" 4263
"C:/Users/bruwu/OneDrive/Documentos/GitHub/MotoresComerciales/MotoresComerciales/Content/Fantastic_Village_Pack/meshes/buildings/SM_BLD_beam_small_v06_03.uexp" 4264
"C:/Users/bruwu/OneDrive/Documentos/GitHub/MotoresComerciales/MotoresComerciales/Content/Fantastic_Village_Pack/meshes/buildings/SM_BLD_window_v08_04.ubulk" 4265
"C:/Users/bruwu/OneDrive/Documentos/GitHub/MotoresComerciales/MotoresComerciales/Content/Fantastic_Village_Pack/meshes/buildings/SM_BLD_window_v08_04.uasset" 4266
"C:/Users/bruwu/OneDrive/Documentos/GitHub/MotoresComerciales/MotoresComerciales/Content/Fantastic_Village_Pack/meshes/buildings/SM_BLD_window_v08_04.uexp" 4267
"C:/Users/bruwu/OneDrive/Documentos/GitHub/MotoresComerciales/MotoresComerciales/Content/Fantastic_Village_Pack/meshes/props/light/SM_PROP_lantern_04.ubulk" 4268
"C:/Users/bruwu/OneDrive/Documentos/GitHub/MotoresComerciales/MotoresComerciales/Content/Fantastic_Village_Pack/meshes/props/light/SM_PROP_lantern_04.uasset" 4269
"C:/Users/bruwu/OneDrive/Documentos/GitHub/MotoresComerciales/MotoresComerciales/Content/Fantastic_Village_Pack/meshes/props/light/SM_PROP_lantern_04.uexp" 4270
"C:/Users/bruwu/OneDrive/Documentos/GitHub/MotoresComerciales/MotoresComerciales/Content/Fantastic_Village_Pack/meshes/props/deco/SM_PROP_firepit.ubulk" 4271
"C:/Users/bruwu/OneDrive/Documentos/GitHub/MotoresComerciales/MotoresComerciales/Content/Fantastic_Village_Pack/meshes/props/deco/SM_PROP_firepit.uasset" 4272
"C:/Users/bruwu/OneDrive/Documentos/GitHub/MotoresComerciales/MotoresComerciales/Content/Fantastic_Village_Pack/meshes/props/deco/SM_PROP_firepit.uexp" 4273
"C:/Users/bruwu/OneDrive/Documentos/GitHub/MotoresComerciales/MotoresComerciales/Content/Fantastic_Village_Pack/meshes/buildings/SM_BLD_balcony_v01_01.ubulk" 4274
"C:/Users/bruwu/OneDrive/Documentos/GitHub/MotoresComerciales/MotoresComerciales/Content/Fantastic_Village_Pack/meshes/buildings/SM_BLD_balcony_v01_01.uasset" 4275
"C:/Users/bruwu/OneDrive/Documentos/GitHub/MotoresComerciales/MotoresComerciales/Content/Fantastic_Village_Pack/meshes/buildings/SM_BLD_balcony_v01_01.uexp" 4276
"C:/Users/bruwu/OneDrive/Documentos/GitHub/MotoresComerciales/MotoresComerciales/Content/Fantastic_Village_Pack/meshes/props/food/SM_PROP_cookingpot_big.ubulk" 4277
"C:/Users/bruwu/OneDrive/Documentos/GitHub/MotoresComerciales/MotoresComerciales/Content/Fantastic_Village_Pack/meshes/props/food/SM_PROP_cookingpot_big.uasset" 4278
"C:/Users/bruwu/OneDrive/Documentos/GitHub/MotoresComerciales/MotoresComerciales/Content/Fantastic_Village_Pack/meshes/props/food/SM_PROP_cookingpot_big.uexp" 4279
"C:/Users/bruwu/OneDrive/Documentos/GitHub/MotoresComerciales/MotoresComerciales/Content/Fantastic_Village_Pack/meshes/props/construction/SM_PROP_spikes_v01_03.ubulk" 4280
"C:/Users/bruwu/OneDrive/Documentos/GitHub/MotoresComerciales/MotoresComerciales/Content/Fantastic_Village_Pack/meshes/props/construction/SM_PROP_spikes_v01_03.uasset" 4281
"C:/Users/bruwu/OneDrive/Documentos/GitHub/MotoresComerciales/MotoresComerciales/Content/Fantastic_Village_Pack/meshes/props/construction/SM_PROP_spikes_v01_03.uexp" 4282
"C:/Users/bruwu/OneDrive/Documentos/GitHub/MotoresComerciales/MotoresComerciales/Content/Fantastic_Village_Pack/meshes/props/construction/SM_PROP_wall_stone_small_04.ubulk" 4283
"C:/Users/bruwu/OneDrive/Documentos/GitHub/MotoresComerciales/MotoresComerciales/Content/Fantastic_Village_Pack/meshes/props/construction/SM_PROP_wall_stone_small_04.uasset" 4284
"C:/Users/bruwu/OneDrive/Documentos/GitHub/MotoresComerciales/MotoresComerciales/Content/Fantastic_Village_Pack/meshes/props/construction/SM_PROP_wall_stone_small_04.uexp" 4285
"C:/Users/bruwu/OneDrive/Documentos/GitHub/MotoresComerciales/MotoresComerciales/Content/Fantastic_Village_Pack/meshes/props/construction/SM_PROP_stairs_wood_03.ubulk" 4286
"C:/Users/bruwu/OneDrive/Documentos/GitHub/MotoresComerciales/MotoresComerciales/Content/Fantastic_Village_Pack/meshes/props/construction/SM_PROP_stairs_wood_03.uasset" 4287
"C:/Users/bruwu/OneDrive/Documentos/GitHub/MotoresComerciales/MotoresComerciales/Content/Fantastic_Village_Pack/meshes/props/construction/SM_PROP_stairs_wood_03.uexp" 4288
"C:/Users/bruwu/OneDrive/Documentos/GitHub/MotoresComerciales/MotoresComerciales/Content/Fantastic_Village_Pack/meshes/props/construction/SM_PROP_foundation_wood_02.ubulk" 4289
"C:/Users/bruwu/OneDrive/Documentos/GitHub/MotoresComerciales/MotoresComerciales/Content/Fantastic_Village_Pack/meshes/props/construction/SM_PROP_foundation_wood_02.uasset" 4290
"C:/Users/bruwu/OneDrive/Documentos/GitHub/MotoresComerciales/MotoresComerciales/Content/Fantastic_Village_Pack/meshes/props/construction/SM_PROP_foundation_wood_02.uexp" 4291
"C:/Users/bruwu/OneDrive/Documentos/GitHub/MotoresComerciales/MotoresComerciales/Content/Fantastic_Village_Pack/meshes/props/food/SM_PROP_bottle_08.ubulk" 4292
"C:/Users/bruwu/OneDrive/Documentos/GitHub/MotoresComerciales/MotoresComerciales/Content/Fantastic_Village_Pack/meshes/props/food/SM_PROP_bottle_08.uasset" 4293
"C:/Users/bruwu/OneDrive/Documentos/GitHub/MotoresComerciales/MotoresComerciales/Content/Fantastic_Village_Pack/meshes/props/food/SM_PROP_bottle_08.uexp" 4294
"C:/Users/bruwu/OneDrive/Documentos/GitHub/MotoresComerciales/MotoresComerciales/Content/Fantastic_Village_Pack/meshes/props/food/SM_PROP_food_pumpkin_02.ubulk" 4295
"C:/Users/bruwu/OneDrive/Documentos/GitHub/MotoresComerciales/MotoresComerciales/Content/Fantastic_Village_Pack/meshes/props/food/SM_PROP_food_pumpkin_02.uasset" 4296
"C:/Users/bruwu/OneDrive/Documentos/GitHub/MotoresComerciales/MotoresComerciales/Content/Fantastic_Village_Pack/meshes/props/food/SM_PROP_food_pumpkin_02.uexp" 4297
"C:/Users/bruwu/OneDrive/Documentos/GitHub/MotoresComerciales/MotoresComerciales/Content/Fantastic_Village_Pack/meshes/props/food/SM_PROP_food_potato_01.ubulk" 4298
"C:/Users/bruwu/OneDrive/Documentos/GitHub/MotoresComerciales/MotoresComerciales/Content/Fantastic_Village_Pack/meshes/props/food/SM_PROP_food_potato_01.uasset" 4299
"C:/Users/bruwu/OneDrive/Documentos/GitHub/MotoresComerciales/MotoresComerciales/Content/Fantastic_Village_Pack/meshes/props/food/SM_PROP_food_potato_01.uexp" 4300
"C:/Users/bruwu/OneDrive/Documentos/GitHub/MotoresComerciales/MotoresComerciales/Content/Fantastic_Village_Pack/meshes/props/construction/SM_PROP_railing_v01_01.ubulk" 4301
"C:/Users/bruwu/OneDrive/Documentos/GitHub/MotoresComerciales/MotoresComerciales/Content/Fantastic_Village_Pack/meshes/props/construction/SM_PROP_railing_v01_01.uasset" 4302
"C:/Users/bruwu/OneDrive/Documentos/GitHub/MotoresComerciales/MotoresComerciales/Content/Fantastic_Village_Pack/meshes/props/construction/SM_PROP_railing_v01_01.uexp" 4303
"C:/Users/bruwu/OneDrive/Documentos/GitHub/MotoresComerciales/MotoresComerciales/Content/Fantastic_Village_Pack/meshes/props/food/SM_PROP_crate_05.ubulk" 4304
"C:/Users/bruwu/OneDrive/Documentos/GitHub/MotoresComerciales/MotoresComerciales/Content/Fantastic_Village_Pack/meshes/props/food/SM_PROP_crate_05.uasset" 4305
"C:/Users/bruwu/OneDrive/Documentos/GitHub/MotoresComerciales/MotoresComerciales/Content/Fantastic_Village_Pack/meshes/props/food/SM_PROP_crate_05.uexp" 4306
"C:/Users/bruwu/OneDrive/Documentos/GitHub/MotoresComerciales/MotoresComerciales/Content/Fantastic_Village_Pack/meshes/buildings/SM_BLD_beam_small_v06_02.ubulk" 4307
"C:/Users/bruwu/OneDrive/Documentos/GitHub/MotoresComerciales/MotoresComerciales/Content/Fantastic_Village_Pack/meshes/buildings/SM_BLD_beam_small_v06_02.uasset" 4308
"C:/Users/bruwu/OneDrive/Documentos/GitHub/MotoresComerciales/MotoresComerciales/Content/Fantastic_Village_Pack/meshes/buildings/SM_BLD_beam_small_v06_02.uexp" 4309
"C:/Users/bruwu/OneDrive/Documentos/GitHub/MotoresComerciales/MotoresComerciales/Content/Fantastic_Village_Pack/meshes/props/natural/SM_PROP_hay_01.ubulk" 4310
"C:/Users/bruwu/OneDrive/Documentos/GitHub/MotoresComerciales/MotoresComerciales/Content/Fantastic_Village_Pack/meshes/props/natural/SM_PROP_hay_01.uasset" 4311
"C:/Users/bruwu/OneDrive/Documentos/GitHub/MotoresComerciales/MotoresComerciales/Content/Fantastic_Village_Pack/meshes/props/natural/SM_PROP_hay_01.uexp" 4312
"C:/Users/bruwu/OneDrive/Documentos/GitHub/MotoresComerciales/MotoresComerciales/Content/Fantastic_Village_Pack/meshes/props/construction/SM_PROP_fence_v01_05.ubulk" 4313
"C:/Users/bruwu/OneDrive/Documentos/GitHub/MotoresComerciales/MotoresComerciales/Content/Fantastic_Village_Pack/meshes/props/construction/SM_PROP_fence_v01_05.uasset" 4314
"C:/Users/bruwu/OneDrive/Documentos/GitHub/MotoresComerciales/MotoresComerciales/Content/Fantastic_Village_Pack/meshes/props/construction/SM_PROP_fence_v01_05.uexp" 4315
"C:/Users/bruwu/OneDrive/Documentos/GitHub/MotoresComerciales/MotoresComerciales/Content/Fantastic_Village_Pack/meshes/props/deco/SM_PROP_ladder.ubulk" 4316
"C:/Users/bruwu/OneDrive/Documentos/GitHub/MotoresComerciales/MotoresComerciales/Content/Fantastic_Village_Pack/meshes/props/deco/SM_PROP_ladder.uasset" 4317
"C:/Users/bruwu/OneDrive/Documentos/GitHub/MotoresComerciales/MotoresComerciales/Content/Fantastic_Village_Pack/meshes/props/deco/SM_PROP_ladder.uexp" 4318
"C:/Users/bruwu/OneDrive/Documentos/GitHub/MotoresComerciales/MotoresComerciales/Content/Fantastic_Village_Pack/meshes/props/deco/SM_PROP_flag_03.ubulk" 4319
"C:/Users/bruwu/OneDrive/Documentos/GitHub/MotoresComerciales/MotoresComerciales/Content/Fantastic_Village_Pack/meshes/props/deco/SM_PROP_flag_03.uasset" 4320
"C:/Users/bruwu/OneDrive/Documentos/GitHub/MotoresComerciales/MotoresComerciales/Content/Fantastic_Village_Pack/meshes/props/deco/SM_PROP_flag_03.uexp" 4321
"C:/Users/bruwu/OneDrive/Documentos/GitHub/MotoresComerciales/MotoresComerciales/Content/Fantastic_Village_Pack/meshes/buildings/SM_BLD_beam_small_v04_01.ubulk" 4322
"C:/Users/bruwu/OneDrive/Documentos/GitHub/MotoresComerciales/MotoresComerciales/Content/Fantastic_Village_Pack/meshes/buildings/SM_BLD_beam_small_v04_01.uasset" 4323
"C:/Users/bruwu/OneDrive/Documentos/GitHub/MotoresComerciales/MotoresComerciales/Content/Fantastic_Village_Pack/meshes/buildings/SM_BLD_beam_small_v04_01.uexp" 4324
"C:/Users/bruwu/OneDrive/Documentos/GitHub/MotoresComerciales/MotoresComerciales/Content/Fantastic_Village_Pack/meshes/props/furniture/SM_PROP_stool_01.ubulk" 4325
"C:/Users/bruwu/OneDrive/Documentos/GitHub/MotoresComerciales/MotoresComerciales/Content/Fantastic_Village_Pack/meshes/props/furniture/SM_PROP_stool_01.uasset" 4326
"C:/Users/bruwu/OneDrive/Documentos/GitHub/MotoresComerciales/MotoresComerciales/Content/Fantastic_Village_Pack/meshes/props/furniture/SM_PROP_stool_01.uexp" 4327
"C:/Users/bruwu/OneDrive/Documentos/GitHub/MotoresComerciales/MotoresComerciales/Content/Fantastic_Village_Pack/meshes/props/food/SM_PROP_food_watermelon_03.ubulk" 4328
"C:/Users/bruwu/OneDrive/Documentos/GitHub/MotoresComerciales/MotoresComerciales/Content/Fantastic_Village_Pack/meshes/props/food/SM_PROP_food_watermelon_03.uasset" 4329
"C:/Users/bruwu/OneDrive/Documentos/GitHub/MotoresComerciales/MotoresComerciales/Content/Fantastic_Village_Pack/meshes/props/food/SM_PROP_food_watermelon_03.uexp" 4330
"C:/Users/bruwu/OneDrive/Documentos/GitHub/MotoresComerciales/MotoresComerciales/Content/Fantastic_Village_Pack/meshes/props/construction/SM_PROP_stairs_wood_02.ubulk" 4331
"C:/Users/bruwu/OneDrive/Documentos/GitHub/MotoresComerciales/MotoresComerciales/Content/Fantastic_Village_Pack/meshes/props/construction/SM_PROP_stairs_wood_02.uasset" 4332
"C:/Users/bruwu/OneDrive/Documentos/GitHub/MotoresComerciales/MotoresComerciales/Content/Fantastic_Village_Pack/meshes/props/construction/SM_PROP_stairs_wood_02.uexp" 4333
"C:/Users/bruwu/OneDrive/Documentos/GitHub/MotoresComerciales/MotoresComerciales/Content/Fantastic_Village_Pack/meshes/props/deco/SM_PROP_pan_lid.ubulk" 4334
"C:/Users/bruwu/OneDrive/Documentos/GitHub/MotoresComerciales/MotoresComerciales/Content/Fantastic_Village_Pack/meshes/props/deco/SM_PROP_pan_lid.uasset" 4335
"C:/Users/bruwu/OneDrive/Documentos/GitHub/MotoresComerciales/MotoresComerciales/Content/Fantastic_Village_Pack/meshes/props/deco/SM_PROP_pan_lid.uexp" 4336
"C:/Users/bruwu/OneDrive/Documentos/GitHub/MotoresComerciales/MotoresComerciales/Content/Fantastic_Village_Pack/meshes/props/deco/SM_PROP_clothesline_02.ubulk" 4337
"C:/Users/bruwu/OneDrive/Documentos/GitHub/MotoresComerciales/MotoresComerciales/Content/Fantastic_Village_Pack/meshes/props/deco/SM_PROP_clothesline_02.uasset" 4338
"C:/Users/bruwu/OneDrive/Documentos/GitHub/MotoresComerciales/MotoresComerciales/Content/Fantastic_Village_Pack/meshes/props/deco/SM_PROP_clothesline_02.uexp" 4339
"C:/Users/bruwu/OneDrive/Documentos/GitHub/MotoresComerciales/MotoresComerciales/Content/Fantastic_Village_Pack/meshes/props/food/SM_PROP_food_meat_10.ubulk" 4340
"C:/Users/bruwu/OneDrive/Documentos/GitHub/MotoresComerciales/MotoresComerciales/Content/Fantastic_Village_Pack/meshes/props/food/SM_PROP_food_meat_10.uasset" 4341
"C:/Users/bruwu/OneDrive/Documentos/GitHub/MotoresComerciales/MotoresComerciales/Content/Fantastic_Village_Pack/meshes/props/food/SM_PROP_food_meat_10.uexp" 4342
"C:/Users/bruwu/OneDrive/Documentos/GitHub/MotoresComerciales/MotoresComerciales/Content/Fantastic_Village_Pack/meshes/props/food/SM_PROP_food_meat_11.ubulk" 4343
"C:/Users/bruwu/OneDrive/Documentos/GitHub/MotoresComerciales/MotoresComerciales/Content/Fantastic_Village_Pack/meshes/props/food/SM_PROP_food_meat_11.uasset" 4344
"C:/Users/bruwu/OneDrive/Documentos/GitHub/MotoresComerciales/MotoresComerciales/Content/Fantastic_Village_Pack/meshes/props/food/SM_PROP_food_meat_11.uexp" 4345
"C:/Users/bruwu/OneDrive/Documentos/GitHub/MotoresComerciales/MotoresComerciales/Content/Fantastic_Village_Pack/meshes/props/food/SM_PROP_food_pumpkin_03.ubulk" 4346
"C:/Users/bruwu/OneDrive/Documentos/GitHub/MotoresComerciales/MotoresComerciales/Content/Fantastic_Village_Pack/meshes/props/food/SM_PROP_food_pumpkin_03.uasset" 4347
"C:/Users/bruwu/OneDrive/Documentos/GitHub/MotoresComerciales/MotoresComerciales/Content/Fantastic_Village_Pack/meshes/props/food/SM_PROP_food_pumpkin_03.uexp" 4348
"C:/Users/bruwu/OneDrive/Documentos/GitHub/MotoresComerciales/MotoresComerciales/Content/Fantastic_Village_Pack/meshes/buildings/SM_BLD_beam_small_v05_01.ubulk" 4349
"C:/Users/bruwu/OneDrive/Documentos/GitHub/MotoresComerciales/MotoresComerciales/Content/Fantastic_Village_Pack/meshes/buildings/SM_BLD_beam_small_v05_01.uasset" 4350
"C:/Users/bruwu/OneDrive/Documentos/GitHub/MotoresComerciales/MotoresComerciales/Content/Fantastic_Village_Pack/meshes/buildings/SM_BLD_beam_small_v05_01.uexp" 4351
"C:/Users/bruwu/OneDrive/Documentos/GitHub/MotoresComerciales/MotoresComerciales/Content/Fantastic_Village_Pack/meshes/props/natural/SM_PROP_PLANT_pot_v3_01.ubulk" 4352
"C:/Users/bruwu/OneDrive/Documentos/GitHub/MotoresComerciales/MotoresComerciales/Content/Fantastic_Village_Pack/meshes/props/natural/SM_PROP_PLANT_pot_v3_01.uasset" 4353
"C:/Users/bruwu/OneDrive/Documentos/GitHub/MotoresComerciales/MotoresComerciales/Content/Fantastic_Village_Pack/meshes/props/natural/SM_PROP_PLANT_pot_v3_01.uexp" 4354
"C:/Users/bruwu/OneDrive/Documentos/GitHub/MotoresComerciales/MotoresComerciales/Content/Fantastic_Village_Pack/meshes/props/food/SM_PROP_food_egg_05.ubulk" 4355
"C:/Users/bruwu/OneDrive/Documentos/GitHub/MotoresComerciales/MotoresComerciales/Content/Fantastic_Village_Pack/meshes/props/food/SM_PROP_food_egg_05.uasset" 4356
"C:/Users/bruwu/OneDrive/Documentos/GitHub/MotoresComerciales/MotoresComerciales/Content/Fantastic_Village_Pack/meshes/props/food/SM_PROP_food_egg_05.uexp" 4357
"C:/Users/bruwu/OneDrive/Documentos/GitHub/MotoresComerciales/MotoresComerciales/Content/Fantastic_Village_Pack/meshes/props/construction/SM_PROP_planks_02.ubulk" 4358
"C:/Users/bruwu/OneDrive/Documentos/GitHub/MotoresComerciales/MotoresComerciales/Content/Fantastic_Village_Pack/meshes/props/construction/SM_PROP_planks_02.uasset" 4359
"C:/Users/bruwu/OneDrive/Documentos/GitHub/MotoresComerciales/MotoresComerciales/Content/Fantastic_Village_Pack/meshes/props/construction/SM_PROP_planks_02.uexp" 4360
"C:/Users/bruwu/OneDrive/Documentos/GitHub/MotoresComerciales/MotoresComerciales/Content/Fantastic_Village_Pack/meshes/props/food/SM_PROP_food_chili_03.ubulk" 4361
"C:/Users/bruwu/OneDrive/Documentos/GitHub/MotoresComerciales/MotoresComerciales/Content/Fantastic_Village_Pack/meshes/props/food/SM_PROP_food_chili_03.uasset" 4362
"C:/Users/bruwu/OneDrive/Documentos/GitHub/MotoresComerciales/MotoresComerciales/Content/Fantastic_Village_Pack/meshes/props/food/SM_PROP_food_chili_03.uexp" 4363
"C:/Users/bruwu/OneDrive/Documentos/GitHub/MotoresComerciales/MotoresComerciales/Content/Fantastic_Village_Pack/meshes/props/deco/SM_PROP_sign_04.ubulk" 4364
"C:/Users/bruwu/OneDrive/Documentos/GitHub/MotoresComerciales/MotoresComerciales/Content/Fantastic_Village_Pack/meshes/props/deco/SM_PROP_sign_04.uasset" 4365
"C:/Users/bruwu/OneDrive/Documentos/GitHub/MotoresComerciales/MotoresComerciales/Content/Fantastic_Village_Pack/meshes/props/deco/SM_PROP_sign_04.uexp" 4366
"C:/Users/bruwu/OneDrive/Documentos/GitHub/MotoresComerciales/MotoresComerciales/Content/Fantastic_Village_Pack/meshes/props/light/SM_PROP_brazier_03.ubulk" 4367
"C:/Users/bruwu/OneDrive/Documentos/GitHub/MotoresComerciales/MotoresComerciales/Content/Fantastic_Village_Pack/meshes/props/light/SM_PROP_brazier_03.uasset" 4368
"C:/Users/bruwu/OneDrive/Documentos/GitHub/MotoresComerciales/MotoresComerciales/Content/Fantastic_Village_Pack/meshes/props/light/SM_PROP_brazier_03.uexp" 4369
"C:/Users/bruwu/OneDrive/Documentos/GitHub/MotoresComerciales/MotoresComerciales/Content/Fantastic_Village_Pack/meshes/props/natural/SM_PROP_hay_02.ubulk" 4370
"C:/Users/bruwu/OneDrive/Documentos/GitHub/MotoresComerciales/MotoresComerciales/Content/Fantastic_Village_Pack/meshes/props/natural/SM_PROP_hay_02.uasset" 4371
"C:/Users/bruwu/OneDrive/Documentos/GitHub/MotoresComerciales/MotoresComerciales/Content/Fantastic_Village_Pack/meshes/props/natural/SM_PROP_hay_02.uexp" 4372
"C:/Users/bruwu/OneDrive/Documentos/GitHub/MotoresComerciales/MotoresComerciales/Content/Fantastic_Village_Pack/meshes/props/food/SM_PROP_food_sausage_03.ubulk" 4373
"C:/Users/bruwu/OneDrive/Documentos/GitHub/MotoresComerciales/MotoresComerciales/Content/Fantastic_Village_Pack/meshes/props/food/SM_PROP_food_sausage_03.uasset" 4374
"C:/Users/bruwu/OneDrive/Documentos/GitHub/MotoresComerciales/MotoresComerciales/Content/Fantastic_Village_Pack/meshes/props/food/SM_PROP_food_sausage_03.uexp" 4375
"C:/Users/bruwu/OneDrive/Documentos/GitHub/MotoresComerciales/MotoresComerciales/Content/Fantastic_Village_Pack/meshes/props/construction/SM_PROP_watchtower_wood_02_small.ubulk" 4376
"C:/Users/bruwu/OneDrive/Documentos/GitHub/MotoresComerciales/MotoresComerciales/Content/Fantastic_Village_Pack/meshes/props/construction/SM_PROP_watchtower_wood_02_small.uasset" 4377
"C:/Users/bruwu/OneDrive/Documentos/GitHub/MotoresComerciales/MotoresComerciales/Content/Fantastic_Village_Pack/meshes/props/construction/SM_PROP_watchtower_wood_02_small.uexp" 4378
"C:/Users/bruwu/OneDrive/Documentos/GitHub/MotoresComerciales/MotoresComerciales/Content/Fantastic_Village_Pack/meshes/props/natural/SM_PROP_PLANT_pot_v4_01.ubulk" 4379
"C:/Users/bruwu/OneDrive/Documentos/GitHub/MotoresComerciales/MotoresComerciales/Content/Fantastic_Village_Pack/meshes/props/natural/SM_PROP_PLANT_pot_v4_01.uasset" 4380
"C:/Users/bruwu/OneDrive/Documentos/GitHub/MotoresComerciales/MotoresComerciales/Content/Fantastic_Village_Pack/meshes/props/natural/SM_PROP_PLANT_pot_v4_01.uexp" 4381
"C:/Users/bruwu/OneDrive/Documentos/GitHub/MotoresComerciales/MotoresComerciales/Content/Fantastic_Village_Pack/meshes/buildings/SM_BLD_beam_small_v01_02.ubulk" 4382
"C:/Users/bruwu/OneDrive/Documentos/GitHub/MotoresComerciales/MotoresComerciales/Content/Fantastic_Village_Pack/meshes/buildings/SM_BLD_beam_small_v01_02.uasset" 4383
"C:/Users/bruwu/OneDrive/Documentos/GitHub/MotoresComerciales/MotoresComerciales/Content/Fantastic_Village_Pack/meshes/buildings/SM_BLD_beam_small_v01_02.uexp" 4384
"C:/Users/bruwu/OneDrive/Documentos/GitHub/MotoresComerciales/MotoresComerciales/Content/Fantastic_Village_Pack/meshes/buildings/SM_BLD_window_v01_01.ubulk" 4385
"C:/Users/bruwu/OneDrive/Documentos/GitHub/MotoresComerciales/MotoresComerciales/Content/Fantastic_Village_Pack/meshes/buildings/SM_BLD_window_v01_01.uasset" 4386
"C:/Users/bruwu/OneDrive/Documentos/GitHub/MotoresComerciales/MotoresComerciales/Content/Fantastic_Village_Pack/meshes/buildings/SM_BLD_window_v01_01.uexp" 4387
"C:/Users/bruwu/OneDrive/Documentos/GitHub/MotoresComerciales/MotoresComerciales/Content/Fantastic_Village_Pack/meshes/buildings/SM_BLD_window_v03_01.ubulk" 4388
"C:/Users/bruwu/OneDrive/Documentos/GitHub/MotoresComerciales/MotoresComerciales/Content/Fantastic_Village_Pack/meshes/buildings/SM_BLD_window_v03_01.uasset" 4389
"C:/Users/bruwu/OneDrive/Documentos/GitHub/MotoresComerciales/MotoresComerciales/Content/Fantastic_Village_Pack/meshes/buildings/SM_BLD_window_v03_01.uexp" 4390
"C:/Users/bruwu/OneDrive/Documentos/GitHub/MotoresComerciales/MotoresComerciales/Content/Fantastic_Village_Pack/meshes/props/food/SM_PROP_food_chili_01.ubulk" 4391
"C:/Users/bruwu/OneDrive/Documentos/GitHub/MotoresComerciales/MotoresComerciales/Content/Fantastic_Village_Pack/meshes/props/food/SM_PROP_food_chili_01.uasset" 4392
"C:/Users/bruwu/OneDrive/Documentos/GitHub/MotoresComerciales/MotoresComerciales/Content/Fantastic_Village_Pack/meshes/props/food/SM_PROP_food_chili_01.uexp" 4393
"C:/Users/bruwu/OneDrive/Documentos/GitHub/MotoresComerciales/MotoresComerciales/Content/Fantastic_Village_Pack/meshes/props/natural/SM_PROP_PLANT_pot_v2_04.ubulk" 4394
"C:/Users/bruwu/OneDrive/Documentos/GitHub/MotoresComerciales/MotoresComerciales/Content/Fantastic_Village_Pack/meshes/props/natural/SM_PROP_PLANT_pot_v2_04.uasset" 4395
"C:/Users/bruwu/OneDrive/Documentos/GitHub/MotoresComerciales/MotoresComerciales/Content/Fantastic_Village_Pack/meshes/props/natural/SM_PROP_PLANT_pot_v2_04.uexp" 4396
"C:/Users/bruwu/OneDrive/Documentos/GitHub/MotoresComerciales/MotoresComerciales/Content/Fantastic_Village_Pack/meshes/props/food/SM_PROP_food_sausage_05.ubulk" 4397
"C:/Users/bruwu/OneDrive/Documentos/GitHub/MotoresComerciales/MotoresComerciales/Content/Fantastic_Village_Pack/meshes/props/food/SM_PROP_food_sausage_05.uasset" 4398
"C:/Users/bruwu/OneDrive/Documentos/GitHub/MotoresComerciales/MotoresComerciales/Content/Fantastic_Village_Pack/meshes/props/food/SM_PROP_food_sausage_05.uexp" 4399
"C:/Users/bruwu/OneDrive/Documentos/GitHub/MotoresComerciales/MotoresComerciales/Content/Fantastic_Village_Pack/meshes/props/deco/SM_PROP_cup.ubulk" 4400
"C:/Users/bruwu/OneDrive/Documentos/GitHub/MotoresComerciales/MotoresComerciales/Content/Fantastic_Village_Pack/meshes/props/deco/SM_PROP_cup.uasset" 4401
"C:/Users/bruwu/OneDrive/Documentos/GitHub/MotoresComerciales/MotoresComerciales/Content/Fantastic_Village_Pack/meshes/props/deco/SM_PROP_cup.uexp" 4402
"C:/Users/bruwu/OneDrive/Documentos/GitHub/MotoresComerciales/MotoresComerciales/Content/Fantastic_Village_Pack/meshes/props/construction/SM_PROP_spikes_v01_02.ubulk" 4403
"C:/Users/bruwu/OneDrive/Documentos/GitHub/MotoresComerciales/MotoresComerciales/Content/Fantastic_Village_Pack/meshes/props/construction/SM_PROP_spikes_v01_02.uasset" 4404
"C:/Users/bruwu/OneDrive/Documentos/GitHub/MotoresComerciales/MotoresComerciales/Content/Fantastic_Village_Pack/meshes/props/construction/SM_PROP_spikes_v01_02.uexp" 4405
"C:/Users/bruwu/OneDrive/Documentos/GitHub/MotoresComerciales/MotoresComerciales/Content/Fantastic_Village_Pack/meshes/props/natural/SM_PROP_treetrunk_03.ubulk" 4406
"C:/Users/bruwu/OneDrive/Documentos/GitHub/MotoresComerciales/MotoresComerciales/Content/Fantastic_Village_Pack/meshes/props/natural/SM_PROP_treetrunk_03.uasset" 4407
"C:/Users/bruwu/OneDrive/Documentos/GitHub/MotoresComerciales/MotoresComerciales/Content/Fantastic_Village_Pack/meshes/props/natural/SM_PROP_treetrunk_03.uexp" 4408
"C:/Users/bruwu/OneDrive/Documentos/GitHub/MotoresComerciales/MotoresComerciales/Content/Fantastic_Village_Pack/meshes/buildings/SM_BLD_stairs_v04_v1.ubulk" 4409
"C:/Users/bruwu/OneDrive/Documentos/GitHub/MotoresComerciales/MotoresComerciales/Content/Fantastic_Village_Pack/meshes/buildings/SM_BLD_stairs_v04_v1.uasset" 4410
"C:/Users/bruwu/OneDrive/Documentos/GitHub/MotoresComerciales/MotoresComerciales/Content/Fantastic_Village_Pack/meshes/buildings/SM_BLD_stairs_v04_v1.uexp" 4411
"C:/Users/bruwu/OneDrive/Documentos/GitHub/MotoresComerciales/MotoresComerciales/Content/Fantastic_Village_Pack/meshes/props/deco/SM_PROP_plate_metal_01.ubulk" 4412
"C:/Users/bruwu/OneDrive/Documentos/GitHub/MotoresComerciales/MotoresComerciales/Content/Fantastic_Village_Pack/meshes/props/deco/SM_PROP_plate_metal_01.uasset" 4413
"C:/Users/bruwu/OneDrive/Documentos/GitHub/MotoresComerciales/MotoresComerciales/Content/Fantastic_Village_Pack/meshes/props/deco/SM_PROP_plate_metal_01.uexp" 4414
"C:/Users/bruwu/OneDrive/Documentos/GitHub/MotoresComerciales/MotoresComerciales/Content/Fantastic_Village_Pack/meshes/props/light/SM_PROP_lantern_02.ubulk" 4415
"C:/Users/bruwu/OneDrive/Documentos/GitHub/MotoresComerciales/MotoresComerciales/Content/Fantastic_Village_Pack/meshes/props/light/SM_PROP_lantern_02.uasset" 4416
"C:/Users/bruwu/OneDrive/Documentos/GitHub/MotoresComerciales/MotoresComerciales/Content/Fantastic_Village_Pack/meshes/props/light/SM_PROP_lantern_02.uexp" 4417
"C:/Users/bruwu/OneDrive/Documentos/GitHub/MotoresComerciales/MotoresComerciales/Content/Fantastic_Village_Pack/meshes/props/construction/SM_PROP_fence_v02_03.ubulk" 4418
"C:/Users/bruwu/OneDrive/Documentos/GitHub/MotoresComerciales/MotoresComerciales/Content/Fantastic_Village_Pack/meshes/props/construction/SM_PROP_fence_v02_03.uasset" 4419
"C:/Users/bruwu/OneDrive/Documentos/GitHub/MotoresComerciales/MotoresComerciales/Content/Fantastic_Village_Pack/meshes/props/construction/SM_PROP_fence_v02_03.uexp" 4420
"C:/Users/bruwu/OneDrive/Documentos/GitHub/MotoresComerciales/MotoresComerciales/Content/Fantastic_Village_Pack/meshes/props/deco/SM_PROP_signpost_02.ubulk" 4421
"C:/Users/bruwu/OneDrive/Documentos/GitHub/MotoresComerciales/MotoresComerciales/Content/Fantastic_Village_Pack/meshes/props/deco/SM_PROP_signpost_02.uasset" 4422
"C:/Users/bruwu/OneDrive/Documentos/GitHub/MotoresComerciales/MotoresComerciales/Content/Fantastic_Village_Pack/meshes/props/deco/SM_PROP_signpost_02.uexp" 4423
"C:/Users/bruwu/OneDrive/Documentos/GitHub/MotoresComerciales/MotoresComerciales/Content/Fantastic_Village_Pack/meshes/props/construction/SM_PROP_fence_v01_03.ubulk" 4424
"C:/Users/bruwu/OneDrive/Documentos/GitHub/MotoresComerciales/MotoresComerciales/Content/Fantastic_Village_Pack/meshes/props/construction/SM_PROP_fence_v01_03.uasset" 4425
"C:/Users/bruwu/OneDrive/Documentos/GitHub/MotoresComerciales/MotoresComerciales/Content/Fantastic_Village_Pack/meshes/props/construction/SM_PROP_fence_v01_03.uexp" 4426
"C:/Users/bruwu/OneDrive/Documentos/GitHub/MotoresComerciales/MotoresComerciales/Content/Fantastic_Village_Pack/meshes/props/food/SM_PROP_bottle_06.ubulk" 4427
"C:/Users/bruwu/OneDrive/Documentos/GitHub/MotoresComerciales/MotoresComerciales/Content/Fantastic_Village_Pack/meshes/props/food/SM_PROP_bottle_06.uasset" 4428
"C:/Users/bruwu/OneDrive/Documentos/GitHub/MotoresComerciales/MotoresComerciales/Content/Fantastic_Village_Pack/meshes/props/food/SM_PROP_bottle_06.uexp" 4429
"C:/Users/bruwu/OneDrive/Documentos/GitHub/MotoresComerciales/MotoresComerciales/Content/Fantastic_Village_Pack/meshes/props/construction/SM_PROP_wall_wood_corner_01.ubulk" 4430
"C:/Users/bruwu/OneDrive/Documentos/GitHub/MotoresComerciales/MotoresComerciales/Content/Fantastic_Village_Pack/meshes/props/construction/SM_PROP_wall_wood_corner_01.uasset" 4431
"C:/Users/bruwu/OneDrive/Documentos/GitHub/MotoresComerciales/MotoresComerciales/Content/Fantastic_Village_Pack/meshes/props/construction/SM_PROP_wall_wood_corner_01.uexp" 4432
"C:/Users/bruwu/OneDrive/Documentos/GitHub/MotoresComerciales/MotoresComerciales/Content/Fantastic_Village_Pack/meshes/props/natural/SM_PROP_treetrunk_04.ubulk" 4433
"C:/Users/bruwu/OneDrive/Documentos/GitHub/MotoresComerciales/MotoresComerciales/Content/Fantastic_Village_Pack/meshes/props/natural/SM_PROP_treetrunk_04.uasset" 4434
"C:/Users/bruwu/OneDrive/Documentos/GitHub/MotoresComerciales/MotoresComerciales/Content/Fantastic_Village_Pack/meshes/props/natural/SM_PROP_treetrunk_04.uexp" 4435
"C:/Users/bruwu/OneDrive/Documentos/GitHub/MotoresComerciales/MotoresComerciales/Content/Fantastic_Village_Pack/meshes/props/container/SM_PROP_barrel_07.ubulk" 4436
"C:/Users/bruwu/OneDrive/Documentos/GitHub/MotoresComerciales/MotoresComerciales/Content/Fantastic_Village_Pack/meshes/props/container/SM_PROP_barrel_07.uasset" 4437
"C:/Users/bruwu/OneDrive/Documentos/GitHub/MotoresComerciales/MotoresComerciales/Content/Fantastic_Village_Pack/meshes/props/container/SM_PROP_barrel_07.uexp" 4438
"C:/Users/bruwu/OneDrive/Documentos/GitHub/MotoresComerciales/MotoresComerciales/Content/Fantastic_Village_Pack/meshes/props/construction/SM_PROP_wall_wood_corner_02.ubulk" 4439
"C:/Users/bruwu/OneDrive/Documentos/GitHub/MotoresComerciales/MotoresComerciales/Content/Fantastic_Village_Pack/meshes/props/construction/SM_PROP_wall_wood_corner_02.uasset" 4440
"C:/Users/bruwu/OneDrive/Documentos/GitHub/MotoresComerciales/MotoresComerciales/Content/Fantastic_Village_Pack/meshes/props/construction/SM_PROP_wall_wood_corner_02.uexp" 4441
"C:/Users/bruwu/OneDrive/Documentos/GitHub/MotoresComerciales/MotoresComerciales/Content/Fantastic_Village_Pack/meshes/props/furniture/SM_PROP_chair_03.ubulk" 4442
"C:/Users/bruwu/OneDrive/Documentos/GitHub/MotoresComerciales/MotoresComerciales/Content/Fantastic_Village_Pack/meshes/props/furniture/SM_PROP_chair_03.uasset" 4443
"C:/Users/bruwu/OneDrive/Documentos/GitHub/MotoresComerciales/MotoresComerciales/Content/Fantastic_Village_Pack/meshes/props/furniture/SM_PROP_chair_03.uexp" 4444
"C:/Users/bruwu/OneDrive/Documentos/GitHub/MotoresComerciales/MotoresComerciales/Content/Fantastic_Village_Pack/meshes/props/container/SM_PROP_basket_01.ubulk" 4445
"C:/Users/bruwu/OneDrive/Documentos/GitHub/MotoresComerciales/MotoresComerciales/Content/Fantastic_Village_Pack/meshes/props/container/SM_PROP_basket_01.uasset" 4446
"C:/Users/bruwu/OneDrive/Documentos/GitHub/MotoresComerciales/MotoresComerciales/Content/Fantastic_Village_Pack/meshes/props/container/SM_PROP_basket_01.uexp" 4447
"C:/Users/bruwu/OneDrive/Documentos/GitHub/MotoresComerciales/MotoresComerciales/Content/Fantastic_Village_Pack/meshes/props/food/SM_PROP_bottle_02.ubulk" 4448
"C:/Users/bruwu/OneDrive/Documentos/GitHub/MotoresComerciales/MotoresComerciales/Content/Fantastic_Village_Pack/meshes/props/food/SM_PROP_bottle_02.uasset" 4449
"C:/Users/bruwu/OneDrive/Documentos/GitHub/MotoresComerciales/MotoresComerciales/Content/Fantastic_Village_Pack/meshes/props/food/SM_PROP_bottle_02.uexp" 4450
"C:/Users/bruwu/OneDrive/Documentos/GitHub/MotoresComerciales/MotoresComerciales/Content/Fantastic_Village_Pack/meshes/buildings/SM_BLD_window_v09_04.ubulk" 4451
"C:/Users/bruwu/OneDrive/Documentos/GitHub/MotoresComerciales/MotoresComerciales/Content/Fantastic_Village_Pack/meshes/buildings/SM_BLD_window_v09_04.uasset" 4452
"C:/Users/bruwu/OneDrive/Documentos/GitHub/MotoresComerciales/MotoresComerciales/Content/Fantastic_Village_Pack/meshes/buildings/SM_BLD_window_v09_04.uexp" 4453
"C:/Users/bruwu/OneDrive/Documentos/GitHub/MotoresComerciales/MotoresComerciales/Content/Fantastic_Village_Pack/meshes/props/container/SM_PROP_bucket_02.ubulk" 4454
"C:/Users/bruwu/OneDrive/Documentos/GitHub/MotoresComerciales/MotoresComerciales/Content/Fantastic_Village_Pack/meshes/props/container/SM_PROP_bucket_02.uasset" 4455
"C:/Users/bruwu/OneDrive/Documentos/GitHub/MotoresComerciales/MotoresComerciales/Content/Fantastic_Village_Pack/meshes/props/container/SM_PROP_bucket_02.uexp" 4456
"C:/Users/bruwu/OneDrive/Documentos/GitHub/MotoresComerciales/MotoresComerciales/Content/Fantastic_Village_Pack/meshes/buildings/SM_BLD_base_v04_02.ubulk" 4457
"C:/Users/bruwu/OneDrive/Documentos/GitHub/MotoresComerciales/MotoresComerciales/Content/Fantastic_Village_Pack/meshes/buildings/SM_BLD_base_v04_02.uasset" 4458
"C:/Users/bruwu/OneDrive/Documentos/GitHub/MotoresComerciales/MotoresComerciales/Content/Fantastic_Village_Pack/meshes/buildings/SM_BLD_base_v04_02.uexp" 4459
"C:/Users/bruwu/OneDrive/Documentos/GitHub/MotoresComerciales/MotoresComerciales/Content/Fantastic_Village_Pack/meshes/buildings/SM_BLD_waterwheel_construct.ubulk" 4460
"C:/Users/bruwu/OneDrive/Documentos/GitHub/MotoresComerciales/MotoresComerciales/Content/Fantastic_Village_Pack/meshes/buildings/SM_BLD_waterwheel_construct.uasset" 4461
"C:/Users/bruwu/OneDrive/Documentos/GitHub/MotoresComerciales/MotoresComerciales/Content/Fantastic_Village_Pack/meshes/buildings/SM_BLD_waterwheel_construct.uexp" 4462
"C:/Users/bruwu/OneDrive/Documentos/GitHub/MotoresComerciales/MotoresComerciales/Content/Fantastic_Village_Pack/meshes/props/food/SM_PROP_food_chili_02.ubulk" 4463
"C:/Users/bruwu/OneDrive/Documentos/GitHub/MotoresComerciales/MotoresComerciales/Content/Fantastic_Village_Pack/meshes/props/food/SM_PROP_food_chili_02.uasset" 4464
"C:/Users/bruwu/OneDrive/Documentos/GitHub/MotoresComerciales/MotoresComerciales/Content/Fantastic_Village_Pack/meshes/props/food/SM_PROP_food_chili_02.uexp" 4465
"C:/Users/bruwu/OneDrive/Documentos/GitHub/MotoresComerciales/MotoresComerciales/Content/Fantastic_Village_Pack/meshes/props/deco/SM_PROP_signpost_01.ubulk" 4466
"C:/Users/bruwu/OneDrive/Documentos/GitHub/MotoresComerciales/MotoresComerciales/Content/Fantastic_Village_Pack/meshes/props/deco/SM_PROP_signpost_01.uasset" 4467
"C:/Users/bruwu/OneDrive/Documentos/GitHub/MotoresComerciales/MotoresComerciales/Content/Fantastic_Village_Pack/meshes/props/deco/SM_PROP_signpost_01.uexp" 4468
"C:/Users/bruwu/OneDrive/Documentos/GitHub/MotoresComerciales/MotoresComerciales/Content/Fantastic_Village_Pack/meshes/props/light/SM_PROP_brazier_05.ubulk" 4469
"C:/Users/bruwu/OneDrive/Documentos/GitHub/MotoresComerciales/MotoresComerciales/Content/Fantastic_Village_Pack/meshes/props/light/SM_PROP_brazier_05.uasset" 4470
"C:/Users/bruwu/OneDrive/Documentos/GitHub/MotoresComerciales/MotoresComerciales/Content/Fantastic_Village_Pack/meshes/props/light/SM_PROP_brazier_05.uexp" 4471
"C:/Users/bruwu/OneDrive/Documentos/GitHub/MotoresComerciales/MotoresComerciales/Content/Fantastic_Village_Pack/meshes/props/construction/SM_PROP_watchtower_wood_01.ubulk" 4472
"C:/Users/bruwu/OneDrive/Documentos/GitHub/MotoresComerciales/MotoresComerciales/Content/Fantastic_Village_Pack/meshes/props/construction/SM_PROP_watchtower_wood_01.uasset" 4473
"C:/Users/bruwu/OneDrive/Documentos/GitHub/MotoresComerciales/MotoresComerciales/Content/Fantastic_Village_Pack/meshes/props/construction/SM_PROP_watchtower_wood_01.uexp" 4474
"C:/Users/bruwu/OneDrive/Documentos/GitHub/MotoresComerciales/MotoresComerciales/Content/Fantastic_Village_Pack/meshes/props/food/SM_PROP_food_cheese_04.ubulk" 4475
"C:/Users/bruwu/OneDrive/Documentos/GitHub/MotoresComerciales/MotoresComerciales/Content/Fantastic_Village_Pack/meshes/props/food/SM_PROP_food_cheese_04.uasset" 4476
"C:/Users/bruwu/OneDrive/Documentos/GitHub/MotoresComerciales/MotoresComerciales/Content/Fantastic_Village_Pack/meshes/props/food/SM_PROP_food_cheese_04.uexp" 4477
"C:/Users/bruwu/OneDrive/Documentos/GitHub/MotoresComerciales/MotoresComerciales/Content/Fantastic_Village_Pack/meshes/props/food/SM_PROP_food_lemon_03.ubulk" 4478
"C:/Users/bruwu/OneDrive/Documentos/GitHub/MotoresComerciales/MotoresComerciales/Content/Fantastic_Village_Pack/meshes/props/food/SM_PROP_food_lemon_03.uasset" 4479
"C:/Users/bruwu/OneDrive/Documentos/GitHub/MotoresComerciales/MotoresComerciales/Content/Fantastic_Village_Pack/meshes/props/food/SM_PROP_food_lemon_03.uexp" 4480
"C:/Users/bruwu/OneDrive/Documentos/GitHub/MotoresComerciales/MotoresComerciales/Content/Fantastic_Village_Pack/meshes/props/food/SM_PROP_sack_10.ubulk" 4481
"C:/Users/bruwu/OneDrive/Documentos/GitHub/MotoresComerciales/MotoresComerciales/Content/Fantastic_Village_Pack/meshes/props/food/SM_PROP_sack_10.uasset" 4482
"C:/Users/bruwu/OneDrive/Documentos/GitHub/MotoresComerciales/MotoresComerciales/Content/Fantastic_Village_Pack/meshes/props/food/SM_PROP_sack_10.uexp" 4483
"C:/Users/bruwu/OneDrive/Documentos/GitHub/MotoresComerciales/MotoresComerciales/Content/Fantastic_Village_Pack/meshes/props/food/SM_PROP_sack_11.ubulk" 4484
"C:/Users/bruwu/OneDrive/Documentos/GitHub/MotoresComerciales/MotoresComerciales/Content/Fantastic_Village_Pack/meshes/props/food/SM_PROP_sack_11.uasset" 4485
"C:/Users/bruwu/OneDrive/Documentos/GitHub/MotoresComerciales/MotoresComerciales/Content/Fantastic_Village_Pack/meshes/props/food/SM_PROP_sack_11.uexp" 4486
"C:/Users/bruwu/OneDrive/Documentos/GitHub/MotoresComerciales/MotoresComerciales/Content/Fantastic_Village_Pack/meshes/props/container/SM_PROP_basket_02.ubulk" 4487
"C:/Users/bruwu/OneDrive/Documentos/GitHub/MotoresComerciales/MotoresComerciales/Content/Fantastic_Village_Pack/meshes/props/container/SM_PROP_basket_02.uasset" 4488
"C:/Users/bruwu/OneDrive/Documentos/GitHub/MotoresComerciales/MotoresComerciales/Content/Fantastic_Village_Pack/meshes/props/container/SM_PROP_basket_02.uexp" 4489
"C:/Users/bruwu/OneDrive/Documentos/GitHub/MotoresComerciales/MotoresComerciales/Content/Fantastic_Village_Pack/meshes/buildings/SM_BLD_body_v01_02.ubulk" 4490
"C:/Users/bruwu/OneDrive/Documentos/GitHub/MotoresComerciales/MotoresComerciales/Content/Fantastic_Village_Pack/meshes/buildings/SM_BLD_body_v01_02.uasset" 4491
"C:/Users/bruwu/OneDrive/Documentos/GitHub/MotoresComerciales/MotoresComerciales/Content/Fantastic_Village_Pack/meshes/buildings/SM_BLD_body_v01_02.uexp" 4492
"C:/Users/bruwu/OneDrive/Documentos/GitHub/MotoresComerciales/MotoresComerciales/Content/Fantastic_Village_Pack/meshes/props/construction/SM_PROP_market_v03_02.ubulk" 4493
"C:/Users/bruwu/OneDrive/Documentos/GitHub/MotoresComerciales/MotoresComerciales/Content/Fantastic_Village_Pack/meshes/props/construction/SM_PROP_market_v03_02.uasset" 4494
"C:/Users/bruwu/OneDrive/Documentos/GitHub/MotoresComerciales/MotoresComerciales/Content/Fantastic_Village_Pack/meshes/props/construction/SM_PROP_market_v03_02.uexp" 4495
"C:/Users/bruwu/OneDrive/Documentos/GitHub/MotoresComerciales/MotoresComerciales/Content/Fantastic_Village_Pack/meshes/buildings/SM_BLD_body_add_v04_01.ubulk" 4496
"C:/Users/bruwu/OneDrive/Documentos/GitHub/MotoresComerciales/MotoresComerciales/Content/Fantastic_Village_Pack/meshes/buildings/SM_BLD_body_add_v04_01.uasset" 4497
"C:/Users/bruwu/OneDrive/Documentos/GitHub/MotoresComerciales/MotoresComerciales/Content/Fantastic_Village_Pack/meshes/buildings/SM_BLD_body_add_v04_01.uexp" 4498
"C:/Users/bruwu/OneDrive/Documentos/GitHub/MotoresComerciales/MotoresComerciales/Content/Fantastic_Village_Pack/meshes/props/deco/SM_PROP_flag_05.ubulk" 4499
"C:/Users/bruwu/OneDrive/Documentos/GitHub/MotoresComerciales/MotoresComerciales/Content/Fantastic_Village_Pack/meshes/props/deco/SM_PROP_flag_05.uasset" 4500
"C:/Users/bruwu/OneDrive/Documentos/GitHub/MotoresComerciales/MotoresComerciales/Content/Fantastic_Village_Pack/meshes/props/deco/SM_PROP_flag_05.uexp" 4501
"C:/Users/bruwu/OneDrive/Documentos/GitHub/MotoresComerciales/MotoresComerciales/Content/Fantastic_Village_Pack/meshes/props/furniture/SM_PROP_chair_02.ubulk" 4502
"C:/Users/bruwu/OneDrive/Documentos/GitHub/MotoresComerciales/MotoresComerciales/Content/Fantastic_Village_Pack/meshes/props/furniture/SM_PROP_chair_02.uasset" 4503
"C:/Users/bruwu/OneDrive/Documentos/GitHub/MotoresComerciales/MotoresComerciales/Content/Fantastic_Village_Pack/meshes/props/furniture/SM_PROP_chair_02.uexp" 4504
"C:/Users/bruwu/OneDrive/Documentos/GitHub/MotoresComerciales/MotoresComerciales/Content/Fantastic_Village_Pack/meshes/props/container/SM_PROP_barrel_06.ubulk" 4505
"C:/Users/bruwu/OneDrive/Documentos/GitHub/MotoresComerciales/MotoresComerciales/Content/Fantastic_Village_Pack/meshes/props/container/SM_PROP_barrel_06.uasset" 4506
"C:/Users/bruwu/OneDrive/Documentos/GitHub/MotoresComerciales/MotoresComerciales/Content/Fantastic_Village_Pack/meshes/props/container/SM_PROP_barrel_06.uexp" 4507
"C:/Users/bruwu/OneDrive/Documentos/GitHub/MotoresComerciales/MotoresComerciales/Content/Fantastic_Village_Pack/meshes/props/natural/SM_PROP_PLANT_pot_v3_04.ubulk" 4508
"C:/Users/bruwu/OneDrive/Documentos/GitHub/MotoresComerciales/MotoresComerciales/Content/Fantastic_Village_Pack/meshes/props/natural/SM_PROP_PLANT_pot_v3_04.uasset" 4509
"C:/Users/bruwu/OneDrive/Documentos/GitHub/MotoresComerciales/MotoresComerciales/Content/Fantastic_Village_Pack/meshes/props/natural/SM_PROP_PLANT_pot_v3_04.uexp" 4510
"C:/Users/bruwu/OneDrive/Documentos/GitHub/MotoresComerciales/MotoresComerciales/Content/Fantastic_Village_Pack/meshes/props/construction/SM_PROP_railing_v01_02.ubulk" 4511
"C:/Users/bruwu/OneDrive/Documentos/GitHub/MotoresComerciales/MotoresComerciales/Content/Fantastic_Village_Pack/meshes/props/construction/SM_PROP_railing_v01_02.uasset" 4512
"C:/Users/bruwu/OneDrive/Documentos/GitHub/MotoresComerciales/MotoresComerciales/Content/Fantastic_Village_Pack/meshes/props/construction/SM_PROP_railing_v01_02.uexp" 4513
"C:/Users/bruwu/OneDrive/Documentos/GitHub/MotoresComerciales/MotoresComerciales/Content/Fantastic_Village_Pack/meshes/props/food/SM_PROP_food_meat_07.ubulk" 4514
"C:/Users/bruwu/OneDrive/Documentos/GitHub/MotoresComerciales/MotoresComerciales/Content/Fantastic_Village_Pack/meshes/props/food/SM_PROP_food_meat_07.uasset" 4515
"C:/Users/bruwu/OneDrive/Documentos/GitHub/MotoresComerciales/MotoresComerciales/Content/Fantastic_Village_Pack/meshes/props/food/SM_PROP_food_meat_07.uexp" 4516
"C:/Users/bruwu/OneDrive/Documentos/GitHub/MotoresComerciales/MotoresComerciales/Content/Fantastic_Village_Pack/meshes/buildings/SM_BLD_beam_big_v03_03.ubulk" 4517
"C:/Users/bruwu/OneDrive/Documentos/GitHub/MotoresComerciales/MotoresComerciales/Content/Fantastic_Village_Pack/meshes/buildings/SM_BLD_beam_big_v03_03.uasset" 4518
"C:/Users/bruwu/OneDrive/Documentos/GitHub/MotoresComerciales/MotoresComerciales/Content/Fantastic_Village_Pack/meshes/buildings/SM_BLD_beam_big_v03_03.uexp" 4519
"C:/Users/bruwu/OneDrive/Documentos/GitHub/MotoresComerciales/MotoresComerciales/Content/Fantastic_Village_Pack/meshes/buildings/SM_BLD_door_v02_01.ubulk" 4520
"C:/Users/bruwu/OneDrive/Documentos/GitHub/MotoresComerciales/MotoresComerciales/Content/Fantastic_Village_Pack/meshes/buildings/SM_BLD_door_v02_01.uasset" 4521
"C:/Users/bruwu/OneDrive/Documentos/GitHub/MotoresComerciales/MotoresComerciales/Content/Fantastic_Village_Pack/meshes/buildings/SM_BLD_door_v02_01.uexp" 4522
"C:/Users/bruwu/OneDrive/Documentos/GitHub/MotoresComerciales/MotoresComerciales/Content/Fantastic_Village_Pack/meshes/props/construction/SM_PROP_bridge_wood_03.ubulk" 4523
"C:/Users/bruwu/OneDrive/Documentos/GitHub/MotoresComerciales/MotoresComerciales/Content/Fantastic_Village_Pack/meshes/props/construction/SM_PROP_bridge_wood_03.uasset" 4524
"C:/Users/bruwu/OneDrive/Documentos/GitHub/MotoresComerciales/MotoresComerciales/Content/Fantastic_Village_Pack/meshes/props/construction/SM_PROP_bridge_wood_03.uexp" 4525
"C:/Users/bruwu/OneDrive/Documentos/GitHub/MotoresComerciales/MotoresComerciales/Content/Fantastic_Village_Pack/meshes/props/construction/SM_PROP_wall_wood_post_04.ubulk" 4526
"C:/Users/bruwu/OneDrive/Documentos/GitHub/MotoresComerciales/MotoresComerciales/Content/Fantastic_Village_Pack/meshes/props/construction/SM_PROP_wall_wood_post_04.uasset" 4527
"C:/Users/bruwu/OneDrive/Documentos/GitHub/MotoresComerciales/MotoresComerciales/Content/Fantastic_Village_Pack/meshes/props/construction/SM_PROP_wall_wood_post_04.uexp" 4528
"C:/Users/bruwu/OneDrive/Documentos/GitHub/MotoresComerciales/MotoresComerciales/Content/Fantastic_Village_Pack/meshes/props/food/SM_PROP_food_cucumber_02.ubulk" 4529
"C:/Users/bruwu/OneDrive/Documentos/GitHub/MotoresComerciales/MotoresComerciales/Content/Fantastic_Village_Pack/meshes/props/food/SM_PROP_food_cucumber_02.uasset" 4530
"C:/Users/bruwu/OneDrive/Documentos/GitHub/MotoresComerciales/MotoresComerciales/Content/Fantastic_Village_Pack/meshes/props/food/SM_PROP_food_cucumber_02.uexp" 4531
"C:/Users/bruwu/OneDrive/Documentos/GitHub/MotoresComerciales/MotoresComerciales/Content/Fantastic_Village_Pack/textures/T_rooftiles_04_N.ubulk" 4532
"C:/Users/bruwu/OneDrive/Documentos/GitHub/MotoresComerciales/MotoresComerciales/Content/Fantastic_Village_Pack/textures/T_rooftiles_04_N.uasset" 4533
"C:/Users/bruwu/OneDrive/Documentos/GitHub/MotoresComerciales/MotoresComerciales/Content/Fantastic_Village_Pack/textures/T_rooftiles_04_N.uexp" 4534
"C:/Users/bruwu/OneDrive/Documentos/GitHub/MotoresComerciales/MotoresComerciales/Content/Fantastic_Village_Pack/textures/T_rooftiles_04_BC.ubulk" 4535
"C:/Users/bruwu/OneDrive/Documentos/GitHub/MotoresComerciales/MotoresComerciales/Content/Fantastic_Village_Pack/textures/T_rooftiles_04_BC.uasset" 4536
"C:/Users/bruwu/OneDrive/Documentos/GitHub/MotoresComerciales/MotoresComerciales/Content/Fantastic_Village_Pack/textures/T_rooftiles_04_BC.uexp" 4537
"C:/Users/bruwu/OneDrive/Documentos/GitHub/MotoresComerciales/MotoresComerciales/Content/Fantastic_Village_Pack/materials/MI_rooftiles_04.uasset" 4538
"C:/Users/bruwu/OneDrive/Documentos/GitHub/MotoresComerciales/MotoresComerciales/Content/Fantastic_Village_Pack/materials/MI_rooftiles_04.uexp" 4539
"C:/Users/bruwu/OneDrive/Documentos/GitHub/MotoresComerciales/MotoresComerciales/Content/Fantastic_Village_Pack/meshes/props/food/SM_PROP_food_apple.ubulk" 4540
"C:/Users/bruwu/OneDrive/Documentos/GitHub/MotoresComerciales/MotoresComerciales/Content/Fantastic_Village_Pack/meshes/props/food/SM_PROP_food_apple.uasset" 4541
"C:/Users/bruwu/OneDrive/Documentos/GitHub/MotoresComerciales/MotoresComerciales/Content/Fantastic_Village_Pack/meshes/props/food/SM_PROP_food_apple.uexp" 4542
"C:/Users/bruwu/OneDrive/Documentos/GitHub/MotoresComerciales/MotoresComerciales/Content/Fantastic_Village_Pack/meshes/props/food/SM_PROP_food_bread_09.ubulk" 4543
"C:/Users/bruwu/OneDrive/Documentos/GitHub/MotoresComerciales/MotoresComerciales/Content/Fantastic_Village_Pack/meshes/props/food/SM_PROP_food_bread_09.uasset" 4544
"C:/Users/bruwu/OneDrive/Documentos/GitHub/MotoresComerciales/MotoresComerciales/Content/Fantastic_Village_Pack/meshes/props/food/SM_PROP_food_bread_09.uexp" 4545
"C:/Users/bruwu/OneDrive/Documentos/GitHub/MotoresComerciales/MotoresComerciales/Content/Fantastic_Village_Pack/textures/T_rooftiles_05_BC.ubulk" 4546
"C:/Users/bruwu/OneDrive/Documentos/GitHub/MotoresComerciales/MotoresComerciales/Content/Fantastic_Village_Pack/textures/T_rooftiles_05_BC.uasset" 4547
"C:/Users/bruwu/OneDrive/Documentos/GitHub/MotoresComerciales/MotoresComerciales/Content/Fantastic_Village_Pack/textures/T_rooftiles_05_BC.uexp" 4548
"C:/Users/bruwu/OneDrive/Documentos/GitHub/MotoresComerciales/MotoresComerciales/Content/Fantastic_Village_Pack/materials/MI_rooftiles_05.uasset" 4549
"C:/Users/bruwu/OneDrive/Documentos/GitHub/MotoresComerciales/MotoresComerciales/Content/Fantastic_Village_Pack/materials/MI_rooftiles_05.uexp" 4550
"C:/Users/bruwu/OneDrive/Documentos/GitHub/MotoresComerciales/MotoresComerciales/Content/Fantastic_Village_Pack/meshes/buildings/SM_BLD_beam_small_v04_02.ubulk" 4551
"C:/Users/bruwu/OneDrive/Documentos/GitHub/MotoresComerciales/MotoresComerciales/Content/Fantastic_Village_Pack/meshes/buildings/SM_BLD_beam_small_v04_02.uasset" 4552
"C:/Users/bruwu/OneDrive/Documentos/GitHub/MotoresComerciales/MotoresComerciales/Content/Fantastic_Village_Pack/meshes/buildings/SM_BLD_beam_small_v04_02.uexp" 4553
"C:/Users/bruwu/OneDrive/Documentos/GitHub/MotoresComerciales/MotoresComerciales/Content/Fantastic_Village_Pack/meshes/props/natural/SM_PROP_PLANT_pot_v1_03.ubulk" 4554
"C:/Users/bruwu/OneDrive/Documentos/GitHub/MotoresComerciales/MotoresComerciales/Content/Fantastic_Village_Pack/meshes/props/natural/SM_PROP_PLANT_pot_v1_03.uasset" 4555
"C:/Users/bruwu/OneDrive/Documentos/GitHub/MotoresComerciales/MotoresComerciales/Content/Fantastic_Village_Pack/meshes/props/natural/SM_PROP_PLANT_pot_v1_03.uexp" 4556
"C:/Users/bruwu/OneDrive/Documentos/GitHub/MotoresComerciales/MotoresComerciales/Content/Fantastic_Village_Pack/meshes/props/construction/SM_PROP_spikes_v02_02.ubulk" 4557
"C:/Users/bruwu/OneDrive/Documentos/GitHub/MotoresComerciales/MotoresComerciales/Content/Fantastic_Village_Pack/meshes/props/construction/SM_PROP_spikes_v02_02.uasset" 4558
"C:/Users/bruwu/OneDrive/Documentos/GitHub/MotoresComerciales/MotoresComerciales/Content/Fantastic_Village_Pack/meshes/props/construction/SM_PROP_spikes_v02_02.uexp" 4559
"C:/Users/bruwu/OneDrive/Documentos/GitHub/MotoresComerciales/MotoresComerciales/Content/Fantastic_Village_Pack/meshes/props/construction/SM_PROP_fence_v04_01.ubulk" 4560
"C:/Users/bruwu/OneDrive/Documentos/GitHub/MotoresComerciales/MotoresComerciales/Content/Fantastic_Village_Pack/meshes/props/construction/SM_PROP_fence_v04_01.uasset" 4561
"C:/Users/bruwu/OneDrive/Documentos/GitHub/MotoresComerciales/MotoresComerciales/Content/Fantastic_Village_Pack/meshes/props/construction/SM_PROP_fence_v04_01.uexp" 4562
"C:/Users/bruwu/OneDrive/Documentos/GitHub/MotoresComerciales/MotoresComerciales/Content/Fantastic_Village_Pack/meshes/buildings/SM_BLD_beam_small_v05_02.ubulk" 4563
"C:/Users/bruwu/OneDrive/Documentos/GitHub/MotoresComerciales/MotoresComerciales/Content/Fantastic_Village_Pack/meshes/buildings/SM_BLD_beam_small_v05_02.uasset" 4564
"C:/Users/bruwu/OneDrive/Documentos/GitHub/MotoresComerciales/MotoresComerciales/Content/Fantastic_Village_Pack/meshes/buildings/SM_BLD_beam_small_v05_02.uexp" 4565
"C:/Users/bruwu/OneDrive/Documentos/GitHub/MotoresComerciales/MotoresComerciales/Content/Fantastic_Village_Pack/meshes/buildings/SM_BLD_window_v09_01.ubulk" 4566
"C:/Users/bruwu/OneDrive/Documentos/GitHub/MotoresComerciales/MotoresComerciales/Content/Fantastic_Village_Pack/meshes/buildings/SM_BLD_window_v09_01.uasset" 4567
"C:/Users/bruwu/OneDrive/Documentos/GitHub/MotoresComerciales/MotoresComerciales/Content/Fantastic_Village_Pack/meshes/buildings/SM_BLD_window_v09_01.uexp" 4568
"C:/Users/bruwu/OneDrive/Documentos/GitHub/MotoresComerciales/MotoresComerciales/Content/Fantastic_Village_Pack/meshes/props/food/SM_PROP_food_potato_03.ubulk" 4569
"C:/Users/bruwu/OneDrive/Documentos/GitHub/MotoresComerciales/MotoresComerciales/Content/Fantastic_Village_Pack/meshes/props/food/SM_PROP_food_potato_03.uasset" 4570
"C:/Users/bruwu/OneDrive/Documentos/GitHub/MotoresComerciales/MotoresComerciales/Content/Fantastic_Village_Pack/meshes/props/food/SM_PROP_food_potato_03.uexp" 4571
"C:/Users/bruwu/OneDrive/Documentos/GitHub/MotoresComerciales/MotoresComerciales/Content/Fantastic_Village_Pack/meshes/props/food/SM_PROP_sack_05.ubulk" 4572
"C:/Users/bruwu/OneDrive/Documentos/GitHub/MotoresComerciales/MotoresComerciales/Content/Fantastic_Village_Pack/meshes/props/food/SM_PROP_sack_05.uasset" 4573
"C:/Users/bruwu/OneDrive/Documentos/GitHub/MotoresComerciales/MotoresComerciales/Content/Fantastic_Village_Pack/meshes/props/food/SM_PROP_sack_05.uexp" 4574
"C:/Users/bruwu/OneDrive/Documentos/GitHub/MotoresComerciales/MotoresComerciales/Content/Fantastic_Village_Pack/meshes/props/deco/SM_PROP_paper_04.ubulk" 4575
"C:/Users/bruwu/OneDrive/Documentos/GitHub/MotoresComerciales/MotoresComerciales/Content/Fantastic_Village_Pack/meshes/props/deco/SM_PROP_paper_04.uasset" 4576
"C:/Users/bruwu/OneDrive/Documentos/GitHub/MotoresComerciales/MotoresComerciales/Content/Fantastic_Village_Pack/meshes/props/deco/SM_PROP_paper_04.uexp" 4577
"C:/Users/bruwu/OneDrive/Documentos/GitHub/MotoresComerciales/MotoresComerciales/Content/Fantastic_Village_Pack/meshes/buildings/SM_BLD_stairs_v04_v2.ubulk" 4578
"C:/Users/bruwu/OneDrive/Documentos/GitHub/MotoresComerciales/MotoresComerciales/Content/Fantastic_Village_Pack/meshes/buildings/SM_BLD_stairs_v04_v2.uasset" 4579
"C:/Users/bruwu/OneDrive/Documentos/GitHub/MotoresComerciales/MotoresComerciales/Content/Fantastic_Village_Pack/meshes/buildings/SM_BLD_stairs_v04_v2.uexp" 4580
"C:/Users/bruwu/OneDrive/Documentos/GitHub/MotoresComerciales/MotoresComerciales/Content/Fantastic_Village_Pack/meshes/props/food/SM_PROP_food_cheese_01.ubulk" 4581
"C:/Users/bruwu/OneDrive/Documentos/GitHub/MotoresComerciales/MotoresComerciales/Content/Fantastic_Village_Pack/meshes/props/food/SM_PROP_food_cheese_01.uasset" 4582
"C:/Users/bruwu/OneDrive/Documentos/GitHub/MotoresComerciales/MotoresComerciales/Content/Fantastic_Village_Pack/meshes/props/food/SM_PROP_food_cheese_01.uexp" 4583
"C:/Users/bruwu/OneDrive/Documentos/GitHub/MotoresComerciales/MotoresComerciales/Content/Fantastic_Village_Pack/meshes/props/food/SM_PROP_food_meat_08.ubulk" 4584
"C:/Users/bruwu/OneDrive/Documentos/GitHub/MotoresComerciales/MotoresComerciales/Content/Fantastic_Village_Pack/meshes/props/food/SM_PROP_food_meat_08.uasset" 4585
"C:/Users/bruwu/OneDrive/Documentos/GitHub/MotoresComerciales/MotoresComerciales/Content/Fantastic_Village_Pack/meshes/props/food/SM_PROP_food_meat_08.uexp" 4586
"C:/Users/bruwu/OneDrive/Documentos/GitHub/MotoresComerciales/MotoresComerciales/Content/Fantastic_Village_Pack/materials/MI_ENV_plants_wind.uasset" 4587
"C:/Users/bruwu/OneDrive/Documentos/GitHub/MotoresComerciales/MotoresComerciales/Content/Fantastic_Village_Pack/materials/MI_ENV_plants_wind.uexp" 4588
"C:/Users/bruwu/OneDrive/Documentos/GitHub/MotoresComerciales/MotoresComerciales/Content/Fantastic_Village_Pack/meshes/environment/SM_ENV_PLANT_leaf_village.ubulk" 4589
"C:/Users/bruwu/OneDrive/Documentos/GitHub/MotoresComerciales/MotoresComerciales/Content/Fantastic_Village_Pack/meshes/environment/SM_ENV_PLANT_leaf_village.uasset" 4590
"C:/Users/bruwu/OneDrive/Documentos/GitHub/MotoresComerciales/MotoresComerciales/Content/Fantastic_Village_Pack/meshes/environment/SM_ENV_PLANT_leaf_village.uexp" 4591
"C:/Users/bruwu/OneDrive/Documentos/GitHub/MotoresComerciales/MotoresComerciales/Content/Fantastic_Village_Pack/meshes/buildings/SM_BLD_window_v07_02.ubulk" 4592
"C:/Users/bruwu/OneDrive/Documentos/GitHub/MotoresComerciales/MotoresComerciales/Content/Fantastic_Village_Pack/meshes/buildings/SM_BLD_window_v07_02.uasset" 4593
"C:/Users/bruwu/OneDrive/Documentos/GitHub/MotoresComerciales/MotoresComerciales/Content/Fantastic_Village_Pack/meshes/buildings/SM_BLD_window_v07_02.uexp" 4594
"C:/Users/bruwu/OneDrive/Documentos/GitHub/MotoresComerciales/MotoresComerciales/Content/Fantastic_Village_Pack/meshes/buildings/SM_BLD_body_v03_02.ubulk" 4595
"C:/Users/bruwu/OneDrive/Documentos/GitHub/MotoresComerciales/MotoresComerciales/Content/Fantastic_Village_Pack/meshes/buildings/SM_BLD_body_v03_02.uasset" 4596
"C:/Users/bruwu/OneDrive/Documentos/GitHub/MotoresComerciales/MotoresComerciales/Content/Fantastic_Village_Pack/meshes/buildings/SM_BLD_body_v03_02.uexp" 4597
"C:/Users/bruwu/OneDrive/Documentos/GitHub/MotoresComerciales/MotoresComerciales/Content/Fantastic_Village_Pack/meshes/buildings/SM_BLD_body_v02_02.ubulk" 4598
"C:/Users/bruwu/OneDrive/Documentos/GitHub/MotoresComerciales/MotoresComerciales/Content/Fantastic_Village_Pack/meshes/buildings/SM_BLD_body_v02_02.uasset" 4599
"C:/Users/bruwu/OneDrive/Documentos/GitHub/MotoresComerciales/MotoresComerciales/Content/Fantastic_Village_Pack/meshes/buildings/SM_BLD_body_v02_02.uexp" 4600
"C:/Users/bruwu/OneDrive/Documentos/GitHub/MotoresComerciales/MotoresComerciales/Content/Fantastic_Village_Pack/meshes/props/furniture/SM_PROP_table_02.ubulk" 4601
"C:/Users/bruwu/OneDrive/Documentos/GitHub/MotoresComerciales/MotoresComerciales/Content/Fantastic_Village_Pack/meshes/props/furniture/SM_PROP_table_02.uasset" 4602
"C:/Users/bruwu/OneDrive/Documentos/GitHub/MotoresComerciales/MotoresComerciales/Content/Fantastic_Village_Pack/meshes/props/furniture/SM_PROP_table_02.uexp" 4603
"C:/Users/bruwu/OneDrive/Documentos/GitHub/MotoresComerciales/MotoresComerciales/Content/Fantastic_Village_Pack/meshes/props/food/SM_PROP_food_bread_03.ubulk" 4604
"C:/Users/bruwu/OneDrive/Documentos/GitHub/MotoresComerciales/MotoresComerciales/Content/Fantastic_Village_Pack/meshes/props/food/SM_PROP_food_bread_03.uasset" 4605
"C:/Users/bruwu/OneDrive/Documentos/GitHub/MotoresComerciales/MotoresComerciales/Content/Fantastic_Village_Pack/meshes/props/food/SM_PROP_food_bread_03.uexp" 4606
"C:/Users/bruwu/OneDrive/Documentos/GitHub/MotoresComerciales/MotoresComerciales/Content/Fantastic_Village_Pack/meshes/props/container/SM_PROP_basket_03.ubulk" 4607
"C:/Users/bruwu/OneDrive/Documentos/GitHub/MotoresComerciales/MotoresComerciales/Content/Fantastic_Village_Pack/meshes/props/container/SM_PROP_basket_03.uasset" 4608
"C:/Users/bruwu/OneDrive/Documentos/GitHub/MotoresComerciales/MotoresComerciales/Content/Fantastic_Village_Pack/meshes/props/container/SM_PROP_basket_03.uexp" 4609
"C:/Users/bruwu/OneDrive/Documentos/GitHub/MotoresComerciales/MotoresComerciales/Content/Fantastic_Village_Pack/meshes/props/light/SM_PROP_streetlamp_v01_04.ubulk" 4610
"C:/Users/bruwu/OneDrive/Documentos/GitHub/MotoresComerciales/MotoresComerciales/Content/Fantastic_Village_Pack/meshes/props/light/SM_PROP_streetlamp_v01_04.uasset" 4611
"C:/Users/bruwu/OneDrive/Documentos/GitHub/MotoresComerciales/MotoresComerciales/Content/Fantastic_Village_Pack/meshes/props/light/SM_PROP_streetlamp_v01_04.uexp" 4612
"C:/Users/bruwu/OneDrive/Documentos/GitHub/MotoresComerciales/MotoresComerciales/Content/Fantastic_Village_Pack/meshes/props/container/SM_PROP_box_05.ubulk" 4613
"C:/Users/bruwu/OneDrive/Documentos/GitHub/MotoresComerciales/MotoresComerciales/Content/Fantastic_Village_Pack/meshes/props/container/SM_PROP_box_05.uasset" 4614
"C:/Users/bruwu/OneDrive/Documentos/GitHub/MotoresComerciales/MotoresComerciales/Content/Fantastic_Village_Pack/meshes/props/container/SM_PROP_box_05.uexp" 4615
"C:/Users/bruwu/OneDrive/Documentos/GitHub/MotoresComerciales/MotoresComerciales/Content/Fantastic_Village_Pack/meshes/props/natural/SM_PROP_PLANT_pot_v3_03.ubulk" 4616
"C:/Users/bruwu/OneDrive/Documentos/GitHub/MotoresComerciales/MotoresComerciales/Content/Fantastic_Village_Pack/meshes/props/natural/SM_PROP_PLANT_pot_v3_03.uasset" 4617
"C:/Users/bruwu/OneDrive/Documentos/GitHub/MotoresComerciales/MotoresComerciales/Content/Fantastic_Village_Pack/meshes/props/natural/SM_PROP_PLANT_pot_v3_03.uexp" 4618
"C:/Users/bruwu/OneDrive/Documentos/GitHub/MotoresComerciales/MotoresComerciales/Content/Fantastic_Village_Pack/meshes/props/construction/SM_PROP_bridge_stone_01.ubulk" 4619
"C:/Users/bruwu/OneDrive/Documentos/GitHub/MotoresComerciales/MotoresComerciales/Content/Fantastic_Village_Pack/meshes/props/construction/SM_PROP_bridge_stone_01.uasset" 4620
"C:/Users/bruwu/OneDrive/Documentos/GitHub/MotoresComerciales/MotoresComerciales/Content/Fantastic_Village_Pack/meshes/props/construction/SM_PROP_bridge_stone_01.uexp" 4621
"C:/Users/bruwu/OneDrive/Documentos/GitHub/MotoresComerciales/MotoresComerciales/Content/Fantastic_Village_Pack/meshes/props/natural/SM_PROP_hay_06.ubulk" 4622
"C:/Users/bruwu/OneDrive/Documentos/GitHub/MotoresComerciales/MotoresComerciales/Content/Fantastic_Village_Pack/meshes/props/natural/SM_PROP_hay_06.uasset" 4623
"C:/Users/bruwu/OneDrive/Documentos/GitHub/MotoresComerciales/MotoresComerciales/Content/Fantastic_Village_Pack/meshes/props/natural/SM_PROP_hay_06.uexp" 4624
"C:/Users/bruwu/OneDrive/Documentos/GitHub/MotoresComerciales/MotoresComerciales/Content/Fantastic_Village_Pack/meshes/props/food/SM_PROP_food_lemon_01.ubulk" 4625
"C:/Users/bruwu/OneDrive/Documentos/GitHub/MotoresComerciales/MotoresComerciales/Content/Fantastic_Village_Pack/meshes/props/food/SM_PROP_food_lemon_01.uasset" 4626
"C:/Users/bruwu/OneDrive/Documentos/GitHub/MotoresComerciales/MotoresComerciales/Content/Fantastic_Village_Pack/meshes/props/food/SM_PROP_food_lemon_01.uexp" 4627
"C:/Users/bruwu/OneDrive/Documentos/GitHub/MotoresComerciales/MotoresComerciales/Content/Fantastic_Village_Pack/meshes/props/light/SM_PROP_lantern_01.ubulk" 4628
"C:/Users/bruwu/OneDrive/Documentos/GitHub/MotoresComerciales/MotoresComerciales/Content/Fantastic_Village_Pack/meshes/props/light/SM_PROP_lantern_01.uasset" 4629
"C:/Users/bruwu/OneDrive/Documentos/GitHub/MotoresComerciales/MotoresComerciales/Content/Fantastic_Village_Pack/meshes/props/light/SM_PROP_lantern_01.uexp" 4630
"C:/Users/bruwu/OneDrive/Documentos/GitHub/MotoresComerciales/MotoresComerciales/Content/Fantastic_Village_Pack/maps/map_village_overview.uexp" 4631
"C:/Users/bruwu/OneDrive/Documentos/GitHub/MotoresComerciales/MotoresComerciales/Content/Fantastic_Village_Pack/maps/map_village_overview.umap" 4632
"C:/Users/bruwu/OneDrive/Documentos/GitHub/MotoresComerciales/MotoresComerciales/Content/Fantastic_Village_Pack/textures/T_ember_E.ubulk" 4633
"C:/Users/bruwu/OneDrive/Documentos/GitHub/MotoresComerciales/MotoresComerciales/Content/Fantastic_Village_Pack/textures/T_ember_E.uasset" 4634
"C:/Users/bruwu/OneDrive/Documentos/GitHub/MotoresComerciales/MotoresComerciales/Content/Fantastic_Village_Pack/textures/T_ember_E.uexp" 4635
"C:/Users/bruwu/OneDrive/Documentos/GitHub/MotoresComerciales/MotoresComerciales/Content/Fantastic_Village_Pack/textures/T_ember_BC.ubulk" 4636
"C:/Users/bruwu/OneDrive/Documentos/GitHub/MotoresComerciales/MotoresComerciales/Content/Fantastic_Village_Pack/textures/T_ember_BC.uasset" 4637
"C:/Users/bruwu/OneDrive/Documentos/GitHub/MotoresComerciales/MotoresComerciales/Content/Fantastic_Village_Pack/textures/T_ember_BC.uexp" 4638
"C:/Users/bruwu/OneDrive/Documentos/GitHub/MotoresComerciales/MotoresComerciales/Content/Fantastic_Village_Pack/materials/master_materials/M_Master_opaque_emissive.uasset" 4639
"C:/Users/bruwu/OneDrive/Documentos/GitHub/MotoresComerciales/MotoresComerciales/Content/Fantastic_Village_Pack/materials/master_materials/M_Master_opaque_emissive.uexp" 4640
"C:/Users/bruwu/OneDrive/Documentos/GitHub/MotoresComerciales/MotoresComerciales/Content/Fantastic_Village_Pack/materials/MI_ember.uasset" 4641
"C:/Users/bruwu/OneDrive/Documentos/GitHub/MotoresComerciales/MotoresComerciales/Content/Fantastic_Village_Pack/materials/MI_ember.uexp" 4642
"C:/Users/bruwu/OneDrive/Documentos/GitHub/MotoresComerciales/MotoresComerciales/Content/Fantastic_Village_Pack/textures/T_chains.ubulk" 4643
"C:/Users/bruwu/OneDrive/Documentos/GitHub/MotoresComerciales/MotoresComerciales/Content/Fantastic_Village_Pack/textures/T_chains.uasset" 4644
"C:/Users/bruwu/OneDrive/Documentos/GitHub/MotoresComerciales/MotoresComerciales/Content/Fantastic_Village_Pack/textures/T_chains.uexp" 4645
"C:/Users/bruwu/OneDrive/Documentos/GitHub/MotoresComerciales/MotoresComerciales/Content/Fantastic_Village_Pack/materials/MI_PROP_chains.uasset" 4646
"C:/Users/bruwu/OneDrive/Documentos/GitHub/MotoresComerciales/MotoresComerciales/Content/Fantastic_Village_Pack/materials/MI_PROP_chains.uexp" 4647
"C:/Users/bruwu/OneDrive/Documentos/GitHub/MotoresComerciales/MotoresComerciales/Content/Fantastic_Village_Pack/meshes/props/light/SM_PROP_brazier_04.ubulk" 4648
"C:/Users/bruwu/OneDrive/Documentos/GitHub/MotoresComerciales/MotoresComerciales/Content/Fantastic_Village_Pack/meshes/props/light/SM_PROP_brazier_04.uasset" 4649
"C:/Users/bruwu/OneDrive/Documentos/GitHub/MotoresComerciales/MotoresComerciales/Content/Fantastic_Village_Pack/meshes/props/light/SM_PROP_brazier_04.uexp" 4650
"C:/Users/bruwu/OneDrive/Documentos/GitHub/MotoresComerciales/MotoresComerciales/Content/Fantastic_Village_Pack/meshes/props/food/SM_PROP_sack_03.ubulk" 4651
"C:/Users/bruwu/OneDrive/Documentos/GitHub/MotoresComerciales/MotoresComerciales/Content/Fantastic_Village_Pack/meshes/props/food/SM_PROP_sack_03.uasset" 4652
"C:/Users/bruwu/OneDrive/Documentos/GitHub/MotoresComerciales/MotoresComerciales/Content/Fantastic_Village_Pack/meshes/props/food/SM_PROP_sack_03.uexp" 4653
"../../../Engine/Content/Functions/Engine_MaterialFunctions02/Utility/VectorToRadialValue.uasset" 4654
"../../../Engine/Content/Functions/Engine_MaterialFunctions02/Utility/VectorToRadialValue.uexp" 4655
"C:/Users/bruwu/OneDrive/Documentos/GitHub/MotoresComerciales/MotoresComerciales/Content/Fantastic_Village_Pack/textures/T_FX_water_H.ubulk" 4656
"C:/Users/bruwu/OneDrive/Documentos/GitHub/MotoresComerciales/MotoresComerciales/Content/Fantastic_Village_Pack/textures/T_FX_water_H.uasset" 4657
"C:/Users/bruwu/OneDrive/Documentos/GitHub/MotoresComerciales/MotoresComerciales/Content/Fantastic_Village_Pack/textures/T_FX_water_H.uexp" 4658
"C:/Users/bruwu/OneDrive/Documentos/GitHub/MotoresComerciales/MotoresComerciales/Content/Fantastic_Village_Pack/textures/T_FX_water_N.uasset" 4659
"C:/Users/bruwu/OneDrive/Documentos/GitHub/MotoresComerciales/MotoresComerciales/Content/Fantastic_Village_Pack/textures/T_FX_water_N.uexp" 4660
"C:/Users/bruwu/OneDrive/Documentos/GitHub/MotoresComerciales/MotoresComerciales/Content/Fantastic_Village_Pack/textures/T_FX_noise.ubulk" 4661
"C:/Users/bruwu/OneDrive/Documentos/GitHub/MotoresComerciales/MotoresComerciales/Content/Fantastic_Village_Pack/textures/T_FX_noise.uasset" 4662
"C:/Users/bruwu/OneDrive/Documentos/GitHub/MotoresComerciales/MotoresComerciales/Content/Fantastic_Village_Pack/textures/T_FX_noise.uexp" 4663
"C:/Users/bruwu/OneDrive/Documentos/GitHub/MotoresComerciales/MotoresComerciales/Content/Fantastic_Village_Pack/materials/master_materials/M_Master_water.uasset" 4664
"C:/Users/bruwu/OneDrive/Documentos/GitHub/MotoresComerciales/MotoresComerciales/Content/Fantastic_Village_Pack/materials/master_materials/M_Master_water.uexp" 4665
"C:/Users/bruwu/OneDrive/Documentos/GitHub/MotoresComerciales/MotoresComerciales/Content/Fantastic_Village_Pack/materials/MI_ENV_water.uasset" 4666
"C:/Users/bruwu/OneDrive/Documentos/GitHub/MotoresComerciales/MotoresComerciales/Content/Fantastic_Village_Pack/materials/MI_ENV_water.uexp" 4667
"C:/Users/bruwu/OneDrive/Documentos/GitHub/MotoresComerciales/MotoresComerciales/Content/Fantastic_Village_Pack/meshes/props/container/SM_PROP_crate_01.ubulk" 4668
"C:/Users/bruwu/OneDrive/Documentos/GitHub/MotoresComerciales/MotoresComerciales/Content/Fantastic_Village_Pack/meshes/props/container/SM_PROP_crate_01.uasset" 4669
"C:/Users/bruwu/OneDrive/Documentos/GitHub/MotoresComerciales/MotoresComerciales/Content/Fantastic_Village_Pack/meshes/props/container/SM_PROP_crate_01.uexp" 4670
"C:/Users/bruwu/OneDrive/Documentos/GitHub/MotoresComerciales/MotoresComerciales/Content/Fantastic_Village_Pack/build/Pavingstone2_LayerInfo.uasset" 4671
"C:/Users/bruwu/OneDrive/Documentos/GitHub/MotoresComerciales/MotoresComerciales/Content/Fantastic_Village_Pack/build/Pavingstone2_LayerInfo.uexp" 4672
"C:/Users/bruwu/OneDrive/Documentos/GitHub/MotoresComerciales/MotoresComerciales/Content/Fantastic_Village_Pack/meshes/props/food/SM_PROP_food_meat_06.ubulk" 4673
"C:/Users/bruwu/OneDrive/Documentos/GitHub/MotoresComerciales/MotoresComerciales/Content/Fantastic_Village_Pack/meshes/props/food/SM_PROP_food_meat_06.uasset" 4674
"C:/Users/bruwu/OneDrive/Documentos/GitHub/MotoresComerciales/MotoresComerciales/Content/Fantastic_Village_Pack/meshes/props/food/SM_PROP_food_meat_06.uexp" 4675
"C:/Users/bruwu/OneDrive/Documentos/GitHub/MotoresComerciales/MotoresComerciales/Content/Fantastic_Village_Pack/build/Pavingstone1_LayerInfo.uasset" 4676
"C:/Users/bruwu/OneDrive/Documentos/GitHub/MotoresComerciales/MotoresComerciales/Content/Fantastic_Village_Pack/build/Pavingstone1_LayerInfo.uexp" 4677
"C:/Users/bruwu/OneDrive/Documentos/GitHub/MotoresComerciales/MotoresComerciales/Content/Fantastic_Village_Pack/meshes/props/food/SM_PROP_sack_01.ubulk" 4678
"C:/Users/bruwu/OneDrive/Documentos/GitHub/MotoresComerciales/MotoresComerciales/Content/Fantastic_Village_Pack/meshes/props/food/SM_PROP_sack_01.uasset" 4679
"C:/Users/bruwu/OneDrive/Documentos/GitHub/MotoresComerciales/MotoresComerciales/Content/Fantastic_Village_Pack/meshes/props/food/SM_PROP_sack_01.uexp" 4680
"C:/Users/bruwu/OneDrive/Documentos/GitHub/MotoresComerciales/MotoresComerciales/Content/Fantastic_Village_Pack/meshes/props/light/SM_PROP_streetlamp_v02_01.ubulk" 4681
"C:/Users/bruwu/OneDrive/Documentos/GitHub/MotoresComerciales/MotoresComerciales/Content/Fantastic_Village_Pack/meshes/props/light/SM_PROP_streetlamp_v02_01.uasset" 4682
"C:/Users/bruwu/OneDrive/Documentos/GitHub/MotoresComerciales/MotoresComerciales/Content/Fantastic_Village_Pack/meshes/props/light/SM_PROP_streetlamp_v02_01.uexp" 4683
"C:/Users/bruwu/OneDrive/Documentos/GitHub/MotoresComerciales/MotoresComerciales/Content/Fantastic_Village_Pack/textures/T_ENV_farmfield_BC.ubulk" 4684
"C:/Users/bruwu/OneDrive/Documentos/GitHub/MotoresComerciales/MotoresComerciales/Content/Fantastic_Village_Pack/textures/T_ENV_farmfield_BC.uasset" 4685
"C:/Users/bruwu/OneDrive/Documentos/GitHub/MotoresComerciales/MotoresComerciales/Content/Fantastic_Village_Pack/textures/T_ENV_farmfield_BC.uexp" 4686
"C:/Users/bruwu/OneDrive/Documentos/GitHub/MotoresComerciales/MotoresComerciales/Content/Fantastic_Village_Pack/textures/T_ENV_TERRAIN_grass_01_N.ubulk" 4687
"C:/Users/bruwu/OneDrive/Documentos/GitHub/MotoresComerciales/MotoresComerciales/Content/Fantastic_Village_Pack/textures/T_ENV_TERRAIN_grass_01_N.uasset" 4688
"C:/Users/bruwu/OneDrive/Documentos/GitHub/MotoresComerciales/MotoresComerciales/Content/Fantastic_Village_Pack/textures/T_ENV_TERRAIN_grass_01_N.uexp" 4689
"C:/Users/bruwu/OneDrive/Documentos/GitHub/MotoresComerciales/MotoresComerciales/Content/Fantastic_Village_Pack/textures/T_ENV_pavingstone_02_N.ubulk" 4690
"C:/Users/bruwu/OneDrive/Documentos/GitHub/MotoresComerciales/MotoresComerciales/Content/Fantastic_Village_Pack/textures/T_ENV_pavingstone_02_N.uasset" 4691
"C:/Users/bruwu/OneDrive/Documentos/GitHub/MotoresComerciales/MotoresComerciales/Content/Fantastic_Village_Pack/textures/T_ENV_pavingstone_02_N.uexp" 4692
"C:/Users/bruwu/OneDrive/Documentos/GitHub/MotoresComerciales/MotoresComerciales/Content/Fantastic_Village_Pack/textures/T_ENV_TERRAIN_gravel_02_BC.ubulk" 4693
"C:/Users/bruwu/OneDrive/Documentos/GitHub/MotoresComerciales/MotoresComerciales/Content/Fantastic_Village_Pack/textures/T_ENV_TERRAIN_gravel_02_BC.uasset" 4694
"C:/Users/bruwu/OneDrive/Documentos/GitHub/MotoresComerciales/MotoresComerciales/Content/Fantastic_Village_Pack/textures/T_ENV_TERRAIN_gravel_02_BC.uexp" 4695
"C:/Users/bruwu/OneDrive/Documentos/GitHub/MotoresComerciales/MotoresComerciales/Content/Fantastic_Village_Pack/textures/T_ENV_TERRAIN_grass_01_BC.ubulk" 4696
"C:/Users/bruwu/OneDrive/Documentos/GitHub/MotoresComerciales/MotoresComerciales/Content/Fantastic_Village_Pack/textures/T_ENV_TERRAIN_grass_01_BC.uasset" 4697
"C:/Users/bruwu/OneDrive/Documentos/GitHub/MotoresComerciales/MotoresComerciales/Content/Fantastic_Village_Pack/textures/T_ENV_TERRAIN_grass_01_BC.uexp" 4698
"C:/Users/bruwu/OneDrive/Documentos/GitHub/MotoresComerciales/MotoresComerciales/Content/Fantastic_Village_Pack/textures/T_ENV_pavingstone_01_N.ubulk" 4699
"C:/Users/bruwu/OneDrive/Documentos/GitHub/MotoresComerciales/MotoresComerciales/Content/Fantastic_Village_Pack/textures/T_ENV_pavingstone_01_N.uasset" 4700
"C:/Users/bruwu/OneDrive/Documentos/GitHub/MotoresComerciales/MotoresComerciales/Content/Fantastic_Village_Pack/textures/T_ENV_pavingstone_01_N.uexp" 4701
"C:/Users/bruwu/OneDrive/Documentos/GitHub/MotoresComerciales/MotoresComerciales/Content/Fantastic_Village_Pack/textures/T_ENV_farmfield_N.ubulk" 4702
"C:/Users/bruwu/OneDrive/Documentos/GitHub/MotoresComerciales/MotoresComerciales/Content/Fantastic_Village_Pack/textures/T_ENV_farmfield_N.uasset" 4703
"C:/Users/bruwu/OneDrive/Documentos/GitHub/MotoresComerciales/MotoresComerciales/Content/Fantastic_Village_Pack/textures/T_ENV_farmfield_N.uexp" 4704
"C:/Users/bruwu/OneDrive/Documentos/GitHub/MotoresComerciales/MotoresComerciales/Content/Fantastic_Village_Pack/textures/T_ENV_TERRAIN_gravel_02_N.ubulk" 4705
"C:/Users/bruwu/OneDrive/Documentos/GitHub/MotoresComerciales/MotoresComerciales/Content/Fantastic_Village_Pack/textures/T_ENV_TERRAIN_gravel_02_N.uasset" 4706
"C:/Users/bruwu/OneDrive/Documentos/GitHub/MotoresComerciales/MotoresComerciales/Content/Fantastic_Village_Pack/textures/T_ENV_TERRAIN_gravel_02_N.uexp" 4707
"C:/Users/bruwu/OneDrive/Documentos/GitHub/MotoresComerciales/MotoresComerciales/Content/Fantastic_Village_Pack/textures/T_ENV_pavingstone_02_BC.ubulk" 4708
"C:/Users/bruwu/OneDrive/Documentos/GitHub/MotoresComerciales/MotoresComerciales/Content/Fantastic_Village_Pack/textures/T_ENV_pavingstone_02_BC.uasset" 4709
"C:/Users/bruwu/OneDrive/Documentos/GitHub/MotoresComerciales/MotoresComerciales/Content/Fantastic_Village_Pack/textures/T_ENV_pavingstone_02_BC.uexp" 4710
"C:/Users/bruwu/OneDrive/Documentos/GitHub/MotoresComerciales/MotoresComerciales/Content/Fantastic_Village_Pack/textures/T_ENV_pavingstone_01_BC.ubulk" 4711
"C:/Users/bruwu/OneDrive/Documentos/GitHub/MotoresComerciales/MotoresComerciales/Content/Fantastic_Village_Pack/textures/T_ENV_pavingstone_01_BC.uasset" 4712
"C:/Users/bruwu/OneDrive/Documentos/GitHub/MotoresComerciales/MotoresComerciales/Content/Fantastic_Village_Pack/textures/T_ENV_pavingstone_01_BC.uexp" 4713
"C:/Users/bruwu/OneDrive/Documentos/GitHub/MotoresComerciales/MotoresComerciales/Content/Fantastic_Village_Pack/materials/master_materials/M_Master_landscape.uasset" 4714
"C:/Users/bruwu/OneDrive/Documentos/GitHub/MotoresComerciales/MotoresComerciales/Content/Fantastic_Village_Pack/materials/master_materials/M_Master_landscape.uexp" 4715
"C:/Users/bruwu/OneDrive/Documentos/GitHub/MotoresComerciales/MotoresComerciales/Content/Fantastic_Village_Pack/materials/MI_landscape.uasset" 4716
"C:/Users/bruwu/OneDrive/Documentos/GitHub/MotoresComerciales/MotoresComerciales/Content/Fantastic_Village_Pack/materials/MI_landscape.uexp" 4717
"C:/Users/bruwu/OneDrive/Documentos/GitHub/MotoresComerciales/MotoresComerciales/Content/Fantastic_Village_Pack/meshes/props/food/SM_PROP_sack_04.ubulk" 4718
"C:/Users/bruwu/OneDrive/Documentos/GitHub/MotoresComerciales/MotoresComerciales/Content/Fantastic_Village_Pack/meshes/props/food/SM_PROP_sack_04.uasset" 4719
"C:/Users/bruwu/OneDrive/Documentos/GitHub/MotoresComerciales/MotoresComerciales/Content/Fantastic_Village_Pack/meshes/props/food/SM_PROP_sack_04.uexp" 4720
"C:/Users/bruwu/OneDrive/Documentos/GitHub/MotoresComerciales/MotoresComerciales/Content/Fantastic_Village_Pack/maps/map_village_night_BuiltData.ubulk" 4721
"C:/Users/bruwu/OneDrive/Documentos/GitHub/MotoresComerciales/MotoresComerciales/Content/Fantastic_Village_Pack/maps/map_village_night_BuiltData.uasset" 4722
"C:/Users/bruwu/OneDrive/Documentos/GitHub/MotoresComerciales/MotoresComerciales/Content/Fantastic_Village_Pack/maps/map_village_night_BuiltData.uexp" 4723
"C:/Users/bruwu/OneDrive/Documentos/GitHub/MotoresComerciales/MotoresComerciales/Content/Fantastic_Village_Pack/materials/MI_skybox_night.uasset" 4724
"C:/Users/bruwu/OneDrive/Documentos/GitHub/MotoresComerciales/MotoresComerciales/Content/Fantastic_Village_Pack/materials/MI_skybox_night.uexp" 4725
"C:/Users/bruwu/OneDrive/Documentos/GitHub/MotoresComerciales/MotoresComerciales/Content/Fantastic_Village_Pack/meshes/props/food/SM_PROP_sack_02.ubulk" 4726
"C:/Users/bruwu/OneDrive/Documentos/GitHub/MotoresComerciales/MotoresComerciales/Content/Fantastic_Village_Pack/meshes/props/food/SM_PROP_sack_02.uasset" 4727
"C:/Users/bruwu/OneDrive/Documentos/GitHub/MotoresComerciales/MotoresComerciales/Content/Fantastic_Village_Pack/meshes/props/food/SM_PROP_sack_02.uexp" 4728
"C:/Users/bruwu/OneDrive/Documentos/GitHub/MotoresComerciales/MotoresComerciales/Content/Fantastic_Village_Pack/meshes/props/food/SM_PROP_cookingpot_small.ubulk" 4729
"C:/Users/bruwu/OneDrive/Documentos/GitHub/MotoresComerciales/MotoresComerciales/Content/Fantastic_Village_Pack/meshes/props/food/SM_PROP_cookingpot_small.uasset" 4730
"C:/Users/bruwu/OneDrive/Documentos/GitHub/MotoresComerciales/MotoresComerciales/Content/Fantastic_Village_Pack/meshes/props/food/SM_PROP_cookingpot_small.uexp" 4731
"C:/Users/bruwu/OneDrive/Documentos/GitHub/MotoresComerciales/MotoresComerciales/Content/Fantastic_Village_Pack/textures/T_PROP_wood_log_burn.ubulk" 4732
"C:/Users/bruwu/OneDrive/Documentos/GitHub/MotoresComerciales/MotoresComerciales/Content/Fantastic_Village_Pack/textures/T_PROP_wood_log_burn.uasset" 4733
"C:/Users/bruwu/OneDrive/Documentos/GitHub/MotoresComerciales/MotoresComerciales/Content/Fantastic_Village_Pack/textures/T_PROP_wood_log_burn.uexp" 4734
"C:/Users/bruwu/OneDrive/Documentos/GitHub/MotoresComerciales/MotoresComerciales/Content/Fantastic_Village_Pack/textures/T_PROP_wood_log_burn_E.ubulk" 4735
"C:/Users/bruwu/OneDrive/Documentos/GitHub/MotoresComerciales/MotoresComerciales/Content/Fantastic_Village_Pack/textures/T_PROP_wood_log_burn_E.uasset" 4736
"C:/Users/bruwu/OneDrive/Documentos/GitHub/MotoresComerciales/MotoresComerciales/Content/Fantastic_Village_Pack/textures/T_PROP_wood_log_burn_E.uexp" 4737
"C:/Users/bruwu/OneDrive/Documentos/GitHub/MotoresComerciales/MotoresComerciales/Content/Fantastic_Village_Pack/materials/MI_PROP_wood_log_burn.uasset" 4738
"C:/Users/bruwu/OneDrive/Documentos/GitHub/MotoresComerciales/MotoresComerciales/Content/Fantastic_Village_Pack/materials/MI_PROP_wood_log_burn.uexp" 4739
"C:/Users/bruwu/OneDrive/Documentos/GitHub/MotoresComerciales/MotoresComerciales/Content/Fantastic_Village_Pack/meshes/props/light/SM_PROP_campfire.ubulk" 4740
"C:/Users/bruwu/OneDrive/Documentos/GitHub/MotoresComerciales/MotoresComerciales/Content/Fantastic_Village_Pack/meshes/props/light/SM_PROP_campfire.uasset" 4741
"C:/Users/bruwu/OneDrive/Documentos/GitHub/MotoresComerciales/MotoresComerciales/Content/Fantastic_Village_Pack/meshes/props/light/SM_PROP_campfire.uexp" 4742
"C:/Users/bruwu/OneDrive/Documentos/GitHub/MotoresComerciales/MotoresComerciales/Content/Fantastic_Village_Pack/build/Grass_LayerInfo.uasset" 4743
"C:/Users/bruwu/OneDrive/Documentos/GitHub/MotoresComerciales/MotoresComerciales/Content/Fantastic_Village_Pack/build/Grass_LayerInfo.uexp" 4744
"C:/Users/bruwu/OneDrive/Documentos/GitHub/MotoresComerciales/MotoresComerciales/Content/Fantastic_Village_Pack/build/Gravel2_LayerInfo.uasset" 4745
"C:/Users/bruwu/OneDrive/Documentos/GitHub/MotoresComerciales/MotoresComerciales/Content/Fantastic_Village_Pack/build/Gravel2_LayerInfo.uexp" 4746
"C:/Users/bruwu/OneDrive/Documentos/GitHub/MotoresComerciales/MotoresComerciales/Content/Fantastic_Village_Pack/meshes/props/vehicles/SM_PROP_cart_02.ubulk" 4747
"C:/Users/bruwu/OneDrive/Documentos/GitHub/MotoresComerciales/MotoresComerciales/Content/Fantastic_Village_Pack/meshes/props/vehicles/SM_PROP_cart_02.uasset" 4748
"C:/Users/bruwu/OneDrive/Documentos/GitHub/MotoresComerciales/MotoresComerciales/Content/Fantastic_Village_Pack/meshes/props/vehicles/SM_PROP_cart_02.uexp" 4749
"C:/Users/bruwu/OneDrive/Documentos/GitHub/MotoresComerciales/MotoresComerciales/Content/Fantastic_Village_Pack/build/Gravel_LayerInfo.uasset" 4750
"C:/Users/bruwu/OneDrive/Documentos/GitHub/MotoresComerciales/MotoresComerciales/Content/Fantastic_Village_Pack/build/Gravel_LayerInfo.uexp" 4751
"C:/Users/bruwu/OneDrive/Documentos/GitHub/MotoresComerciales/MotoresComerciales/Content/Fantastic_Village_Pack/meshes/props/vehicles/SM_PROP_cart_wheel_big_L_02.ubulk" 4752
"C:/Users/bruwu/OneDrive/Documentos/GitHub/MotoresComerciales/MotoresComerciales/Content/Fantastic_Village_Pack/meshes/props/vehicles/SM_PROP_cart_wheel_big_L_02.uasset" 4753
"C:/Users/bruwu/OneDrive/Documentos/GitHub/MotoresComerciales/MotoresComerciales/Content/Fantastic_Village_Pack/meshes/props/vehicles/SM_PROP_cart_wheel_big_L_02.uexp" 4754
"C:/Users/bruwu/OneDrive/Documentos/GitHub/MotoresComerciales/MotoresComerciales/Content/Fantastic_Village_Pack/meshes/props/vehicles/SM_PROP_cart_wheel_big_R_02.ubulk" 4755
"C:/Users/bruwu/OneDrive/Documentos/GitHub/MotoresComerciales/MotoresComerciales/Content/Fantastic_Village_Pack/meshes/props/vehicles/SM_PROP_cart_wheel_big_R_02.uasset" 4756
"C:/Users/bruwu/OneDrive/Documentos/GitHub/MotoresComerciales/MotoresComerciales/Content/Fantastic_Village_Pack/meshes/props/vehicles/SM_PROP_cart_wheel_big_R_02.uexp" 4757
"C:/Users/bruwu/OneDrive/Documentos/GitHub/MotoresComerciales/MotoresComerciales/Content/Fantastic_Village_Pack/meshes/props/light/SM_PROP_brazier_01.ubulk" 4758
"C:/Users/bruwu/OneDrive/Documentos/GitHub/MotoresComerciales/MotoresComerciales/Content/Fantastic_Village_Pack/meshes/props/light/SM_PROP_brazier_01.uasset" 4759
"C:/Users/bruwu/OneDrive/Documentos/GitHub/MotoresComerciales/MotoresComerciales/Content/Fantastic_Village_Pack/meshes/props/light/SM_PROP_brazier_01.uexp" 4760
"C:/Users/bruwu/OneDrive/Documentos/GitHub/MotoresComerciales/MotoresComerciales/Content/Fantastic_Village_Pack/build/Farmfield_LayerInfo.uasset" 4761
"C:/Users/bruwu/OneDrive/Documentos/GitHub/MotoresComerciales/MotoresComerciales/Content/Fantastic_Village_Pack/build/Farmfield_LayerInfo.uexp" 4762
"C:/Users/bruwu/OneDrive/Documentos/GitHub/MotoresComerciales/MotoresComerciales/Content/Fantastic_Village_Pack/maps/map_village_night.uexp" 4763
"C:/Users/bruwu/OneDrive/Documentos/GitHub/MotoresComerciales/MotoresComerciales/Content/Fantastic_Village_Pack/maps/map_village_night.ubulk" 4764
"C:/Users/bruwu/OneDrive/Documentos/GitHub/MotoresComerciales/MotoresComerciales/Content/Fantastic_Village_Pack/maps/map_village_night.umap" 4765
"C:/Users/bruwu/OneDrive/Documentos/GitHub/MotoresComerciales/MotoresComerciales/Content/Fantastic_Village_Pack/maps/map_village_day_BuiltData.ubulk" 4766
"C:/Users/bruwu/OneDrive/Documentos/GitHub/MotoresComerciales/MotoresComerciales/Content/Fantastic_Village_Pack/maps/map_village_day_BuiltData.uasset" 4767
"C:/Users/bruwu/OneDrive/Documentos/GitHub/MotoresComerciales/MotoresComerciales/Content/Fantastic_Village_Pack/maps/map_village_day_BuiltData.uexp" 4768
"C:/Users/bruwu/OneDrive/Documentos/GitHub/MotoresComerciales/MotoresComerciales/Content/Fantastic_Village_Pack/maps/map_village_day.uexp" 4769
"C:/Users/bruwu/OneDrive/Documentos/GitHub/MotoresComerciales/MotoresComerciales/Content/Fantastic_Village_Pack/maps/map_village_day.ubulk" 4770
"C:/Users/bruwu/OneDrive/Documentos/GitHub/MotoresComerciales/MotoresComerciales/Content/Fantastic_Village_Pack/maps/map_village_day.umap" 4771
