"Name","Platform","Compiles","CompilesDouble","Uses","UsesDouble","PermutationString"
"/Engine/EngineMaterials/NaniteHiddenSectionMaterial.NaniteHiddenSectionMaterial","0","14","0","16","16","Compiling NaniteHiddenSectionMaterial: Platform=PCD3D_SM5, Usage=LightingModel=MSM_DefaultLit, BlendMode=BLEND_Opaque, SpecialEngine=0, TwoSided=1, TSNormal=1, Masked=0, Distorted=0, WritesEveryPixel=1, ModifiesMeshPosition=1, Usage={}"
"/Engine/EngineDebugMaterials/DebugMeshMaterial.DebugMeshMaterial","0","7","0","7","7","Compiling DebugMeshMaterial: Platform=PCD3D_SM5, Usage=LightingModel=MSM_Unlit, BlendMode=BLEND_TranslucentGreyTransmittance, SpecialEngine=0, TwoSided=1, TSNormal=1, Masked=0, Distorted=0, WritesEveryPixel=1, ModifiesMeshPosition=0, Usage={}"
"/Engine/EngineMaterials/GizmoMaterial.GizmoMaterial","0","7","0","8","8","Compiling GizmoMaterial: Platform=PCD3D_SM5, Usage=LightingModel=MSM_Unlit, BlendMode=BLEND_Opaque, SpecialEngine=0, TwoSided=1, TSNormal=1, Masked=0, Distorted=0, WritesEveryPixel=1, ModifiesMeshPosition=0, Usage={}"
"/MovieRenderPipeline/Materials/MoviePipeline_StencilCutout.MoviePipeline_StencilCutout","0","16","0","18","18","Compiling MoviePipeline_StencilCutout: Platform=PCD3D_SM5, Usage=LightingModel=MSM_Unlit, BlendMode=BLEND_Opaque, SpecialEngine=0, TwoSided=0, TSNormal=1, Masked=0, Distorted=0, WritesEveryPixel=0, ModifiesMeshPosition=0, Usage={}"
"/Engine/EditorMaterials/Dataflow/DataflowVertexMaterial.DataflowVertexMaterial","0","8","0","8","8","Compiling DataflowVertexMaterial: Platform=PCD3D_SM5, Usage=LightingModel=MSM_DefaultLit, BlendMode=BLEND_Opaque, SpecialEngine=0, TwoSided=0, TSNormal=1, Masked=0, Distorted=0, WritesEveryPixel=1, ModifiesMeshPosition=0, Usage={bUsedWithSkeletalMesh}"
"/Avalanche/ToolboxResources/M_Toolbox_Mask.M_Toolbox_Mask","0","8","0","8","8","Compiling M_Toolbox_Mask: Platform=PCD3D_SM5, Usage=LightingModel=MSM_Unlit, BlendMode=BLEND_TranslucentGreyTransmittance, SpecialEngine=0, TwoSided=0, TSNormal=1, Masked=0, Distorted=0, WritesEveryPixel=1, ModifiesMeshPosition=0, Usage={bUsedWithNiagaraMeshParticles}"
"/Engine/BasicShapes/BasicShapeMaterial.BasicShapeMaterial","0","13","0","13","13","Compiling BasicShapeMaterial: Platform=PCD3D_SM5, Usage=LightingModel=MSM_DefaultLit, BlendMode=BLEND_Opaque, SpecialEngine=0, TwoSided=0, TSNormal=1, Masked=0, Distorted=0, WritesEveryPixel=1, ModifiesMeshPosition=0, Usage={bUsedWithStaticLighting,bUsedWithInstancedStaticMeshes,bUsedWithGeometryCollections,bUsedWithNanite}"
"/ControlRig/Controls/ControlRigXRayMaterial.ControlRigXRayMaterial","0","8","0","9","9","Compiling ControlRigXRayMaterial: Platform=PCD3D_SM5, Usage=LightingModel=MSM_Unlit, BlendMode=BLEND_TranslucentGreyTransmittance, SpecialEngine=0, TwoSided=0, TSNormal=1, Masked=0, Distorted=0, WritesEveryPixel=1, ModifiesMeshPosition=1, Usage={bUsedWithStaticLighting}"
"/Avalanche/M_SeeThrough.M_SeeThrough","0","13","0","13","13","Compiling M_SeeThrough: Platform=PCD3D_SM5, Usage=LightingModel=MSM_Unlit, BlendMode=BLEND_TranslucentGreyTransmittance, SpecialEngine=0, TwoSided=0, TSNormal=1, Masked=0, Distorted=0, WritesEveryPixel=1, ModifiesMeshPosition=0, Usage={bUsedWithStaticLighting}"
"/Engine/EditorLandscapeResources/SplineEditorMeshMat.SplineEditorMeshMat","0","12","0","14","14","Compiling SplineEditorMeshMat: Platform=PCD3D_SM5, Usage=LightingModel=MSM_Unlit, BlendMode=BLEND_Opaque, SpecialEngine=0, TwoSided=1, TSNormal=1, Masked=0, Distorted=0, WritesEveryPixel=1, ModifiesMeshPosition=0, Usage={bUsedWithSplineMeshes,bUsedWithNanite}"
"/Engine/EngineDebugMaterials/M_SimpleUnlitTranslucent.M_SimpleUnlitTranslucent","0","5","0","5","5","Compiling M_SimpleUnlitTranslucent: Platform=PCD3D_SM5, Usage=LightingModel=MSM_Unlit, BlendMode=BLEND_TranslucentGreyTransmittance, SpecialEngine=0, TwoSided=0, TSNormal=1, Masked=0, Distorted=0, WritesEveryPixel=1, ModifiesMeshPosition=0, Usage={}"
"/Engine/EditorMaterials/Camera/CineMat.CineMat","0","8","0","8","8","Compiling CineMat: Platform=PCD3D_SM5, Usage=LightingModel=MSM_DefaultLit, BlendMode=BLEND_Opaque, SpecialEngine=0, TwoSided=0, TSNormal=1, Masked=0, Distorted=0, WritesEveryPixel=1, ModifiesMeshPosition=0, Usage={bUsedWithSplineMeshes}"
"/Engine/VREditor/TransformGizmo/Xray.Xray","0","5","0","5","5","Compiling Xray: Platform=PCD3D_SM5, Usage=LightingModel=MSM_DefaultLit, BlendMode=BLEND_Opaque, SpecialEngine=0, TwoSided=0, TSNormal=1, Masked=0, Distorted=0, WritesEveryPixel=1, ModifiesMeshPosition=0, Usage={}"
"/Engine/VREditor/TransformGizmo/Main.Main","0","5","0","5","5","Compiling Main: Platform=PCD3D_SM5, Usage=LightingModel=MSM_Unlit, BlendMode=BLEND_TranslucentGreyTransmittance, SpecialEngine=0, TwoSided=0, TSNormal=1, Masked=0, Distorted=0, WritesEveryPixel=1, ModifiesMeshPosition=0, Usage={}"
"/Engine/VREditor/TransformGizmo/TranslucentTransformGizmoMaterial.TranslucentTransformGizmoMaterial","0","5","0","5","5","Compiling TranslucentTransformGizmoMaterial: Platform=PCD3D_SM5, Usage=LightingModel=MSM_Unlit, BlendMode=BLEND_TranslucentGreyTransmittance, SpecialEngine=0, TwoSided=0, TSNormal=1, Masked=0, Distorted=0, WritesEveryPixel=1, ModifiesMeshPosition=0, Usage={}"
"/Game/WaterPlane/Ocean/Materials/FakedCaustics.FakedCaustics","0","5","0","5","5","Compiling FakedCaustics: Platform=PCD3D_SM5, Usage=LightingModel=MSM_DefaultLit, BlendMode=BLEND_Opaque, SpecialEngine=0, TwoSided=0, TSNormal=1, Masked=0, Distorted=0, WritesEveryPixel=1, ModifiesMeshPosition=0, Usage={}"
"/Game/ThirdPerson/Models/yonFBX/White_002.White_002","0","5","0","5","5","Compiling White_002: Platform=PCD3D_SM5, Usage=LightingModel=MSM_DefaultLit, BlendMode=BLEND_Opaque, SpecialEngine=0, TwoSided=0, TSNormal=1, Masked=0, Distorted=0, WritesEveryPixel=1, ModifiesMeshPosition=0, Usage={}"
"/Game/ThirdPerson/Models/yonFBX/Studio_Setup_Mtl_9_001.Studio_Setup_Mtl_9_001","0","5","0","5","5","Compiling Studio_Setup_Mtl_9_001: Platform=PCD3D_SM5, Usage=LightingModel=MSM_DefaultLit, BlendMode=BLEND_Opaque, SpecialEngine=0, TwoSided=0, TSNormal=1, Masked=0, Distorted=0, WritesEveryPixel=1, ModifiesMeshPosition=0, Usage={}"
"/Game/ThirdPerson/Models/yonFBX/Studio_Setup_Mtl_8_001.Studio_Setup_Mtl_8_001","0","5","0","5","5","Compiling Studio_Setup_Mtl_8_001: Platform=PCD3D_SM5, Usage=LightingModel=MSM_DefaultLit, BlendMode=BLEND_Opaque, SpecialEngine=0, TwoSided=0, TSNormal=1, Masked=0, Distorted=0, WritesEveryPixel=1, ModifiesMeshPosition=0, Usage={}"
"/Game/ThirdPerson/Models/yonFBX/Studio_Setup_Mtl_7_001.Studio_Setup_Mtl_7_001","0","5","0","5","5","Compiling Studio_Setup_Mtl_7_001: Platform=PCD3D_SM5, Usage=LightingModel=MSM_DefaultLit, BlendMode=BLEND_Opaque, SpecialEngine=0, TwoSided=0, TSNormal=1, Masked=0, Distorted=0, WritesEveryPixel=1, ModifiesMeshPosition=0, Usage={}"
"/Game/ThirdPerson/Models/yonFBX/Studio_Setup_Mtl_6_001.Studio_Setup_Mtl_6_001","0","5","0","5","5","Compiling Studio_Setup_Mtl_6_001: Platform=PCD3D_SM5, Usage=LightingModel=MSM_DefaultLit, BlendMode=BLEND_Opaque, SpecialEngine=0, TwoSided=0, TSNormal=1, Masked=0, Distorted=0, WritesEveryPixel=1, ModifiesMeshPosition=0, Usage={}"
"/Game/ThirdPerson/Models/yonFBX/Studio_Setup_Mtl_5_001.Studio_Setup_Mtl_5_001","0","5","0","5","5","Compiling Studio_Setup_Mtl_5_001: Platform=PCD3D_SM5, Usage=LightingModel=MSM_DefaultLit, BlendMode=BLEND_Opaque, SpecialEngine=0, TwoSided=0, TSNormal=1, Masked=0, Distorted=0, WritesEveryPixel=1, ModifiesMeshPosition=0, Usage={}"
"/Game/ThirdPerson/Models/yonFBX/Studio_Setup_Mtl_4_001.Studio_Setup_Mtl_4_001","0","5","0","5","5","Compiling Studio_Setup_Mtl_4_001: Platform=PCD3D_SM5, Usage=LightingModel=MSM_DefaultLit, BlendMode=BLEND_Opaque, SpecialEngine=0, TwoSided=0, TSNormal=1, Masked=0, Distorted=0, WritesEveryPixel=1, ModifiesMeshPosition=0, Usage={}"
"/Game/ThirdPerson/Models/yonFBX/Studio_Setup_Mtl_3_001.Studio_Setup_Mtl_3_001","0","5","0","5","5","Compiling Studio_Setup_Mtl_3_001: Platform=PCD3D_SM5, Usage=LightingModel=MSM_DefaultLit, BlendMode=BLEND_Opaque, SpecialEngine=0, TwoSided=0, TSNormal=1, Masked=0, Distorted=0, WritesEveryPixel=1, ModifiesMeshPosition=0, Usage={}"
"/Game/ThirdPerson/Models/yonFBX/Studio_Setup_Mtl_1_001.Studio_Setup_Mtl_1_001","0","5","0","5","5","Compiling Studio_Setup_Mtl_1_001: Platform=PCD3D_SM5, Usage=LightingModel=MSM_DefaultLit, BlendMode=BLEND_Opaque, SpecialEngine=0, TwoSided=0, TSNormal=1, Masked=0, Distorted=0, WritesEveryPixel=1, ModifiesMeshPosition=0, Usage={}"
"/Game/ThirdPerson/Models/yonFBX/Studio_Setup_Mtl_19_001.Studio_Setup_Mtl_19_001","0","5","0","5","5","Compiling Studio_Setup_Mtl_19_001: Platform=PCD3D_SM5, Usage=LightingModel=MSM_DefaultLit, BlendMode=BLEND_Opaque, SpecialEngine=0, TwoSided=0, TSNormal=1, Masked=0, Distorted=0, WritesEveryPixel=1, ModifiesMeshPosition=0, Usage={}"
"/Game/ThirdPerson/Models/yonFBX/Studio_Setup_Mtl_18_001.Studio_Setup_Mtl_18_001","0","5","0","5","5","Compiling Studio_Setup_Mtl_18_001: Platform=PCD3D_SM5, Usage=LightingModel=MSM_DefaultLit, BlendMode=BLEND_Opaque, SpecialEngine=0, TwoSided=0, TSNormal=1, Masked=0, Distorted=0, WritesEveryPixel=1, ModifiesMeshPosition=0, Usage={}"
"/Game/ThirdPerson/Models/yonFBX/Studio_Setup_Mtl_17_001.Studio_Setup_Mtl_17_001","0","5","0","5","5","Compiling Studio_Setup_Mtl_17_001: Platform=PCD3D_SM5, Usage=LightingModel=MSM_DefaultLit, BlendMode=BLEND_Opaque, SpecialEngine=0, TwoSided=0, TSNormal=1, Masked=0, Distorted=0, WritesEveryPixel=1, ModifiesMeshPosition=0, Usage={}"
"/Game/ThirdPerson/Models/yonFBX/Studio_Setup_Mtl_16_001.Studio_Setup_Mtl_16_001","0","5","0","5","5","Compiling Studio_Setup_Mtl_16_001: Platform=PCD3D_SM5, Usage=LightingModel=MSM_DefaultLit, BlendMode=BLEND_Opaque, SpecialEngine=0, TwoSided=0, TSNormal=1, Masked=0, Distorted=0, WritesEveryPixel=1, ModifiesMeshPosition=0, Usage={}"
"/Game/ThirdPerson/Models/yonFBX/Studio_Setup_Mtl_15_001.Studio_Setup_Mtl_15_001","0","5","0","5","5","Compiling Studio_Setup_Mtl_15_001: Platform=PCD3D_SM5, Usage=LightingModel=MSM_DefaultLit, BlendMode=BLEND_Opaque, SpecialEngine=0, TwoSided=0, TSNormal=1, Masked=0, Distorted=0, WritesEveryPixel=1, ModifiesMeshPosition=0, Usage={}"
"/Game/ThirdPerson/Models/yonFBX/Studio_Setup_Mtl_14_001.Studio_Setup_Mtl_14_001","0","5","0","5","5","Compiling Studio_Setup_Mtl_14_001: Platform=PCD3D_SM5, Usage=LightingModel=MSM_DefaultLit, BlendMode=BLEND_Opaque, SpecialEngine=0, TwoSided=0, TSNormal=1, Masked=0, Distorted=0, WritesEveryPixel=1, ModifiesMeshPosition=0, Usage={}"
"/Game/ThirdPerson/Models/yonFBX/Studio_Setup_Mtl_13_001.Studio_Setup_Mtl_13_001","0","5","0","5","5","Compiling Studio_Setup_Mtl_13_001: Platform=PCD3D_SM5, Usage=LightingModel=MSM_DefaultLit, BlendMode=BLEND_Opaque, SpecialEngine=0, TwoSided=0, TSNormal=1, Masked=0, Distorted=0, WritesEveryPixel=1, ModifiesMeshPosition=0, Usage={}"
"/Game/ThirdPerson/Models/yonFBX/Studio_Setup_Mtl_12_001.Studio_Setup_Mtl_12_001","0","5","0","5","5","Compiling Studio_Setup_Mtl_12_001: Platform=PCD3D_SM5, Usage=LightingModel=MSM_DefaultLit, BlendMode=BLEND_Opaque, SpecialEngine=0, TwoSided=0, TSNormal=1, Masked=0, Distorted=0, WritesEveryPixel=1, ModifiesMeshPosition=0, Usage={}"
"/Game/ThirdPerson/Models/yonFBX/Studio_Setup_Mtl_11_001.Studio_Setup_Mtl_11_001","0","5","0","5","5","Compiling Studio_Setup_Mtl_11_001: Platform=PCD3D_SM5, Usage=LightingModel=MSM_DefaultLit, BlendMode=BLEND_Opaque, SpecialEngine=0, TwoSided=0, TSNormal=1, Masked=0, Distorted=0, WritesEveryPixel=1, ModifiesMeshPosition=0, Usage={}"
"/Game/ThirdPerson/Models/yonFBX/Studio_Setup_Mtl_10_001.Studio_Setup_Mtl_10_001","0","5","0","5","5","Compiling Studio_Setup_Mtl_10_001: Platform=PCD3D_SM5, Usage=LightingModel=MSM_DefaultLit, BlendMode=BLEND_Opaque, SpecialEngine=0, TwoSided=0, TSNormal=1, Masked=0, Distorted=0, WritesEveryPixel=1, ModifiesMeshPosition=0, Usage={}"
"/Game/ThirdPerson/Models/yonFBX/Studio_Plastic_1.Studio_Plastic_1","0","5","0","5","5","Compiling Studio_Plastic_1: Platform=PCD3D_SM5, Usage=LightingModel=MSM_DefaultLit, BlendMode=BLEND_Opaque, SpecialEngine=0, TwoSided=0, TSNormal=1, Masked=0, Distorted=0, WritesEveryPixel=1, ModifiesMeshPosition=0, Usage={}"
"/Game/ThirdPerson/Models/yonFBX/Studio_Fabric_3.Studio_Fabric_3","0","5","0","5","5","Compiling Studio_Fabric_3: Platform=PCD3D_SM5, Usage=LightingModel=MSM_DefaultLit, BlendMode=BLEND_Opaque, SpecialEngine=0, TwoSided=0, TSNormal=1, Masked=0, Distorted=0, WritesEveryPixel=1, ModifiesMeshPosition=0, Usage={}"
"/Game/ThirdPerson/Models/yonFBX/QS_002.QS_002","0","5","0","5","5","Compiling QS_002: Platform=PCD3D_SM5, Usage=LightingModel=MSM_DefaultLit, BlendMode=BLEND_Opaque, SpecialEngine=0, TwoSided=0, TSNormal=1, Masked=0, Distorted=0, WritesEveryPixel=1, ModifiesMeshPosition=0, Usage={}"
"/Game/ThirdPerson/Models/yonFBX/Metal_002.Metal_002","0","5","0","5","5","Compiling Metal_002: Platform=PCD3D_SM5, Usage=LightingModel=MSM_DefaultLit, BlendMode=BLEND_Opaque, SpecialEngine=0, TwoSided=0, TSNormal=1, Masked=0, Distorted=0, WritesEveryPixel=1, ModifiesMeshPosition=0, Usage={}"
"/Game/ThirdPerson/Models/yonFBX/Black_001.Black_001","0","5","0","5","5","Compiling Black_001: Platform=PCD3D_SM5, Usage=LightingModel=MSM_DefaultLit, BlendMode=BLEND_Opaque, SpecialEngine=0, TwoSided=0, TSNormal=1, Masked=0, Distorted=0, WritesEveryPixel=1, ModifiesMeshPosition=0, Usage={}"
"/Game/ThirdPerson/Materials/grass.grass","0","5","13","5","31","Compiling grass: Platform=PCD3D_SM5, Usage=LightingModel=MSM_DefaultLit, BlendMode=BLEND_Opaque, SpecialEngine=0, TwoSided=0, TSNormal=1, Masked=0, Distorted=0, WritesEveryPixel=1, ModifiesMeshPosition=0, Usage={}"
"/Engine/EngineMaterials/DefaultLightFunctionMaterial.DefaultLightFunctionMaterial","0","45","0","45","45","Compiling DefaultLightFunctionMaterial: Platform=PCD3D_SM5, Usage=LightingModel=MSM_Unlit, BlendMode=BLEND_Opaque, SpecialEngine=0, TwoSided=0, TSNormal=1, Masked=0, Distorted=0, WritesEveryPixel=1, ModifiesMeshPosition=0, Usage={}"
"/Game/ThirdPerson/Models/yonFBX/Studio_Setup_Mtl_2_001.Studio_Setup_Mtl_2_001","0","5","0","5","5","Compiling Studio_Setup_Mtl_2_001: Platform=PCD3D_SM5, Usage=LightingModel=MSM_DefaultLit, BlendMode=BLEND_Opaque, SpecialEngine=0, TwoSided=0, TSNormal=1, Masked=0, Distorted=0, WritesEveryPixel=1, ModifiesMeshPosition=0, Usage={}"
"/Game/Stylized_PBR_Nature/Terrain/M_Water_Basic.M_Water_Basic","0","5","0","5","5","Compiling M_Water_Basic: Platform=PCD3D_SM5, Usage=LightingModel=MSM_DefaultLit, BlendMode=BLEND_Opaque, SpecialEngine=0, TwoSided=0, TSNormal=1, Masked=0, Distorted=0, WritesEveryPixel=1, ModifiesMeshPosition=0, Usage={bUsedWithStaticLighting,bUsedWithNanite}"
"/Game/MVP_Resources/Pieces/Dark_Mat.Dark_Mat","0","10","0","10","10","Compiling Dark_Mat: Platform=PCD3D_SM5, Usage=LightingModel=MSM_DefaultLit, BlendMode=BLEND_Opaque, SpecialEngine=0, TwoSided=0, TSNormal=1, Masked=0, Distorted=0, WritesEveryPixel=1, ModifiesMeshPosition=0, Usage={bUsedWithInstancedStaticMeshes}"
"/Game/MVP_Resources/FPWeapon/Materials/BaseMaterial.BaseMaterial","0","13","0","13","13","Compiling BaseMaterial: Platform=PCD3D_SM5, Usage=LightingModel=MSM_DefaultLit, BlendMode=BLEND_Opaque, SpecialEngine=0, TwoSided=0, TSNormal=1, Masked=0, Distorted=0, WritesEveryPixel=1, ModifiesMeshPosition=0, Usage={bUsedWithSkeletalMesh,bUsedWithStaticLighting,bUsedWithInstancedStaticMeshes}"
"/Game/MuzzleFlash/Demo/LevelPrototyping/Materials/M_Solid.M_Solid","0","8","0","8","8","Compiling M_Solid: Platform=PCD3D_SM5, Usage=LightingModel=MSM_DefaultLit, BlendMode=BLEND_Opaque, SpecialEngine=0, TwoSided=0, TSNormal=1, Masked=0, Distorted=0, WritesEveryPixel=1, ModifiesMeshPosition=0, Usage={bUsedWithSkeletalMesh}"
"/Game/MuzzleFlash/Demo/FPWeapon/Materials/BaseMaterial.BaseMaterial","0","8","0","8","8","Compiling BaseMaterial: Platform=PCD3D_SM5, Usage=LightingModel=MSM_DefaultLit, BlendMode=BLEND_Opaque, SpecialEngine=0, TwoSided=0, TSNormal=1, Masked=0, Distorted=0, WritesEveryPixel=1, ModifiesMeshPosition=0, Usage={bUsedWithSkeletalMesh,bUsedWithStaticLighting}"
"/Game/MVP_Resources/double-barrel/source/Material_002.Material_002","0","8","0","8","8","Compiling Material_002: Platform=PCD3D_SM5, Usage=LightingModel=MSM_DefaultLit, BlendMode=BLEND_Opaque, SpecialEngine=0, TwoSided=0, TSNormal=1, Masked=0, Distorted=0, WritesEveryPixel=1, ModifiesMeshPosition=0, Usage={bUsedWithSkeletalMesh}"
"/Game/MVP_Resources/double-barrel/source/Material_001.Material_001","0","5","0","5","5","Compiling Material_001: Platform=PCD3D_SM5, Usage=LightingModel=MSM_DefaultLit, BlendMode=BLEND_Opaque, SpecialEngine=0, TwoSided=0, TSNormal=1, Masked=0, Distorted=0, WritesEveryPixel=1, ModifiesMeshPosition=0, Usage={}"
"/Game/MVP_Resources/opacity.opacity","0","8","0","8","8","Compiling opacity: Platform=PCD3D_SM5, Usage=LightingModel=MSM_DefaultLit, BlendMode=BLEND_Opaque, SpecialEngine=0, TwoSided=0, TSNormal=1, Masked=0, Distorted=0, WritesEveryPixel=1, ModifiesMeshPosition=0, Usage={bUsedWithSkeletalMesh}"
"/Game/MVP_Resources/mat_lunara.mat_lunara","0","8","0","8","8","Compiling mat_lunara: Platform=PCD3D_SM5, Usage=LightingModel=MSM_DefaultLit, BlendMode=BLEND_Opaque, SpecialEngine=0, TwoSided=0, TSNormal=1, Masked=0, Distorted=0, WritesEveryPixel=1, ModifiesMeshPosition=0, Usage={bUsedWithSkeletalMesh}"
"/Game/MVP_Resources/Material_002.Material_002","0","8","0","8","8","Compiling Material_002: Platform=PCD3D_SM5, Usage=LightingModel=MSM_DefaultLit, BlendMode=BLEND_Opaque, SpecialEngine=0, TwoSided=0, TSNormal=1, Masked=0, Distorted=0, WritesEveryPixel=1, ModifiesMeshPosition=0, Usage={bUsedWithSkeletalMesh}"
"/Game/MVP_Resources/Material_001.Material_001","0","8","0","8","8","Compiling Material_001: Platform=PCD3D_SM5, Usage=LightingModel=MSM_DefaultLit, BlendMode=BLEND_Opaque, SpecialEngine=0, TwoSided=0, TSNormal=1, Masked=0, Distorted=0, WritesEveryPixel=1, ModifiesMeshPosition=0, Usage={bUsedWithSkeletalMesh}"
"/Game/Fantastic_Village_Pack/materials/master_materials/M_Master_CLR.M_Master_CLR","0","16","0","16","16","Compiling M_Master_CLR: Platform=PCD3D_SM5, Usage=LightingModel=MSM_DefaultLit, BlendMode=BLEND_TranslucentGreyTransmittance, SpecialEngine=0, TwoSided=0, TSNormal=1, Masked=0, Distorted=0, WritesEveryPixel=1, ModifiesMeshPosition=0, Usage={bUsedWithStaticLighting,bUsedWithInstancedStaticMeshes}"
"/Game/Fantastic_Village_Pack/materials/master_materials/M_Master_CLR.M_Master_CLR","0","10","0","10","10","Compiling M_Master_CLR: Platform=PCD3D_SM5, Usage=LightingModel=MSM_DefaultLit, BlendMode=BLEND_Opaque, SpecialEngine=0, TwoSided=0, TSNormal=1, Masked=0, Distorted=0, WritesEveryPixel=1, ModifiesMeshPosition=0, Usage={bUsedWithStaticLighting,bUsedWithInstancedStaticMeshes}"
"/Engine/EngineSky/M_SimpleSkyDome.M_SimpleSkyDome","0","4","0","4","4","Compiling M_SimpleSkyDome: Platform=PCD3D_SM5, Usage=LightingModel=MSM_Unlit, BlendMode=BLEND_Opaque, SpecialEngine=0, TwoSided=0, TSNormal=1, Masked=0, Distorted=0, WritesEveryPixel=1, ModifiesMeshPosition=0, Usage={}"
"/Niagara/DefaultAssets/DefaultSpriteMaterial.DefaultSpriteMaterial","0","32","0","37","37","Compiling DefaultSpriteMaterial: Platform=PCD3D_SM5, Usage=LightingModel=MSM_Unlit, BlendMode=BLEND_Additive, SpecialEngine=0, TwoSided=1, TSNormal=1, Masked=0, Distorted=0, WritesEveryPixel=1, ModifiesMeshPosition=0, Usage={bUsedWithParticleSprites,bUsedWithNiagaraSprites,bUsedWithNiagaraRibbons}"
"/Engine/EngineMaterials/FlattenMaterial_WS_Normal_VT.FlattenMaterial_WS_Normal_VT","0","8","0","8","8","Compiling FlattenMaterial_WS_Normal_VT: Platform=PCD3D_SM5, Usage=LightingModel=MSM_DefaultLit, BlendMode=BLEND_Opaque, SpecialEngine=0, TwoSided=0, TSNormal=0, Masked=0, Distorted=0, WritesEveryPixel=1, ModifiesMeshPosition=0, Usage={bUsedWithSkeletalMesh,bUsedWithStaticLighting,bUsedWithMorphTargets,bUsedWithNanite}, StaticSwitch'PackMetallic2-1'=False, StaticSwitch'PackRoughness2-1'=False, StaticSwitch'PackSpecular2-1'=False, StaticSwitch'UseAmbientOcclusion2-1'=False, StaticSwitch'UseBaseColor2-1'=False, StaticSwitch'UseCustomUV2-1'=False, StaticSwitch'UseEmissiveColor2-1'=False, StaticSwitch'UseEmissiveHDR2-1'=False, StaticSwitch'UseMetallic2-1'=False, StaticSwitch'UseOpacity2-1'=False, StaticSwitch'UseOpacityMask2-1'=False, StaticSwitch'UseRoughness2-1'=False, StaticSwitch'UseSpecular2-1'=False, StaticSwitch'UseUV12-1'=False, StaticSwitch'UseUV22-1'=False, StaticSwitch'UseUV32-1'=False, StaticSwitch'UseUV42-1'=False, StaticSwitch'UseUV52-1'=False, StaticSwitch'UseUV62-1'=False"
"/Engine/EngineMaterials/FlattenMaterial_VT.FlattenMaterial_VT","0","8","0","8","8","Compiling FlattenMaterial_VT: Platform=PCD3D_SM5, Usage=LightingModel=MSM_DefaultLit, BlendMode=BLEND_Opaque, SpecialEngine=0, TwoSided=0, TSNormal=1, Masked=0, Distorted=0, WritesEveryPixel=1, ModifiesMeshPosition=0, Usage={bUsedWithSkeletalMesh,bUsedWithStaticLighting,bUsedWithMorphTargets,bUsedWithNanite}, StaticSwitch'PackMetallic2-1'=False, StaticSwitch'PackRoughness2-1'=False, StaticSwitch'PackSpecular2-1'=False, StaticSwitch'UseAmbientOcclusion2-1'=False, StaticSwitch'UseBaseColor2-1'=False, StaticSwitch'UseCustomUV2-1'=False, StaticSwitch'UseEmissiveColor2-1'=False, StaticSwitch'UseEmissiveHDR2-1'=False, StaticSwitch'UseMetallic2-1'=False, StaticSwitch'UseOpacity2-1'=False, StaticSwitch'UseOpacityMask2-1'=False, StaticSwitch'UseRoughness2-1'=False, StaticSwitch'UseSpecular2-1'=False, StaticSwitch'UseUV12-1'=False, StaticSwitch'UseUV22-1'=False, StaticSwitch'UseUV32-1'=False, StaticSwitch'UseUV42-1'=False, StaticSwitch'UseUV52-1'=False, StaticSwitch'UseUV62-1'=False"
"/Engine/EngineMaterials/FlattenMaterial.FlattenMaterial","0","8","0","8","8","Compiling FlattenMaterial: Platform=PCD3D_SM5, Usage=LightingModel=MSM_DefaultLit, BlendMode=BLEND_Opaque, SpecialEngine=0, TwoSided=0, TSNormal=1, Masked=0, Distorted=0, WritesEveryPixel=1, ModifiesMeshPosition=0, Usage={bUsedWithSkeletalMesh,bUsedWithStaticLighting,bUsedWithMorphTargets,bUsedWithNanite}, StaticSwitch'PackMetallic2-1'=False, StaticSwitch'PackRoughness2-1'=False, StaticSwitch'PackSpecular2-1'=False, StaticSwitch'UseAmbientOcclusion2-1'=False, StaticSwitch'UseBaseColor2-1'=False, StaticSwitch'UseCustomUV2-1'=False, StaticSwitch'UseEmissiveColor2-1'=False, StaticSwitch'UseEmissiveHDR2-1'=False, StaticSwitch'UseMetallic2-1'=False, StaticSwitch'UseOpacity2-1'=False, StaticSwitch'UseOpacityMask2-1'=False, StaticSwitch'UseRoughness2-1'=False, StaticSwitch'UseSpecular2-1'=False, StaticSwitch'UseUV12-1'=False, StaticSwitch'UseUV22-1'=False, StaticSwitch'UseUV32-1'=False, StaticSwitch'UseUV42-1'=False, StaticSwitch'UseUV52-1'=False, StaticSwitch'UseUV62-1'=False"
"/Engine/EngineMaterials/M_InvalidLightmapSettings.M_InvalidLightmapSettings","0","10","0","10","10","Compiling M_InvalidLightmapSettings: Platform=PCD3D_SM5, Usage=LightingModel=MSM_DefaultLit, BlendMode=BLEND_Opaque, SpecialEngine=0, TwoSided=0, TSNormal=1, Masked=0, Distorted=0, WritesEveryPixel=1, ModifiesMeshPosition=0, Usage={bUsedWithInstancedStaticMeshes}"
"/Engine/EngineMaterials/EmissiveMeshMaterial.EmissiveMeshMaterial","0","7","0","7","7","Compiling EmissiveMeshMaterial: Platform=PCD3D_SM5, Usage=LightingModel=MSM_Unlit, BlendMode=BLEND_Additive, SpecialEngine=0, TwoSided=1, TSNormal=1, Masked=0, Distorted=0, WritesEveryPixel=1, ModifiesMeshPosition=0, Usage={}"
"/Game/ThirdPerson/Materials/BaseCanela.BaseCanela","0","5","0","5","5","Compiling BaseCanela: Platform=PCD3D_SM5, Usage=LightingModel=MSM_DefaultLit, BlendMode=BLEND_Opaque, SpecialEngine=0, TwoSided=0, TSNormal=1, Masked=0, Distorted=0, WritesEveryPixel=1, ModifiesMeshPosition=0, Usage={}"
"/MovieRenderPipeline/Blueprints/M_MoviePipelineRenderPreview.M_MoviePipelineRenderPreview","0","13","0","13","13","Compiling M_MoviePipelineRenderPreview: Platform=PCD3D_SM5, Usage=LightingModel=MSM_Unlit, BlendMode=BLEND_AlphaComposite, SpecialEngine=0, TwoSided=0, TSNormal=1, Masked=0, Distorted=0, WritesEveryPixel=1, ModifiesMeshPosition=0, Usage={}"
"/SVGImporter/Materials/SVGTextureMaterial_Unlit.SVGTextureMaterial_Unlit","0","15","0","17","17","Compiling SVGTextureMaterial_Unlit: Platform=PCD3D_SM5, Usage=LightingModel=MSM_Unlit, BlendMode=BLEND_Masked, SpecialEngine=0, TwoSided=0, TSNormal=1, Masked=1, Distorted=0, WritesEveryPixel=0, ModifiesMeshPosition=0, Usage={}"
"/SVGImporter/Materials/SVGTextureMaterial.SVGTextureMaterial","0","16","0","18","18","Compiling SVGTextureMaterial: Platform=PCD3D_SM5, Usage=LightingModel=MSM_DefaultLit, BlendMode=BLEND_Masked, SpecialEngine=0, TwoSided=0, TSNormal=1, Masked=1, Distorted=0, WritesEveryPixel=0, ModifiesMeshPosition=0, Usage={}"
"/Paper2D/DefaultSpriteMaterial.DefaultSpriteMaterial","0","28","0","32","32","Compiling DefaultSpriteMaterial: Platform=PCD3D_SM5, Usage=LightingModel=MSM_Unlit, BlendMode=BLEND_Masked, SpecialEngine=0, TwoSided=1, TSNormal=1, Masked=1, Distorted=0, WritesEveryPixel=0, ModifiesMeshPosition=0, Usage={bUsedWithNiagaraSprites}"
"/Paper2D/DefaultSpriteMaterial.DefaultSpriteMaterial","0","12","0","14","14","Compiling DefaultSpriteMaterial: Platform=PCD3D_SM5, Usage=LightingModel=MSM_Unlit, BlendMode=BLEND_Opaque, SpecialEngine=0, TwoSided=1, TSNormal=1, Masked=0, Distorted=0, WritesEveryPixel=1, ModifiesMeshPosition=0, Usage={bUsedWithNiagaraSprites}"
"/Engine/EngineMaterials/PhAT_JointLimitMaterial.PhAT_JointLimitMaterial","0","8","0","9","9","Compiling PhAT_JointLimitMaterial: Platform=PCD3D_SM5, Usage=LightingModel=MSM_Unlit, BlendMode=BLEND_TranslucentGreyTransmittance, SpecialEngine=0, TwoSided=1, TSNormal=1, Masked=0, Distorted=0, WritesEveryPixel=1, ModifiesMeshPosition=1, Usage={}"
"/Engine/EngineMaterials/RemoveSurfaceMaterial.RemoveSurfaceMaterial","0","4","0","4","4","Compiling RemoveSurfaceMaterial: Platform=PCD3D_SM5, Usage=LightingModel=MSM_Unlit, BlendMode=BLEND_Opaque, SpecialEngine=0, TwoSided=0, TSNormal=1, Masked=0, Distorted=0, WritesEveryPixel=1, ModifiesMeshPosition=0, Usage={bUsedWithStaticLighting}"
"/ControlRig/M_Manip.M_Manip","0","8","0","9","9","Compiling M_Manip: Platform=PCD3D_SM5, Usage=LightingModel=MSM_Unlit, BlendMode=BLEND_TranslucentGreyTransmittance, SpecialEngine=0, TwoSided=0, TSNormal=1, Masked=0, Distorted=0, WritesEveryPixel=1, ModifiesMeshPosition=1, Usage={}"
"/Engine/EngineDebugMaterials/M_VolumeRenderSphereTracePP.M_VolumeRenderSphereTracePP","0","5","0","5","5","Compiling M_VolumeRenderSphereTracePP: Platform=PCD3D_SM5, Usage=LightingModel=MSM_Unlit, BlendMode=BLEND_Opaque, SpecialEngine=0, TwoSided=0, TSNormal=1, Masked=0, Distorted=0, WritesEveryPixel=1, ModifiesMeshPosition=0, Usage={}"
"/Engine/VREditor/TransformGizmo/TransformGizmoMaterial.TransformGizmoMaterial","0","4","0","4","4","Compiling TransformGizmoMaterial: Platform=PCD3D_SM5, Usage=LightingModel=MSM_Unlit, BlendMode=BLEND_Opaque, SpecialEngine=0, TwoSided=0, TSNormal=1, Masked=0, Distorted=0, WritesEveryPixel=1, ModifiesMeshPosition=0, Usage={}"
"/MovieRenderPipeline/Materials/MovieRenderQueue_WorldDepth.MovieRenderQueue_WorldDepth","0","5","0","5","5","Compiling MovieRenderQueue_WorldDepth: Platform=PCD3D_SM5, Usage=LightingModel=MSM_Unlit, BlendMode=BLEND_Opaque, SpecialEngine=0, TwoSided=0, TSNormal=1, Masked=0, Distorted=0, WritesEveryPixel=1, ModifiesMeshPosition=0, Usage={}"
"/MovieRenderPipeline/Materials/MovieRenderQueue_MotionVectors.MovieRenderQueue_MotionVectors","0","5","0","5","5","Compiling MovieRenderQueue_MotionVectors: Platform=PCD3D_SM5, Usage=LightingModel=MSM_Unlit, BlendMode=BLEND_Opaque, SpecialEngine=0, TwoSided=0, TSNormal=1, Masked=0, Distorted=0, WritesEveryPixel=1, ModifiesMeshPosition=0, Usage={}"
"/Engine/EngineMaterials/DefaultPostProcessMaterial.DefaultPostProcessMaterial","0","7","0","7","7","Compiling DefaultPostProcessMaterial: Platform=PCD3D_SM5, Usage=LightingModel=MSM_Unlit, BlendMode=BLEND_Opaque, SpecialEngine=0, TwoSided=0, TSNormal=1, Masked=0, Distorted=0, WritesEveryPixel=1, ModifiesMeshPosition=0, Usage={bUsedWithSkeletalMesh,bUsedWithStaticLighting}"
"/Engine/EngineMaterials/DefaultDeferredDecalMaterial.DefaultDeferredDecalMaterial","0","22","0","22","22","Compiling DefaultDeferredDecalMaterial: Platform=PCD3D_SM5, Usage=LightingModel=MSM_DefaultLit, BlendMode=BLEND_TranslucentGreyTransmittance, SpecialEngine=0, TwoSided=0, TSNormal=1, Masked=0, Distorted=0, WritesEveryPixel=1, ModifiesMeshPosition=0, Usage={bUsedWithSkeletalMesh,bUsedWithStaticLighting,bUsedWithSplineMeshes}"
"/Engine/EngineMaterials/DefaultMaterial.DefaultMaterial","0","28","0","28","56","Compiling DefaultMaterial: Platform=PCD3D_SM5, Usage=LightingModel=MSM_DefaultLit, BlendMode=BLEND_Opaque, SpecialEngine=0, TwoSided=0, TSNormal=1, Masked=0, Distorted=0, WritesEveryPixel=1, ModifiesMeshPosition=0, Usage={bUsedWithSkeletalMesh,bUsedWithMeshParticles,bUsedWithStaticLighting,bUsedWithSplineMeshes,bUsedWithInstancedStaticMeshes,bUsedWithNiagaraSprites,bUsedWithNiagaraRibbons,bUsedWithNiagaraMeshParticles}"
"/ControlRig/Controls/ControlRigGizmoMaterial.ControlRigGizmoMaterial","0","0","0","4","0","Compiling ControlRigGizmoMaterial: Platform=PCD3D_SM5, Usage=LightingModel=MSM_Unlit, BlendMode=BLEND_Opaque, SpecialEngine=0, TwoSided=0, TSNormal=1, Masked=0, Distorted=0, WritesEveryPixel=1, ModifiesMeshPosition=0, Usage={}"
"/Engine/EngineDebugMaterials/DebugEditorMaterial.DebugEditorMaterial","0","0","0","8","0","Compiling DebugEditorMaterial: Platform=PCD3D_SM5, Usage=LightingModel=MSM_Unlit, BlendMode=BLEND_Opaque, SpecialEngine=0, TwoSided=1, TSNormal=1, Masked=0, Distorted=0, WritesEveryPixel=1, ModifiesMeshPosition=0, Usage={}"
"/Engine/EditorMaterials/PhAT_NoCollisionMaterial.PhAT_NoCollisionMaterial","0","0","0","5","0","Compiling PhAT_NoCollisionMaterial: Platform=PCD3D_SM5, Usage=LightingModel=MSM_Unlit, BlendMode=BLEND_TranslucentGreyTransmittance, SpecialEngine=0, TwoSided=0, TSNormal=1, Masked=0, Distorted=0, WritesEveryPixel=1, ModifiesMeshPosition=0, Usage={}"
"/Engine/EditorMaterials/PhAT_UnselectedMaterial.PhAT_UnselectedMaterial","0","0","0","5","0","Compiling PhAT_UnselectedMaterial: Platform=PCD3D_SM5, Usage=LightingModel=MSM_Unlit, BlendMode=BLEND_TranslucentGreyTransmittance, SpecialEngine=0, TwoSided=0, TSNormal=1, Masked=0, Distorted=0, WritesEveryPixel=1, ModifiesMeshPosition=0, Usage={}"
"/MeshModelingToolset/Materials/M_DynamicMeshComponentVtxColor.M_DynamicMeshComponentVtxColor","0","0","0","9","0","Compiling M_DynamicMeshComponentVtxColor: Platform=PCD3D_SM5, Usage=LightingModel=MSM_DefaultLit, BlendMode=BLEND_Opaque, SpecialEngine=0, TwoSided=1, TSNormal=0, Masked=0, Distorted=0, WritesEveryPixel=1, ModifiesMeshPosition=0, Usage={}"
"/Game/Fantastic_Village_Pack/materials/M_CLR_assets_grid.M_CLR_assets_grid","0","0","0","5","0","Compiling M_CLR_assets_grid: Platform=PCD3D_SM5, Usage=LightingModel=MSM_DefaultLit, BlendMode=BLEND_Opaque, SpecialEngine=0, TwoSided=0, TSNormal=1, Masked=0, Distorted=0, WritesEveryPixel=1, ModifiesMeshPosition=0, Usage={bUsedWithStaticLighting}"
"/Engine/EngineMaterials/Widget3DPassThrough.Widget3DPassThrough","0","0","0","5","5","Compiling Widget3DPassThrough: Platform=PCD3D_SM5, Usage=LightingModel=MSM_Unlit, BlendMode=BLEND_TranslucentGreyTransmittance, SpecialEngine=0, TwoSided=0, TSNormal=1, Masked=0, Distorted=0, WritesEveryPixel=1, ModifiesMeshPosition=0, Usage={}"
"/Engine/EngineMaterials/Widget3DPassThrough.Widget3DPassThrough","0","7","0","8","8","Compiling Widget3DPassThrough: Platform=PCD3D_SM5, Usage=LightingModel=MSM_Unlit, BlendMode=BLEND_Opaque, SpecialEngine=0, TwoSided=1, TSNormal=1, Masked=0, Distorted=0, WritesEveryPixel=1, ModifiesMeshPosition=0, Usage={}"
"/Engine/EngineMaterials/Widget3DPassThrough.Widget3DPassThrough","0","15","0","17","17","Compiling Widget3DPassThrough: Platform=PCD3D_SM5, Usage=LightingModel=MSM_Unlit, BlendMode=BLEND_Masked, SpecialEngine=0, TwoSided=1, TSNormal=1, Masked=1, Distorted=0, WritesEveryPixel=0, ModifiesMeshPosition=0, Usage={}"
"/Engine/EngineMaterials/Widget3DPassThrough.Widget3DPassThrough","0","7","0","7","7","Compiling Widget3DPassThrough: Platform=PCD3D_SM5, Usage=LightingModel=MSM_Unlit, BlendMode=BLEND_TranslucentGreyTransmittance, SpecialEngine=0, TwoSided=1, TSNormal=1, Masked=0, Distorted=0, WritesEveryPixel=1, ModifiesMeshPosition=0, Usage={}"
"/Engine/EngineMaterials/Widget3DPassThrough.Widget3DPassThrough","0","15","0","17","17","Compiling Widget3DPassThrough: Platform=PCD3D_SM5, Usage=LightingModel=MSM_Unlit, BlendMode=BLEND_Masked, SpecialEngine=0, TwoSided=0, TSNormal=1, Masked=1, Distorted=0, WritesEveryPixel=0, ModifiesMeshPosition=0, Usage={}"
"/Engine/EngineMaterials/Widget3DPassThrough.Widget3DPassThrough","0","4","0","4","4","Compiling Widget3DPassThrough: Platform=PCD3D_SM5, Usage=LightingModel=MSM_Unlit, BlendMode=BLEND_Opaque, SpecialEngine=0, TwoSided=0, TSNormal=1, Masked=0, Distorted=0, WritesEveryPixel=1, ModifiesMeshPosition=0, Usage={}"
"/Engine/EngineMaterials/DefaultTextMaterialOpaque.DefaultTextMaterialOpaque","0","16","0","18","18","Compiling DefaultTextMaterialOpaque: Platform=PCD3D_SM5, Usage=LightingModel=MSM_DefaultLit, BlendMode=BLEND_Masked, SpecialEngine=0, TwoSided=1, TSNormal=1, Masked=1, Distorted=0, WritesEveryPixel=0, ModifiesMeshPosition=0, Usage={}"
"/Game/WaterPlane/Environment/Materials/M_Rock_Basalt.M_Rock_Basalt","0","5","13","13","28","Compiling M_Rock_Basalt: Platform=PCD3D_SM5, Usage=LightingModel=MSM_DefaultLit, BlendMode=BLEND_Opaque, SpecialEngine=0, TwoSided=0, TSNormal=1, Masked=0, Distorted=0, WritesEveryPixel=1, ModifiesMeshPosition=0, Usage={bUsedWithStaticLighting}"
"/Game/Stylized_PBR_Nature/Terrain/M_Landscape.M_Landscape","0","5","0","5","5","Compiling M_Landscape: Platform=PCD3D_SM5, Usage=LightingModel=MSM_DefaultLit, BlendMode=BLEND_Opaque, SpecialEngine=0, TwoSided=0, TSNormal=1, Masked=0, Distorted=0, WritesEveryPixel=1, ModifiesMeshPosition=0, Usage={bUsedWithStaticLighting,bUsedWithNanite}"
"/Game/Stylized_PBR_Nature/Rocks/Materials/M_Rock_Master.M_Rock_Master","0","5","0","5","5","Compiling M_Rock_Master: Platform=PCD3D_SM5, Usage=LightingModel=MSM_DefaultLit, BlendMode=BLEND_Opaque, SpecialEngine=0, TwoSided=0, TSNormal=1, Masked=0, Distorted=0, WritesEveryPixel=1, ModifiesMeshPosition=0, Usage={bUsedWithStaticLighting,bUsedWithNanite}"
"/Game/Stylized_PBR_Nature/Foliage/Materials/M_Tree_Trunk_Master.M_Tree_Trunk_Master","0","10","0","10","10","Compiling M_Tree_Trunk_Master: Platform=PCD3D_SM5, Usage=LightingModel=MSM_DefaultLit, BlendMode=BLEND_Opaque, SpecialEngine=0, TwoSided=0, TSNormal=1, Masked=0, Distorted=0, WritesEveryPixel=1, ModifiesMeshPosition=0, Usage={bUsedWithStaticLighting,bUsedWithInstancedStaticMeshes,bUsedWithNanite}"
"/Game/MuzzleFlash/MuzzleFlash/Materials/M_Fire.M_Fire","0","8","0","8","16","Compiling M_Fire: Platform=PCD3D_SM5, Usage=LightingModel=MSM_Unlit, BlendMode=BLEND_TranslucentGreyTransmittance, SpecialEngine=0, TwoSided=0, TSNormal=1, Masked=0, Distorted=0, WritesEveryPixel=1, ModifiesMeshPosition=0, Usage={bUsedWithNiagaraSprites}"
"/Game/MuzzleFlash/MuzzleFlash/Materials/M_Flash.M_Flash","0","8","0","8","16","Compiling M_Flash: Platform=PCD3D_SM5, Usage=LightingModel=MSM_Unlit, BlendMode=BLEND_TranslucentGreyTransmittance, SpecialEngine=0, TwoSided=0, TSNormal=1, Masked=0, Distorted=0, WritesEveryPixel=1, ModifiesMeshPosition=0, Usage={bUsedWithNiagaraRibbons}"
"/Game/Fantastic_Village_Pack/materials/master_materials/M_Master_transparent.M_Master_transparent","0","16","0","18","36","Compiling M_Master_transparent: Platform=PCD3D_SM5, Usage=LightingModel=MSM_DefaultLit, BlendMode=BLEND_Masked, SpecialEngine=0, TwoSided=1, TSNormal=1, Masked=1, Distorted=0, WritesEveryPixel=0, ModifiesMeshPosition=0, Usage={bUsedWithStaticLighting}"
"/Game/Fantastic_Village_Pack/materials/master_materials/M_Master_skybox_day.M_Master_skybox_day","0","7","0","8","8","Compiling M_Master_skybox_day: Platform=PCD3D_SM5, Usage=LightingModel=MSM_Unlit, BlendMode=BLEND_Opaque, SpecialEngine=0, TwoSided=1, TSNormal=1, Masked=0, Distorted=0, WritesEveryPixel=1, ModifiesMeshPosition=0, Usage={bUsedWithStaticLighting}"
"/Engine/EngineMaterials/PPM_DefaultCalibrationGrayscale.PPM_DefaultCalibrationGrayscale","0","5","0","5","5","Compiling PPM_DefaultCalibrationGrayscale: Platform=PCD3D_SM5, Usage=LightingModel=MSM_Unlit, BlendMode=BLEND_Opaque, SpecialEngine=0, TwoSided=0, TSNormal=1, Masked=0, Distorted=0, WritesEveryPixel=1, ModifiesMeshPosition=0, Usage={}"
"/Engine/EngineMaterials/PPM_DefaultCalibrationColor.PPM_DefaultCalibrationColor","0","5","0","5","5","Compiling PPM_DefaultCalibrationColor: Platform=PCD3D_SM5, Usage=LightingModel=MSM_Unlit, BlendMode=BLEND_Opaque, SpecialEngine=0, TwoSided=0, TSNormal=1, Masked=0, Distorted=0, WritesEveryPixel=1, ModifiesMeshPosition=0, Usage={}"
"/SVGImporter/Materials/SVGMainMaterial_Unlit.SVGMainMaterial_Unlit","0","15","0","17","17","Compiling SVGMainMaterial_Unlit: Platform=PCD3D_SM5, Usage=LightingModel=MSM_Unlit, BlendMode=BLEND_Masked, SpecialEngine=0, TwoSided=1, TSNormal=1, Masked=1, Distorted=0, WritesEveryPixel=0, ModifiesMeshPosition=0, Usage={}"
"/SVGImporter/Materials/SVGMainMaterial.SVGMainMaterial","0","16","0","18","18","Compiling SVGMainMaterial: Platform=PCD3D_SM5, Usage=LightingModel=MSM_DefaultLit, BlendMode=BLEND_Masked, SpecialEngine=0, TwoSided=1, TSNormal=1, Masked=1, Distorted=0, WritesEveryPixel=0, ModifiesMeshPosition=0, Usage={}"
"/Game/Fantastic_Village_Pack/materials/master_materials/M_Master_transparent_plants_wind.M_Master_transparent_plants_wind","0","32","0","36","36","Compiling M_Master_transparent_plants_wind: Platform=PCD3D_SM5, Usage=LightingModel=MSM_DefaultLit, BlendMode=BLEND_Masked, SpecialEngine=0, TwoSided=1, TSNormal=1, Masked=1, Distorted=0, WritesEveryPixel=0, ModifiesMeshPosition=1, Usage={bUsedWithStaticLighting,bUsedWithInstancedStaticMeshes}"
"/Engine/VREditor/SnapGrid/SnapGridMaterial.SnapGridMaterial","0","12","0","12","12","Compiling SnapGridMaterial: Platform=PCD3D_SM5, Usage=LightingModel=MSM_Unlit, BlendMode=BLEND_TranslucentGreyTransmittance, SpecialEngine=0, TwoSided=1, TSNormal=1, Masked=0, Distorted=0, WritesEveryPixel=1, ModifiesMeshPosition=0, Usage={bUsedWithStaticLighting,bUsedWithSplineMeshes}"
"/Engine/EngineSky/VolumetricClouds/m_SimpleVolumetricCloud.m_SimpleVolumetricCloud","0","88","0","88","88","Compiling m_SimpleVolumetricCloud: Platform=PCD3D_SM5, Usage=LightingModel=MSM_DefaultLit, BlendMode=BLEND_Additive, SpecialEngine=0, TwoSided=0, TSNormal=1, Masked=0, Distorted=0, WritesEveryPixel=1, ModifiesMeshPosition=0, Usage={bUsedWithVolumetricCloud}"
"/Game/Fantastic_Village_Pack/materials/master_materials/M_Master_landscape.M_Master_landscape","0","0","0","5","0","Compiling M_Master_landscape: Platform=PCD3D_SM5, Usage=LightingModel=MSM_DefaultLit, BlendMode=BLEND_Opaque, SpecialEngine=0, TwoSided=0, TSNormal=1, Masked=0, Distorted=0, WritesEveryPixel=1, ModifiesMeshPosition=0, Usage={bUsedWithStaticLighting}"
"/Game/Fantastic_Village_Pack/materials/master_materials/M_Master_landscape.M_Master_landscape","0","13","0","13","39","Compiling M_Master_landscape: Platform=PCD3D_SM5, Usage=LightingModel=MSM_DefaultLit, BlendMode=BLEND_Opaque, SpecialEngine=0, TwoSided=0, TSNormal=1, Masked=0, Distorted=0, WritesEveryPixel=1, ModifiesMeshPosition=0, Usage={bUsedWithStaticLighting}, StaticTerrainLayer'Grass'=Weightmap0, StaticTerrainLayer'Gravel'=Weightmap0, StaticTerrainLayer'Gravel 2'=Weightmap0, StaticTerrainLayer'Pavingstone'=Weightmap0"
"/Game/Fantastic_Village_Pack/materials/master_materials/M_Master_landscape.M_Master_landscape","0","13","0","13","52","Compiling M_Master_landscape: Platform=PCD3D_SM5, Usage=LightingModel=MSM_DefaultLit, BlendMode=BLEND_Opaque, SpecialEngine=0, TwoSided=0, TSNormal=1, Masked=0, Distorted=0, WritesEveryPixel=1, ModifiesMeshPosition=0, Usage={bUsedWithStaticLighting}, StaticTerrainLayer'Grass'=Weightmap0, StaticTerrainLayer'Gravel'=Weightmap0, StaticTerrainLayer'Gravel 2'=Weightmap0, StaticTerrainLayer'Pavingstone'=Weightmap0, StaticTerrainLayer'Pavingstone 2'=Weightmap1"
"/Game/Fantastic_Village_Pack/materials/master_materials/M_Master_landscape.M_Master_landscape","0","13","0","13","39","Compiling M_Master_landscape: Platform=PCD3D_SM5, Usage=LightingModel=MSM_DefaultLit, BlendMode=BLEND_Opaque, SpecialEngine=0, TwoSided=0, TSNormal=1, Masked=0, Distorted=0, WritesEveryPixel=1, ModifiesMeshPosition=0, Usage={bUsedWithStaticLighting}, StaticTerrainLayer'Farmfield'=Weightmap1, StaticTerrainLayer'Grass'=Weightmap0, StaticTerrainLayer'Gravel'=Weightmap0, StaticTerrainLayer'Gravel 2'=Weightmap0, StaticTerrainLayer'Pavingstone'=Weightmap0"
"/Game/Fantastic_Village_Pack/materials/master_materials/M_Master_landscape.M_Master_landscape","0","13","0","13","39","Compiling M_Master_landscape: Platform=PCD3D_SM5, Usage=LightingModel=MSM_DefaultLit, BlendMode=BLEND_Opaque, SpecialEngine=0, TwoSided=0, TSNormal=1, Masked=0, Distorted=0, WritesEveryPixel=1, ModifiesMeshPosition=0, Usage={bUsedWithStaticLighting}, StaticTerrainLayer'Grass'=Weightmap0, StaticTerrainLayer'Gravel'=Weightmap0, StaticTerrainLayer'Pavingstone'=Weightmap0"
"/Game/Fantastic_Village_Pack/materials/master_materials/M_Master_landscape.M_Master_landscape","0","13","0","13","39","Compiling M_Master_landscape: Platform=PCD3D_SM5, Usage=LightingModel=MSM_DefaultLit, BlendMode=BLEND_Opaque, SpecialEngine=0, TwoSided=0, TSNormal=1, Masked=0, Distorted=0, WritesEveryPixel=1, ModifiesMeshPosition=0, Usage={bUsedWithStaticLighting}, StaticTerrainLayer'Farmfield'=Weightmap0, StaticTerrainLayer'Grass'=Weightmap0, StaticTerrainLayer'Gravel'=Weightmap0, StaticTerrainLayer'Pavingstone'=Weightmap0"
"/Game/Fantastic_Village_Pack/materials/master_materials/M_Master_landscape.M_Master_landscape","0","13","0","13","65","Compiling M_Master_landscape: Platform=PCD3D_SM5, Usage=LightingModel=MSM_DefaultLit, BlendMode=BLEND_Opaque, SpecialEngine=0, TwoSided=0, TSNormal=1, Masked=0, Distorted=0, WritesEveryPixel=1, ModifiesMeshPosition=0, Usage={bUsedWithStaticLighting}, StaticTerrainLayer'Grass'=Weightmap0, StaticTerrainLayer'Gravel'=Weightmap0"
"/Game/Fantastic_Village_Pack/materials/master_materials/M_Master_opaque_emissive.M_Master_opaque_emissive","0","0","0","5","0","Compiling M_Master_opaque_emissive: Platform=PCD3D_SM5, Usage=LightingModel=MSM_DefaultLit, BlendMode=BLEND_Opaque, SpecialEngine=0, TwoSided=0, TSNormal=1, Masked=0, Distorted=0, WritesEveryPixel=1, ModifiesMeshPosition=0, Usage={bUsedWithStaticLighting}"
"/Game/Fantastic_Village_Pack/materials/master_materials/M_Master_water.M_Master_water","0","0","0","12","0","Compiling M_Master_water: Platform=PCD3D_SM5, Usage=LightingModel=MSM_DefaultLit, BlendMode=BLEND_TranslucentGreyTransmittance, SpecialEngine=0, TwoSided=0, TSNormal=1, Masked=0, Distorted=0, WritesEveryPixel=1, ModifiesMeshPosition=0, Usage={bUsedWithStaticLighting}"
"/Game/MVP_Resources/FPWeapon/Materials/M_FPGun.M_FPGun","0","30","0","34","34","Compiling M_FPGun: Platform=PCD3D_SM5, Usage=LightingModel=MSM_DefaultLit, BlendMode=BLEND_Masked, SpecialEngine=0, TwoSided=0, TSNormal=1, Masked=1, Distorted=0, WritesEveryPixel=0, ModifiesMeshPosition=0, Usage={bUsedWithSkeletalMesh}"
"/Game/Characters/Mannequin_UE4/Materials/M_MannequinUE4_Body.M_MannequinUE4_Body","0","30","0","34","34","Compiling M_MannequinUE4_Body: Platform=PCD3D_SM5, Usage=LightingModel=MSM_DefaultLit, BlendMode=BLEND_Masked, SpecialEngine=0, TwoSided=0, TSNormal=1, Masked=1, Distorted=0, WritesEveryPixel=0, ModifiesMeshPosition=0, Usage={bUsedWithSkeletalMesh}, StaticSwitch'PlasticOverride2-1'=False"
"/Game/Characters/Mannequin_UE4/Materials/M_MannequinUE4_Body.M_MannequinUE4_Body","0","30","0","34","34","Compiling M_MannequinUE4_Body: Platform=PCD3D_SM5, Usage=LightingModel=MSM_DefaultLit, BlendMode=BLEND_Masked, SpecialEngine=0, TwoSided=0, TSNormal=1, Masked=1, Distorted=0, WritesEveryPixel=0, ModifiesMeshPosition=0, Usage={bUsedWithSkeletalMesh}, StaticSwitch'PlasticOverride2-1'=True"
"/Game/VRS_LowPolyNatureEssentials/Materials/M_BaseMaterial.M_BaseMaterial","0","13","0","13","13","Compiling M_BaseMaterial: Platform=PCD3D_SM5, Usage=LightingModel=MSM_DefaultLit, BlendMode=BLEND_Opaque, SpecialEngine=0, TwoSided=0, TSNormal=1, Masked=0, Distorted=0, WritesEveryPixel=1, ModifiesMeshPosition=0, Usage={bUsedWithSkeletalMesh,bUsedWithStaticLighting,bUsedWithInstancedStaticMeshes}, StaticSwitch'Use Emission2-1'=True, StaticSwitch'Use Tint2-1'=False"
"/Game/VRS_LowPolyNatureEssentials/Materials/M_BaseMaterial.M_BaseMaterial","0","13","0","13","13","Compiling M_BaseMaterial: Platform=PCD3D_SM5, Usage=LightingModel=MSM_DefaultLit, BlendMode=BLEND_Opaque, SpecialEngine=0, TwoSided=0, TSNormal=1, Masked=0, Distorted=0, WritesEveryPixel=1, ModifiesMeshPosition=0, Usage={bUsedWithSkeletalMesh,bUsedWithStaticLighting,bUsedWithInstancedStaticMeshes}, StaticSwitch'Use Emission2-1'=False, StaticSwitch'Use Tint2-1'=False"
"/Game/WaterPlane/Ocean/Materials/M_OceanWater_1.M_OceanWater_1","0","5","5","5","20","Compiling M_OceanWater_1: Platform=PCD3D_SM5, Usage=LightingModel=MSM_DefaultLit, BlendMode=BLEND_Opaque, SpecialEngine=0, TwoSided=0, TSNormal=1, Masked=0, Distorted=0, WritesEveryPixel=1, ModifiesMeshPosition=0, Usage={bUsedWithStaticLighting}, StaticSwitch'Add Reflection Map2-1'=False, StaticSwitch'Add Sea Foam2-1'=False"
"/Game/WaterPlane/Ocean/Materials/M_OceanWater_1.M_OceanWater_1","0","5","10","5","25","Compiling M_OceanWater_1: Platform=PCD3D_SM5, Usage=LightingModel=MSM_DefaultLit, BlendMode=BLEND_Opaque, SpecialEngine=0, TwoSided=0, TSNormal=1, Masked=0, Distorted=0, WritesEveryPixel=1, ModifiesMeshPosition=0, Usage={bUsedWithStaticLighting}, StaticSwitch'Add Reflection Map2-1'=False, StaticSwitch'Add Sea Foam2-1'=True"
"/Game/Fantastic_Village_Pack/materials/M_FX_windtrail.M_FX_windtrail","0","8","0","8","8","Compiling M_FX_windtrail: Platform=PCD3D_SM5, Usage=LightingModel=MSM_Unlit, BlendMode=BLEND_TranslucentGreyTransmittance, SpecialEngine=0, TwoSided=0, TSNormal=1, Masked=0, Distorted=0, WritesEveryPixel=1, ModifiesMeshPosition=0, Usage={bUsedWithBeamTrails}"
"/Game/DZ_Trees/Master_Materials/M_Trunk_Branches_V2.M_Trunk_Branches_V2","0","46","0","52","52","Compiling M_Trunk_Branches_V2: Platform=PCD3D_SM5, Usage=LightingModel=MSM_DefaultLit, BlendMode=BLEND_Opaque, SpecialEngine=0, TwoSided=0, TSNormal=1, Masked=0, Distorted=0, WritesEveryPixel=0, ModifiesMeshPosition=1, Usage={bUsedWithSkeletalMesh,bUsedWithStaticLighting,bUsedWithInstancedStaticMeshes,bUsedWithNanite}, StaticSwitch'Use AO Map?2-1'=False, StaticSwitch'Use Bark 2 heightmap for blending?2-1'=False, StaticSwitch'Use Directional Wind?2-1'=True, StaticSwitch'Use Inverted Blending?2-1'=False, StaticSwitch'Use Lichen?2-1'=False, StaticSwitch'Use Moss/Lichen?2-1'=False, StaticSwitch'Use Peeled Bark?2-1'=False, StaticSwitch'Use Roughness Map?2-1'=False, StaticSwitch'Use Snow?2-1'=False, StaticSwitch'Use Two Barks in Trunk?2-1'=False, StaticSwitch'Use Wetness?2-1'=False"
"/Game/DZ_Trees/Master_Materials/M_Trunk_Branches_V2.M_Trunk_Branches_V2","0","46","0","52","52","Compiling M_Trunk_Branches_V2: Platform=PCD3D_SM5, Usage=LightingModel=MSM_DefaultLit, BlendMode=BLEND_Opaque, SpecialEngine=0, TwoSided=0, TSNormal=1, Masked=0, Distorted=0, WritesEveryPixel=0, ModifiesMeshPosition=1, Usage={bUsedWithSkeletalMesh,bUsedWithStaticLighting,bUsedWithInstancedStaticMeshes,bUsedWithNanite}, StaticSwitch'Use AO Map?2-1'=False, StaticSwitch'Use Bark 2 heightmap for blending?2-1'=True, StaticSwitch'Use Directional Wind?2-1'=True, StaticSwitch'Use Inverted Blending?2-1'=False, StaticSwitch'Use Lichen?2-1'=False, StaticSwitch'Use Moss/Lichen?2-1'=False, StaticSwitch'Use Peeled Bark?2-1'=False, StaticSwitch'Use Roughness Map?2-1'=False, StaticSwitch'Use Snow?2-1'=False, StaticSwitch'Use Two Barks in Trunk?2-1'=False, StaticSwitch'Use Wetness?2-1'=False"
"/Game/DZ_Trees/Master_Materials/M_Trunk_Branches_V2.M_Trunk_Branches_V2","0","46","0","52","52","Compiling M_Trunk_Branches_V2: Platform=PCD3D_SM5, Usage=LightingModel=MSM_DefaultLit, BlendMode=BLEND_Opaque, SpecialEngine=0, TwoSided=0, TSNormal=1, Masked=0, Distorted=0, WritesEveryPixel=0, ModifiesMeshPosition=1, Usage={bUsedWithSkeletalMesh,bUsedWithStaticLighting,bUsedWithInstancedStaticMeshes,bUsedWithNanite}, StaticSwitch'Use AO Map?2-1'=False, StaticSwitch'Use Bark 2 heightmap for blending?2-1'=True, StaticSwitch'Use Directional Wind?2-1'=True, StaticSwitch'Use Inverted Blending?2-1'=False, StaticSwitch'Use Lichen?2-1'=False, StaticSwitch'Use Moss/Lichen?2-1'=True, StaticSwitch'Use Peeled Bark?2-1'=True, StaticSwitch'Use Roughness Map?2-1'=False, StaticSwitch'Use Snow?2-1'=False, StaticSwitch'Use Two Barks in Trunk?2-1'=True, StaticSwitch'Use Wetness?2-1'=False"
"/Game/DZ_Trees/Master_Materials/M_Trunk_Branches_V2.M_Trunk_Branches_V2","0","46","0","52","52","Compiling M_Trunk_Branches_V2: Platform=PCD3D_SM5, Usage=LightingModel=MSM_DefaultLit, BlendMode=BLEND_Opaque, SpecialEngine=0, TwoSided=0, TSNormal=1, Masked=0, Distorted=0, WritesEveryPixel=0, ModifiesMeshPosition=1, Usage={bUsedWithSkeletalMesh,bUsedWithStaticLighting,bUsedWithInstancedStaticMeshes,bUsedWithNanite}, StaticSwitch'Use AO Map?2-1'=False, StaticSwitch'Use Bark 2 heightmap for blending?2-1'=True, StaticSwitch'Use Directional Wind?2-1'=True, StaticSwitch'Use Inverted Blending?2-1'=False, StaticSwitch'Use Lichen?2-1'=False, StaticSwitch'Use Moss/Lichen?2-1'=True, StaticSwitch'Use Peeled Bark?2-1'=True, StaticSwitch'Use Roughness Map?2-1'=False, StaticSwitch'Use Snow?2-1'=False, StaticSwitch'Use Two Barks in Trunk?2-1'=False, StaticSwitch'Use Wetness?2-1'=False"
"/Game/DZ_Trees/Master_Materials/M_Trunk_Branches_V2.M_Trunk_Branches_V2","0","46","0","52","52","Compiling M_Trunk_Branches_V2: Platform=PCD3D_SM5, Usage=LightingModel=MSM_DefaultLit, BlendMode=BLEND_Opaque, SpecialEngine=0, TwoSided=0, TSNormal=1, Masked=0, Distorted=0, WritesEveryPixel=0, ModifiesMeshPosition=1, Usage={bUsedWithSkeletalMesh,bUsedWithStaticLighting,bUsedWithInstancedStaticMeshes,bUsedWithNanite}, StaticSwitch'Use AO Map?2-1'=False, StaticSwitch'Use Bark 2 heightmap for blending?2-1'=True, StaticSwitch'Use Directional Wind?2-1'=True, StaticSwitch'Use Inverted Blending?2-1'=False, StaticSwitch'Use Lichen?2-1'=False, StaticSwitch'Use Moss/Lichen?2-1'=True, StaticSwitch'Use Peeled Bark?2-1'=False, StaticSwitch'Use Roughness Map?2-1'=False, StaticSwitch'Use Snow?2-1'=False, StaticSwitch'Use Two Barks in Trunk?2-1'=False, StaticSwitch'Use Wetness?2-1'=False"
"/Engine/OpenWorldTemplate/LandscapeMaterial/M_ProcGrid.M_ProcGrid","0","5","0","5","5","Compiling M_ProcGrid: Platform=PCD3D_SM5, Usage=LightingModel=MSM_DefaultLit, BlendMode=BLEND_Opaque, SpecialEngine=0, TwoSided=0, TSNormal=1, Masked=0, Distorted=0, WritesEveryPixel=1, ModifiesMeshPosition=0, Usage={bUsedWithNanite}, StaticSwitch'Enable Side Tint2-1'=True, StaticSwitch'ObjectAligned2-1'=False, StaticSwitch'Tri-Planar (Or Uni-Planar)2-1'=False, StaticSwitch'Water Level Tint2-1'=True"
"/Engine/OpenWorldTemplate/LandscapeMaterial/M_ProcGrid.M_ProcGrid","0","5","0","5","5","Compiling M_ProcGrid: Platform=PCD3D_SM5, Usage=LightingModel=MSM_DefaultLit, BlendMode=BLEND_Opaque, SpecialEngine=0, TwoSided=0, TSNormal=1, Masked=0, Distorted=0, WritesEveryPixel=1, ModifiesMeshPosition=0, Usage={bUsedWithNanite}, StaticSwitch'Enable Side Tint2-1'=False, StaticSwitch'ObjectAligned2-1'=True, StaticSwitch'Tri-Planar (Or Uni-Planar)2-1'=True, StaticSwitch'Water Level Tint2-1'=False"
"/Game/DZ_Trees/Master_Materials/M_Leaves_Needles.M_Leaves_Needles","0","0","0","52","208","Compiling M_Leaves_Needles: Platform=PCD3D_SM5, Usage=LightingModel=MSM_TwoSidedFoliage, BlendMode=BLEND_Masked, SpecialEngine=0, TwoSided=1, TSNormal=1, Masked=1, Distorted=0, WritesEveryPixel=0, ModifiesMeshPosition=1, Usage={bUsedWithSkeletalMesh,bUsedWithStaticLighting,bUsedWithInstancedStaticMeshes,bUsedWithNanite}, StaticSwitch'Reduce Amount of Leaves?2-1'=False, StaticSwitch'Use Color Variation?2-1'=False, StaticSwitch'Use Dead Leaves?2-1'=False, StaticSwitch'Use Fall Setup?2-1'=False, StaticSwitch'Use Leaf Scaling?2-1'=False, StaticSwitch'Use Partly Colored Leaves2-1'=False, StaticSwitch'Use Snow?2-1'=False, StaticSwitch'Use Spring Setup?2-1'=False, StaticSwitch'Use Wetness?2-1'=False, StaticSwitch'Use Winter Setup? (Removes Leaves)2-1'=False, StaticSwitch'Wind Swing for Branches (Red Vertex)?2-1'=True, StaticSwitch'Wind Swing?2-1'=True"
"/Game/DZ_Trees/Master_Materials/M_Leaves_Needles_V2.M_Leaves_Needles_V2","0","0","0","36","36","Compiling M_Leaves_Needles_V2: Platform=PCD3D_SM5, Usage=LightingModel=MSM_TwoSidedFoliage, BlendMode=BLEND_Masked, SpecialEngine=0, TwoSided=1, TSNormal=1, Masked=1, Distorted=0, WritesEveryPixel=0, ModifiesMeshPosition=1, Usage={bUsedWithStaticLighting,bUsedWithInstancedStaticMeshes,bUsedWithNanite}, StaticSwitch'Reduce Amount of Leaves?2-1'=False, StaticSwitch'Use Color Variation?2-1'=False, StaticSwitch'Use Dead Leaves?2-1'=False, StaticSwitch'Use Directional Wind?2-1'=True, StaticSwitch'Use Fall Setup?2-1'=False, StaticSwitch'Use Partly Colored Leaves2-1'=False, StaticSwitch'Use Snow?2-1'=False, StaticSwitch'Use Spring Setup?2-1'=False, StaticSwitch'Use Wetness?2-1'=False, StaticSwitch'Use Winter Setup? (Removes Leaves)2-1'=False"
"/Game/DZ_Trees/Master_Materials/M_Palm_Leaves.M_Palm_Leaves","0","0","0","36","288","Compiling M_Palm_Leaves: Platform=PCD3D_SM5, Usage=LightingModel=MSM_TwoSidedFoliage, BlendMode=BLEND_Masked, SpecialEngine=0, TwoSided=1, TSNormal=1, Masked=1, Distorted=0, WritesEveryPixel=0, ModifiesMeshPosition=1, Usage={bUsedWithStaticLighting,bUsedWithInstancedStaticMeshes,bUsedWithNanite}, StaticSwitch'Reduce Amount of Leaves?2-1'=False, StaticSwitch'Use Color Variation?2-1'=False, StaticSwitch'Use Dead Leaves?2-1'=False, StaticSwitch'Use Directional Wind?2-1'=True, StaticSwitch'Use Fall Setup?2-1'=False, StaticSwitch'Use Partly Colored Leaves2-1'=False, StaticSwitch'Use Snow?2-1'=False, StaticSwitch'Use Spring Setup?2-1'=False, StaticSwitch'Use Wetness?2-1'=False, StaticSwitch'Use Winter Setup? (Removes Leaves)2-1'=False"
"/Game/DZ_Trees/Master_Materials/M_Trunk_Branches.M_Trunk_Branches","0","0","0","52","104","Compiling M_Trunk_Branches: Platform=PCD3D_SM5, Usage=LightingModel=MSM_DefaultLit, BlendMode=BLEND_Opaque, SpecialEngine=0, TwoSided=0, TSNormal=1, Masked=0, Distorted=0, WritesEveryPixel=0, ModifiesMeshPosition=1, Usage={bUsedWithSkeletalMesh,bUsedWithStaticLighting,bUsedWithInstancedStaticMeshes,bUsedWithNanite}, StaticSwitch'Use AO Map?2-1'=False, StaticSwitch'Use Bark 2 heightmap for blending?2-1'=False, StaticSwitch'Use Inverted Blending?2-1'=False, StaticSwitch'Use Lichen?2-1'=False, StaticSwitch'Use Moss/Lichen?2-1'=False, StaticSwitch'Use Peeled Bark?2-1'=False, StaticSwitch'Use Roughness Map?2-1'=False, StaticSwitch'Use Snow?2-1'=False, StaticSwitch'Use Two Barks in Trunk?2-1'=False, StaticSwitch'Use Wetness?2-1'=False, StaticSwitch'Wind Swing for Branches (Red Vertex)?2-1'=True, StaticSwitch'Wind Swing?2-1'=True"
"/Game/DZ_Trees/Master_Materials/M_Trunk_Branches.M_Trunk_Branches","0","46","0","52","52","Compiling M_Trunk_Branches: Platform=PCD3D_SM5, Usage=LightingModel=MSM_DefaultLit, BlendMode=BLEND_Opaque, SpecialEngine=0, TwoSided=0, TSNormal=1, Masked=0, Distorted=0, WritesEveryPixel=0, ModifiesMeshPosition=1, Usage={bUsedWithSkeletalMesh,bUsedWithStaticLighting,bUsedWithInstancedStaticMeshes,bUsedWithNanite}, StaticSwitch'Use AO Map?2-1'=False, StaticSwitch'Use Bark 2 heightmap for blending?2-1'=False, StaticSwitch'Use Inverted Blending?2-1'=False, StaticSwitch'Use Lichen?2-1'=False, StaticSwitch'Use Moss/Lichen?2-1'=True, StaticSwitch'Use Peeled Bark?2-1'=False, StaticSwitch'Use Roughness Map?2-1'=False, StaticSwitch'Use Snow?2-1'=False, StaticSwitch'Use Two Barks in Trunk?2-1'=True, StaticSwitch'Use Wetness?2-1'=False, StaticSwitch'Wind Swing for Branches (Red Vertex)?2-1'=True, StaticSwitch'Wind Swing?2-1'=True"
"/Game/DZ_Trees/Master_Materials/M_Trunk_Branches.M_Trunk_Branches","0","46","0","52","52","Compiling M_Trunk_Branches: Platform=PCD3D_SM5, Usage=LightingModel=MSM_DefaultLit, BlendMode=BLEND_Opaque, SpecialEngine=0, TwoSided=0, TSNormal=1, Masked=0, Distorted=0, WritesEveryPixel=0, ModifiesMeshPosition=1, Usage={bUsedWithSkeletalMesh,bUsedWithStaticLighting,bUsedWithInstancedStaticMeshes,bUsedWithNanite}, StaticSwitch'Use AO Map?2-1'=False, StaticSwitch'Use Bark 2 heightmap for blending?2-1'=False, StaticSwitch'Use Inverted Blending?2-1'=True, StaticSwitch'Use Lichen?2-1'=False, StaticSwitch'Use Moss/Lichen?2-1'=True, StaticSwitch'Use Peeled Bark?2-1'=False, StaticSwitch'Use Roughness Map?2-1'=False, StaticSwitch'Use Snow?2-1'=False, StaticSwitch'Use Two Barks in Trunk?2-1'=True, StaticSwitch'Use Wetness?2-1'=False, StaticSwitch'Wind Swing for Branches (Red Vertex)?2-1'=True, StaticSwitch'Wind Swing?2-1'=True"
"/Game/DZ_Trees/Master_Materials/M_Trunk_Branches.M_Trunk_Branches","0","46","0","52","52","Compiling M_Trunk_Branches: Platform=PCD3D_SM5, Usage=LightingModel=MSM_DefaultLit, BlendMode=BLEND_Opaque, SpecialEngine=0, TwoSided=0, TSNormal=1, Masked=0, Distorted=0, WritesEveryPixel=0, ModifiesMeshPosition=1, Usage={bUsedWithSkeletalMesh,bUsedWithStaticLighting,bUsedWithInstancedStaticMeshes,bUsedWithNanite}, StaticSwitch'Use AO Map?2-1'=False, StaticSwitch'Use Bark 2 heightmap for blending?2-1'=False, StaticSwitch'Use Inverted Blending?2-1'=False, StaticSwitch'Use Lichen?2-1'=False, StaticSwitch'Use Moss/Lichen?2-1'=True, StaticSwitch'Use Peeled Bark?2-1'=False, StaticSwitch'Use Roughness Map?2-1'=False, StaticSwitch'Use Snow?2-1'=False, StaticSwitch'Use Two Barks in Trunk?2-1'=False, StaticSwitch'Use Wetness?2-1'=False, StaticSwitch'Wind Swing for Branches (Red Vertex)?2-1'=True, StaticSwitch'Wind Swing?2-1'=True"
"/Game/DZ_Trees/Master_Materials/M_Trunk_Branches.M_Trunk_Branches","0","0","0","52","0","Compiling M_Trunk_Branches: Platform=PCD3D_SM5, Usage=LightingModel=MSM_DefaultLit, BlendMode=BLEND_Opaque, SpecialEngine=0, TwoSided=0, TSNormal=1, Masked=0, Distorted=0, WritesEveryPixel=0, ModifiesMeshPosition=1, Usage={bUsedWithSkeletalMesh,bUsedWithStaticLighting,bUsedWithInstancedStaticMeshes,bUsedWithNanite}, StaticSwitch'Use AO Map?2-1'=False, StaticSwitch'Use Bark 2 heightmap for blending?2-1'=False, StaticSwitch'Use Inverted Blending?2-1'=True, StaticSwitch'Use Lichen?2-1'=False, StaticSwitch'Use Moss/Lichen?2-1'=False, StaticSwitch'Use Peeled Bark?2-1'=False, StaticSwitch'Use Roughness Map?2-1'=False, StaticSwitch'Use Snow?2-1'=False, StaticSwitch'Use Two Barks in Trunk?2-1'=False, StaticSwitch'Use Wetness?2-1'=False, StaticSwitch'Wind Swing for Branches (Red Vertex)?2-1'=True, StaticSwitch'Wind Swing?2-1'=True"
"/Game/MuzzleFlash/Demo/LevelPrototyping/Materials/M_PrototypeGrid.M_PrototypeGrid","0","0","0","10","10","Compiling M_PrototypeGrid: Platform=PCD3D_SM5, Usage=LightingModel=MSM_DefaultLit, BlendMode=BLEND_Opaque, SpecialEngine=0, TwoSided=0, TSNormal=1, Masked=0, Distorted=0, WritesEveryPixel=1, ModifiesMeshPosition=0, Usage={bUsedWithStaticLighting,bUsedWithInstancedStaticMeshes}, StaticSwitch'ObjectAligned2-1'=False, StaticSwitch'TopSurfaceColor2-1'=False"
"/Game/MuzzleFlash/Demo/LevelPrototyping/Materials/M_PrototypeGrid.M_PrototypeGrid","0","10","0","10","10","Compiling M_PrototypeGrid: Platform=PCD3D_SM5, Usage=LightingModel=MSM_DefaultLit, BlendMode=BLEND_Opaque, SpecialEngine=0, TwoSided=0, TSNormal=1, Masked=0, Distorted=0, WritesEveryPixel=1, ModifiesMeshPosition=0, Usage={bUsedWithStaticLighting,bUsedWithInstancedStaticMeshes}, StaticSwitch'ObjectAligned2-1'=True, StaticSwitch'TopSurfaceColor2-1'=True"
"/Game/MuzzleFlash/Demo/LevelPrototyping/Materials/M_PrototypeGrid.M_PrototypeGrid","0","10","0","10","10","Compiling M_PrototypeGrid: Platform=PCD3D_SM5, Usage=LightingModel=MSM_DefaultLit, BlendMode=BLEND_Opaque, SpecialEngine=0, TwoSided=0, TSNormal=1, Masked=0, Distorted=0, WritesEveryPixel=1, ModifiesMeshPosition=0, Usage={bUsedWithStaticLighting,bUsedWithInstancedStaticMeshes}, StaticSwitch'ObjectAligned2-1'=True, StaticSwitch'TopSurfaceColor2-1'=False"
"/Game/LevelPrototyping/Materials/M_PrototypeGrid.M_PrototypeGrid","0","13","0","10","36","Compiling M_PrototypeGrid: Platform=PCD3D_SM5, Usage=LightingModel=MSM_DefaultLit, BlendMode=BLEND_Opaque, SpecialEngine=0, TwoSided=0, TSNormal=1, Masked=0, Distorted=0, WritesEveryPixel=1, ModifiesMeshPosition=0, Usage={bUsedWithStaticLighting,bUsedWithInstancedStaticMeshes}, StaticSwitch'ObjectAligned2-1'=False, StaticSwitch'TopSurfaceColor2-1'=False"
"/Game/LevelPrototyping/Materials/M_PrototypeGrid.M_PrototypeGrid","0","10","0","10","10","Compiling M_PrototypeGrid: Platform=PCD3D_SM5, Usage=LightingModel=MSM_DefaultLit, BlendMode=BLEND_Opaque, SpecialEngine=0, TwoSided=0, TSNormal=1, Masked=0, Distorted=0, WritesEveryPixel=1, ModifiesMeshPosition=0, Usage={bUsedWithStaticLighting,bUsedWithInstancedStaticMeshes}, StaticSwitch'ObjectAligned2-1'=True, StaticSwitch'TopSurfaceColor2-1'=True"
"/Game/LevelPrototyping/Materials/M_PrototypeGrid.M_PrototypeGrid","0","10","0","10","10","Compiling M_PrototypeGrid: Platform=PCD3D_SM5, Usage=LightingModel=MSM_DefaultLit, BlendMode=BLEND_Opaque, SpecialEngine=0, TwoSided=0, TSNormal=1, Masked=0, Distorted=0, WritesEveryPixel=1, ModifiesMeshPosition=0, Usage={bUsedWithStaticLighting,bUsedWithInstancedStaticMeshes}, StaticSwitch'ObjectAligned2-1'=True, StaticSwitch'TopSurfaceColor2-1'=False"
"/Game/DZ_Trees/Master_Materials/M_Palm_Trunk_Branches.M_Palm_Trunk_Branches","0","0","0","52","104","Compiling M_Palm_Trunk_Branches: Platform=PCD3D_SM5, Usage=LightingModel=MSM_DefaultLit, BlendMode=BLEND_Opaque, SpecialEngine=0, TwoSided=0, TSNormal=1, Masked=0, Distorted=0, WritesEveryPixel=0, ModifiesMeshPosition=1, Usage={bUsedWithSkeletalMesh,bUsedWithStaticLighting,bUsedWithInstancedStaticMeshes,bUsedWithNanite}, StaticSwitch'Use AO Map?2-1'=False, StaticSwitch'Use Bark 2 heightmap for blending?2-1'=False, StaticSwitch'Use Directional Wind?2-1'=True, StaticSwitch'Use Inverted Blending?2-1'=False, StaticSwitch'Use Lichen?2-1'=False, StaticSwitch'Use Moss/Lichen? (as default, palm trees use different effects)2-1'=False, StaticSwitch'Use Peeled Bark?2-1'=False, StaticSwitch'Use Roughness Map?2-1'=False, StaticSwitch'Use Snow?2-1'=False, StaticSwitch'Use Two Barks in Trunk?2-1'=False, StaticSwitch'Use Wetness?2-1'=False"
"/Game/DZ_Trees/Master_Materials/M_Palm_Trunk_Branches.M_Palm_Trunk_Branches","0","46","0","52","52","Compiling M_Palm_Trunk_Branches: Platform=PCD3D_SM5, Usage=LightingModel=MSM_DefaultLit, BlendMode=BLEND_Opaque, SpecialEngine=0, TwoSided=0, TSNormal=1, Masked=0, Distorted=0, WritesEveryPixel=0, ModifiesMeshPosition=1, Usage={bUsedWithSkeletalMesh,bUsedWithStaticLighting,bUsedWithInstancedStaticMeshes,bUsedWithNanite}, StaticSwitch'Use AO Map?2-1'=False, StaticSwitch'Use Bark 2 heightmap for blending?2-1'=False, StaticSwitch'Use Directional Wind?2-1'=True, StaticSwitch'Use Inverted Blending?2-1'=False, StaticSwitch'Use Lichen?2-1'=False, StaticSwitch'Use Moss/Lichen? (as default, palm trees use different effects)2-1'=True, StaticSwitch'Use Peeled Bark?2-1'=False, StaticSwitch'Use Roughness Map?2-1'=False, StaticSwitch'Use Snow?2-1'=False, StaticSwitch'Use Two Barks in Trunk?2-1'=False, StaticSwitch'Use Wetness?2-1'=False"
"/Game/DZ_Trees/Master_Materials/M_Palm_Trunk_Branches.M_Palm_Trunk_Branches","0","46","0","52","52","Compiling M_Palm_Trunk_Branches: Platform=PCD3D_SM5, Usage=LightingModel=MSM_DefaultLit, BlendMode=BLEND_Opaque, SpecialEngine=0, TwoSided=0, TSNormal=1, Masked=0, Distorted=0, WritesEveryPixel=0, ModifiesMeshPosition=1, Usage={bUsedWithSkeletalMesh,bUsedWithStaticLighting,bUsedWithInstancedStaticMeshes,bUsedWithNanite}, StaticSwitch'Use AO Map?2-1'=False, StaticSwitch'Use Bark 2 heightmap for blending?2-1'=False, StaticSwitch'Use Directional Wind?2-1'=True, StaticSwitch'Use Inverted Blending?2-1'=False, StaticSwitch'Use Lichen?2-1'=True, StaticSwitch'Use Moss/Lichen? (as default, palm trees use different effects)2-1'=True, StaticSwitch'Use Peeled Bark?2-1'=False, StaticSwitch'Use Roughness Map?2-1'=False, StaticSwitch'Use Snow?2-1'=False, StaticSwitch'Use Two Barks in Trunk?2-1'=False, StaticSwitch'Use Wetness?2-1'=False"
"/Game/DZ_Trees/Master_Materials/M_Palm_Trunk_Branches.M_Palm_Trunk_Branches","0","46","0","52","52","Compiling M_Palm_Trunk_Branches: Platform=PCD3D_SM5, Usage=LightingModel=MSM_DefaultLit, BlendMode=BLEND_Opaque, SpecialEngine=0, TwoSided=0, TSNormal=1, Masked=0, Distorted=0, WritesEveryPixel=0, ModifiesMeshPosition=1, Usage={bUsedWithSkeletalMesh,bUsedWithStaticLighting,bUsedWithInstancedStaticMeshes,bUsedWithNanite}, StaticSwitch'Use AO Map?2-1'=False, StaticSwitch'Use Bark 2 heightmap for blending?2-1'=False, StaticSwitch'Use Directional Wind?2-1'=True, StaticSwitch'Use Inverted Blending?2-1'=False, StaticSwitch'Use Lichen?2-1'=False, StaticSwitch'Use Moss/Lichen? (as default, palm trees use different effects)2-1'=True, StaticSwitch'Use Peeled Bark?2-1'=False, StaticSwitch'Use Roughness Map?2-1'=False, StaticSwitch'Use Snow?2-1'=False, StaticSwitch'Use Two Barks in Trunk?2-1'=True, StaticSwitch'Use Wetness?2-1'=False"
"/Interchange/gltf/M_Unlit.M_Unlit","0","0","0","6","0","Compiling M_Unlit: Platform=PCD3D_SM5, Usage=LightingModel=MSM_Unlit, BlendMode=BLEND_Opaque, SpecialEngine=0, TwoSided=0, TSNormal=1, Masked=0, Distorted=0, WritesEveryPixel=1, ModifiesMeshPosition=0, Usage={bUsedWithSkeletalMesh}"
"/Interchange/gltf/M_Unlit.M_Unlit","0","20","0","20","20","Compiling M_Unlit: Platform=PCD3D_SM5, Usage=LightingModel=MSM_Unlit, BlendMode=BLEND_TranslucentGreyTransmittance, SpecialEngine=0, TwoSided=1, TSNormal=1, Masked=0, Distorted=0, WritesEveryPixel=1, ModifiesMeshPosition=0, Usage={bUsedWithSkeletalMesh}"
"/Interchange/gltf/M_Unlit.M_Unlit","0","28","0","32","32","Compiling M_Unlit: Platform=PCD3D_SM5, Usage=LightingModel=MSM_Unlit, BlendMode=BLEND_Masked, SpecialEngine=0, TwoSided=1, TSNormal=1, Masked=1, Distorted=0, WritesEveryPixel=0, ModifiesMeshPosition=0, Usage={bUsedWithSkeletalMesh}"
"/Interchange/gltf/M_Unlit.M_Unlit","0","12","0","14","14","Compiling M_Unlit: Platform=PCD3D_SM5, Usage=LightingModel=MSM_Unlit, BlendMode=BLEND_Opaque, SpecialEngine=0, TwoSided=1, TSNormal=1, Masked=0, Distorted=0, WritesEveryPixel=1, ModifiesMeshPosition=0, Usage={bUsedWithSkeletalMesh}"
"/Interchange/gltf/M_Unlit.M_Unlit","0","16","0","16","16","Compiling M_Unlit: Platform=PCD3D_SM5, Usage=LightingModel=MSM_Unlit, BlendMode=BLEND_TranslucentGreyTransmittance, SpecialEngine=0, TwoSided=0, TSNormal=1, Masked=0, Distorted=0, WritesEveryPixel=1, ModifiesMeshPosition=0, Usage={bUsedWithSkeletalMesh}"
"/Interchange/gltf/M_Unlit.M_Unlit","0","28","0","32","32","Compiling M_Unlit: Platform=PCD3D_SM5, Usage=LightingModel=MSM_Unlit, BlendMode=BLEND_Masked, SpecialEngine=0, TwoSided=0, TSNormal=1, Masked=1, Distorted=0, WritesEveryPixel=0, ModifiesMeshPosition=0, Usage={bUsedWithSkeletalMesh}"
"/Game/MVP_Resources/FirstPersonArms/Character/Materials/M_Mannequin.M_Mannequin","0","0","0","8","16","Compiling M_Mannequin: Platform=PCD3D_SM5, Usage=LightingModel=MSM_SubsurfaceProfile, BlendMode=BLEND_Opaque, SpecialEngine=0, TwoSided=0, TSNormal=1, Masked=0, Distorted=0, WritesEveryPixel=1, ModifiesMeshPosition=0, Usage={bUsedWithSkeletalMesh}, StaticSwitch'UseLogo2-1'=False"
"/Game/MVP_Resources/FirstPersonArms/Character/Materials/M_Mannequin.M_Mannequin","0","8","0","8","8","Compiling M_Mannequin: Platform=PCD3D_SM5, Usage=LightingModel=MSM_SubsurfaceProfile, BlendMode=BLEND_Opaque, SpecialEngine=0, TwoSided=0, TSNormal=1, Masked=0, Distorted=0, WritesEveryPixel=1, ModifiesMeshPosition=0, Usage={bUsedWithSkeletalMesh}, StaticSwitch'UseLogo2-1'=True"
"/Game/Characters/Mannequins/Materials/M_Mannequin.M_Mannequin","0","0","0","8","8","Compiling M_Mannequin: Platform=PCD3D_SM5, Usage=LightingModel=MSM_SubsurfaceProfile, BlendMode=BLEND_Opaque, SpecialEngine=0, TwoSided=0, TSNormal=1, Masked=0, Distorted=0, WritesEveryPixel=1, ModifiesMeshPosition=0, Usage={bUsedWithSkeletalMesh}, StaticSwitch'UseLogo2-1'=False"
"/Game/Characters/Mannequins/Materials/M_Mannequin.M_Mannequin","0","8","0","8","8","Compiling M_Mannequin: Platform=PCD3D_SM5, Usage=LightingModel=MSM_SubsurfaceProfile, BlendMode=BLEND_Opaque, SpecialEngine=0, TwoSided=0, TSNormal=1, Masked=0, Distorted=0, WritesEveryPixel=1, ModifiesMeshPosition=0, Usage={bUsedWithSkeletalMesh}, StaticSwitch'UseLogo2-1'=True"
"/Interchange/gltf/M_SpecularGlossiness.M_SpecularGlossiness","0","8","0","8","8","Compiling M_SpecularGlossiness: Platform=PCD3D_SM5, Usage=LightingModel=MSM_DefaultLit, BlendMode=BLEND_Opaque, SpecialEngine=0, TwoSided=0, TSNormal=1, Masked=0, Distorted=0, WritesEveryPixel=1, ModifiesMeshPosition=0, Usage={bUsedWithSkeletalMesh}"
"/Interchange/gltf/M_SpecularGlossiness.M_SpecularGlossiness","0","26","0","26","26","Compiling M_SpecularGlossiness: Platform=PCD3D_SM5, Usage=LightingModel=MSM_DefaultLit, BlendMode=BLEND_TranslucentGreyTransmittance, SpecialEngine=0, TwoSided=1, TSNormal=1, Masked=0, Distorted=0, WritesEveryPixel=1, ModifiesMeshPosition=0, Usage={bUsedWithSkeletalMesh}"
"/Interchange/gltf/M_SpecularGlossiness.M_SpecularGlossiness","0","30","0","34","34","Compiling M_SpecularGlossiness: Platform=PCD3D_SM5, Usage=LightingModel=MSM_DefaultLit, BlendMode=BLEND_Masked, SpecialEngine=0, TwoSided=1, TSNormal=1, Masked=1, Distorted=0, WritesEveryPixel=0, ModifiesMeshPosition=0, Usage={bUsedWithSkeletalMesh}"
"/Interchange/gltf/M_SpecularGlossiness.M_SpecularGlossiness","0","14","0","16","16","Compiling M_SpecularGlossiness: Platform=PCD3D_SM5, Usage=LightingModel=MSM_DefaultLit, BlendMode=BLEND_Opaque, SpecialEngine=0, TwoSided=1, TSNormal=1, Masked=0, Distorted=0, WritesEveryPixel=1, ModifiesMeshPosition=0, Usage={bUsedWithSkeletalMesh}"
"/Interchange/gltf/M_SpecularGlossiness.M_SpecularGlossiness","0","22","0","22","22","Compiling M_SpecularGlossiness: Platform=PCD3D_SM5, Usage=LightingModel=MSM_DefaultLit, BlendMode=BLEND_TranslucentGreyTransmittance, SpecialEngine=0, TwoSided=0, TSNormal=1, Masked=0, Distorted=0, WritesEveryPixel=1, ModifiesMeshPosition=0, Usage={bUsedWithSkeletalMesh}"
"/Interchange/gltf/M_SpecularGlossiness.M_SpecularGlossiness","0","30","0","34","34","Compiling M_SpecularGlossiness: Platform=PCD3D_SM5, Usage=LightingModel=MSM_DefaultLit, BlendMode=BLEND_Masked, SpecialEngine=0, TwoSided=0, TSNormal=1, Masked=1, Distorted=0, WritesEveryPixel=0, ModifiesMeshPosition=0, Usage={bUsedWithSkeletalMesh}"
"/Interchange/gltf/M_Transmission.M_Transmission","0","22","0","22","22","Compiling M_Transmission: Platform=PCD3D_SM5, Usage=LightingModel=MSM_ThinTranslucent, BlendMode=BLEND_TranslucentColoredTransmittance, SpecialEngine=0, TwoSided=0, TSNormal=1, Masked=0, Distorted=0, WritesEveryPixel=1, ModifiesMeshPosition=0, Usage={bUsedWithSkeletalMesh}"
"/Interchange/gltf/M_Transmission.M_Transmission","0","26","0","26","26","Compiling M_Transmission: Platform=PCD3D_SM5, Usage=LightingModel=MSM_ThinTranslucent, BlendMode=BLEND_TranslucentColoredTransmittance, SpecialEngine=0, TwoSided=1, TSNormal=1, Masked=0, Distorted=0, WritesEveryPixel=1, ModifiesMeshPosition=0, Usage={bUsedWithSkeletalMesh}"
"/Interchange/gltf/M_Sheen.M_Sheen","0","8","0","8","8","Compiling M_Sheen: Platform=PCD3D_SM5, Usage=LightingModel=MSM_Cloth, BlendMode=BLEND_Opaque, SpecialEngine=0, TwoSided=0, TSNormal=1, Masked=0, Distorted=0, WritesEveryPixel=1, ModifiesMeshPosition=0, Usage={bUsedWithSkeletalMesh}"
"/Interchange/gltf/M_Sheen.M_Sheen","0","26","0","26","26","Compiling M_Sheen: Platform=PCD3D_SM5, Usage=LightingModel=MSM_Cloth, BlendMode=BLEND_TranslucentGreyTransmittance, SpecialEngine=0, TwoSided=1, TSNormal=1, Masked=0, Distorted=0, WritesEveryPixel=1, ModifiesMeshPosition=0, Usage={bUsedWithSkeletalMesh}"
"/Interchange/gltf/M_Sheen.M_Sheen","0","30","0","34","34","Compiling M_Sheen: Platform=PCD3D_SM5, Usage=LightingModel=MSM_Cloth, BlendMode=BLEND_Masked, SpecialEngine=0, TwoSided=1, TSNormal=1, Masked=1, Distorted=0, WritesEveryPixel=0, ModifiesMeshPosition=0, Usage={bUsedWithSkeletalMesh}"
"/Interchange/gltf/M_Sheen.M_Sheen","0","14","0","16","16","Compiling M_Sheen: Platform=PCD3D_SM5, Usage=LightingModel=MSM_Cloth, BlendMode=BLEND_Opaque, SpecialEngine=0, TwoSided=1, TSNormal=1, Masked=0, Distorted=0, WritesEveryPixel=1, ModifiesMeshPosition=0, Usage={bUsedWithSkeletalMesh}"
"/Interchange/gltf/M_Sheen.M_Sheen","0","22","0","22","22","Compiling M_Sheen: Platform=PCD3D_SM5, Usage=LightingModel=MSM_Cloth, BlendMode=BLEND_TranslucentGreyTransmittance, SpecialEngine=0, TwoSided=0, TSNormal=1, Masked=0, Distorted=0, WritesEveryPixel=1, ModifiesMeshPosition=0, Usage={bUsedWithSkeletalMesh}"
"/Interchange/gltf/M_Sheen.M_Sheen","0","30","0","34","34","Compiling M_Sheen: Platform=PCD3D_SM5, Usage=LightingModel=MSM_Cloth, BlendMode=BLEND_Masked, SpecialEngine=0, TwoSided=0, TSNormal=1, Masked=1, Distorted=0, WritesEveryPixel=0, ModifiesMeshPosition=0, Usage={bUsedWithSkeletalMesh}"
"/Interchange/gltf/M_ClearCoat.M_ClearCoat","0","8","0","8","8","Compiling M_ClearCoat: Platform=PCD3D_SM5, Usage=LightingModel=MSM_SubsurfaceProfile, BlendMode=BLEND_Opaque, SpecialEngine=0, TwoSided=0, TSNormal=1, Masked=0, Distorted=0, WritesEveryPixel=1, ModifiesMeshPosition=0, Usage={bUsedWithSkeletalMesh}"
"/Interchange/gltf/M_ClearCoat.M_ClearCoat","0","26","0","26","26","Compiling M_ClearCoat: Platform=PCD3D_SM5, Usage=LightingModel=MSM_SubsurfaceProfile, BlendMode=BLEND_TranslucentGreyTransmittance, SpecialEngine=0, TwoSided=1, TSNormal=1, Masked=0, Distorted=0, WritesEveryPixel=1, ModifiesMeshPosition=0, Usage={bUsedWithSkeletalMesh}"
"/Interchange/gltf/M_ClearCoat.M_ClearCoat","0","30","0","34","34","Compiling M_ClearCoat: Platform=PCD3D_SM5, Usage=LightingModel=MSM_SubsurfaceProfile, BlendMode=BLEND_Masked, SpecialEngine=0, TwoSided=1, TSNormal=1, Masked=1, Distorted=0, WritesEveryPixel=0, ModifiesMeshPosition=0, Usage={bUsedWithSkeletalMesh}"
"/Interchange/gltf/M_ClearCoat.M_ClearCoat","0","14","0","16","16","Compiling M_ClearCoat: Platform=PCD3D_SM5, Usage=LightingModel=MSM_SubsurfaceProfile, BlendMode=BLEND_Opaque, SpecialEngine=0, TwoSided=1, TSNormal=1, Masked=0, Distorted=0, WritesEveryPixel=1, ModifiesMeshPosition=0, Usage={bUsedWithSkeletalMesh}"
"/Interchange/gltf/M_ClearCoat.M_ClearCoat","0","22","0","22","22","Compiling M_ClearCoat: Platform=PCD3D_SM5, Usage=LightingModel=MSM_SubsurfaceProfile, BlendMode=BLEND_TranslucentGreyTransmittance, SpecialEngine=0, TwoSided=0, TSNormal=1, Masked=0, Distorted=0, WritesEveryPixel=1, ModifiesMeshPosition=0, Usage={bUsedWithSkeletalMesh}"
"/Interchange/gltf/M_ClearCoat.M_ClearCoat","0","30","0","34","34","Compiling M_ClearCoat: Platform=PCD3D_SM5, Usage=LightingModel=MSM_SubsurfaceProfile, BlendMode=BLEND_Masked, SpecialEngine=0, TwoSided=0, TSNormal=1, Masked=1, Distorted=0, WritesEveryPixel=0, ModifiesMeshPosition=0, Usage={bUsedWithSkeletalMesh}"
"/Interchange/gltf/M_Default.M_Default","0","8","0","8","8","Compiling M_Default: Platform=PCD3D_SM5, Usage=LightingModel=MSM_DefaultLit, BlendMode=BLEND_Opaque, SpecialEngine=0, TwoSided=0, TSNormal=1, Masked=0, Distorted=0, WritesEveryPixel=1, ModifiesMeshPosition=0, Usage={bUsedWithSkeletalMesh}"
"/Interchange/gltf/M_Default.M_Default","0","14","0","16","32","Compiling M_Default: Platform=PCD3D_SM5, Usage=LightingModel=MSM_DefaultLit, BlendMode=BLEND_Opaque, SpecialEngine=0, TwoSided=1, TSNormal=1, Masked=0, Distorted=0, WritesEveryPixel=1, ModifiesMeshPosition=0, Usage={bUsedWithSkeletalMesh}"
"/Interchange/gltf/M_Default.M_Default","0","22","0","22","22","Compiling M_Default: Platform=PCD3D_SM5, Usage=LightingModel=MSM_DefaultLit, BlendMode=BLEND_TranslucentGreyTransmittance, SpecialEngine=0, TwoSided=0, TSNormal=1, Masked=0, Distorted=0, WritesEveryPixel=1, ModifiesMeshPosition=0, Usage={bUsedWithSkeletalMesh}"
"/Interchange/gltf/M_Default.M_Default","0","30","0","34","34","Compiling M_Default: Platform=PCD3D_SM5, Usage=LightingModel=MSM_DefaultLit, BlendMode=BLEND_Masked, SpecialEngine=0, TwoSided=0, TSNormal=1, Masked=1, Distorted=0, WritesEveryPixel=0, ModifiesMeshPosition=0, Usage={bUsedWithSkeletalMesh}"
"/Interchange/gltf/M_Default.M_Default","0","26","0","26","26","Compiling M_Default: Platform=PCD3D_SM5, Usage=LightingModel=MSM_DefaultLit, BlendMode=BLEND_TranslucentGreyTransmittance, SpecialEngine=0, TwoSided=1, TSNormal=1, Masked=0, Distorted=0, WritesEveryPixel=1, ModifiesMeshPosition=0, Usage={bUsedWithSkeletalMesh}"
"/Interchange/gltf/M_Default.M_Default","0","30","0","34","34","Compiling M_Default: Platform=PCD3D_SM5, Usage=LightingModel=MSM_DefaultLit, BlendMode=BLEND_Masked, SpecialEngine=0, TwoSided=1, TSNormal=1, Masked=1, Distorted=0, WritesEveryPixel=0, ModifiesMeshPosition=0, Usage={bUsedWithSkeletalMesh}"
"/SpeedTreeImporter/SpeedTree9/SpeedTreeBillboardMaster.SpeedTreeBillboardMaster","0","32","0","36","36","Compiling SpeedTreeBillboardMaster: Platform=PCD3D_SM5, Usage=LightingModel=MSM_TwoSidedFoliage, BlendMode=BLEND_Masked, SpecialEngine=0, TwoSided=0, TSNormal=1, Masked=1, Distorted=0, WritesEveryPixel=0, ModifiesMeshPosition=1, Usage={bUsedWithInstancedStaticMeshes}, StaticSwitch'SharedEnable2-1'=True"
"/SpeedTreeImporter/SpeedTree9/SpeedTreeMaster.SpeedTreeMaster","0","32","0","36","36","Compiling SpeedTreeMaster: Platform=PCD3D_SM5, Usage=LightingModel=MSM_TwoSidedFoliage, BlendMode=BLEND_Masked, SpecialEngine=0, TwoSided=1, TSNormal=1, Masked=1, Distorted=0, WritesEveryPixel=0, ModifiesMeshPosition=1, Usage={bUsedWithStaticLighting,bUsedWithInstancedStaticMeshes}, StaticSwitch'Branch1Enable2-1'=True, StaticSwitch'Branch2Enable2-1'=False, StaticSwitch'FlipBacksideNormals2-1'=True, StaticSwitch'HandleCameraFacing2-1'=False, StaticSwitch'HasBranch2Data_Internal2-1'=False, StaticSwitch'RippleEnable2-1'=True, StaticSwitch'RippleShimmerEnable2-1'=False, StaticSwitch'SharedEnable2-1'=True"
"/Engine/EditorMaterials/HelpActorMaterial.HelpActorMaterial","0","41","0","47","47","Compiling HelpActorMaterial: Platform=PCD3D_SM5, Usage=LightingModel=MSM_Unlit, BlendMode=BLEND_Masked, SpecialEngine=0, TwoSided=0, TSNormal=1, Masked=1, Distorted=0, WritesEveryPixel=0, ModifiesMeshPosition=0, Usage={bUsedWithParticleSprites}"
"/Avalanche/ToolboxResources/M_Toolbox_Translucent_Unlit.M_Toolbox_Translucent_Unlit","0","8","0","8","8","Compiling M_Toolbox_Translucent_Unlit: Platform=PCD3D_SM5, Usage=LightingModel=MSM_Unlit, BlendMode=BLEND_TranslucentGreyTransmittance, SpecialEngine=0, TwoSided=0, TSNormal=1, Masked=0, Distorted=0, WritesEveryPixel=1, ModifiesMeshPosition=0, Usage={bUsedWithNiagaraMeshParticles}"
"/Avalanche/ToolboxResources/M_Toolbox_Opaque_Unlit.M_Toolbox_Opaque_Unlit","0","6","0","6","6","Compiling M_Toolbox_Opaque_Unlit: Platform=PCD3D_SM5, Usage=LightingModel=MSM_Unlit, BlendMode=BLEND_Opaque, SpecialEngine=0, TwoSided=0, TSNormal=1, Masked=0, Distorted=0, WritesEveryPixel=1, ModifiesMeshPosition=0, Usage={bUsedWithNiagaraMeshParticles}"
"/Avalanche/ToolboxResources/M_Toolbox_Translucent_Lit.M_Toolbox_Translucent_Lit","0","24","0","26","26","Compiling M_Toolbox_Translucent_Lit: Platform=PCD3D_SM5, Usage=LightingModel=MSM_DefaultLit, BlendMode=BLEND_TranslucentGreyTransmittance, SpecialEngine=0, TwoSided=0, TSNormal=1, Masked=0, Distorted=0, WritesEveryPixel=1, ModifiesMeshPosition=0, Usage={bUsedWithNiagaraMeshParticles}"
"/Avalanche/ToolboxResources/M_Toolbox_Opaque_Lit.M_Toolbox_Opaque_Lit","0","8","0","8","8","Compiling M_Toolbox_Opaque_Lit: Platform=PCD3D_SM5, Usage=LightingModel=MSM_DefaultLit, BlendMode=BLEND_Opaque, SpecialEngine=0, TwoSided=0, TSNormal=1, Masked=0, Distorted=0, WritesEveryPixel=1, ModifiesMeshPosition=0, Usage={bUsedWithNiagaraMeshParticles}"
"/Game/MSPresets/MS_Foliage_Material/MasterMaterials/MA_Foliage.MA_Foliage","0","32","64","36","180","Compiling MA_Foliage: Platform=PCD3D_SM5, Usage=LightingModel=MSM_DefaultLit|MSM_TwoSidedFoliage, BlendMode=BLEND_Masked, SpecialEngine=0, TwoSided=1, TSNormal=1, Masked=1, Distorted=0, WritesEveryPixel=0, ModifiesMeshPosition=1, Usage={bUsedWithInstancedStaticMeshes,bUsedWithNanite}, StaticSwitch'Advanced Controls2-1'=False, StaticSwitch'Advanced Wind2-1'=True, StaticSwitch'Animate Advanced Wind Normal2-1'=False, StaticSwitch'Animate Foliage2-1'=True, StaticSwitch'Animate Level 12-1'=True, StaticSwitch'Animate Level 22-1'=True, StaticSwitch'Animate Level 32-1'=False, StaticSwitch'Animate Level 42-1'=False, StaticSwitch'Basic Controls2-1'=False, StaticSwitch'ColorVariations2-1'=False, StaticSwitch'Debug ForceField2-1'=False, StaticSwitch'Debug Mode Color Variation Noise2-1'=False, StaticSwitch'DefaultLit Trunk2-1'=True, StaticSwitch'Dither Decoration Blend2-1'=True, StaticSwitch'Impostor2-1'=False, StaticSwitch'Leaf Backside Roughness2-1'=False, StaticSwitch'Leaf Backside Specular2-1'=False, StaticSwitch'PerInstanceRandom2-1'=False, StaticSwitch'Plant2-1'=False, StaticSwitch'Seasons2-1'=False, StaticSwitch'Split Albedo Controls2-1'=False, StaticSwitch'Tint BaseColor2-1'=False, StaticSwitch'Tint Translucency2-1'=False, StaticSwitch'TwoSided Leaves2-1'=True, StaticSwitch'Use Additional Wind Animation2-1'=True, StaticSwitch'use dithered Trunk Blend2-1'=True, StaticSwitch'Winter2-1'=False"
"/Game/MSPresets/MS_Foliage_Material/MasterMaterials/MA_Foliage.MA_Foliage","0","32","160","36","612","Compiling MA_Foliage: Platform=PCD3D_SM5, Usage=LightingModel=MSM_DefaultLit|MSM_TwoSidedFoliage, BlendMode=BLEND_Masked, SpecialEngine=0, TwoSided=0, TSNormal=1, Masked=1, Distorted=0, WritesEveryPixel=0, ModifiesMeshPosition=1, Usage={bUsedWithInstancedStaticMeshes,bUsedWithNanite}, StaticSwitch'Advanced Controls2-1'=True, StaticSwitch'Advanced Wind2-1'=True, StaticSwitch'Animate Advanced Wind Normal2-1'=False, StaticSwitch'Animate Foliage2-1'=True, StaticSwitch'Animate Level 12-1'=True, StaticSwitch'Animate Level 22-1'=True, StaticSwitch'Animate Level 32-1'=True, StaticSwitch'Animate Level 42-1'=False, StaticSwitch'Basic Controls2-1'=False, StaticSwitch'ColorVariations2-1'=False, StaticSwitch'Debug ForceField2-1'=False, StaticSwitch'Debug Mode Color Variation Noise2-1'=False, StaticSwitch'DefaultLit Trunk2-1'=True, StaticSwitch'Dither Decoration Blend2-1'=True, StaticSwitch'Impostor2-1'=False, StaticSwitch'Leaf Backside Roughness2-1'=False, StaticSwitch'Leaf Backside Specular2-1'=False, StaticSwitch'PerInstanceRandom2-1'=False, StaticSwitch'Plant2-1'=False, StaticSwitch'Seasons2-1'=False, StaticSwitch'Split Albedo Controls2-1'=False, StaticSwitch'Tint BaseColor2-1'=True, StaticSwitch'Tint Translucency2-1'=False, StaticSwitch'TwoSided Leaves2-1'=True, StaticSwitch'Use Additional Wind Animation2-1'=True, StaticSwitch'use dithered Trunk Blend2-1'=True, StaticSwitch'Winter2-1'=False"
"/Game/MSPresets/MS_Foliage_Material/MasterMaterials/MA_Foliage.MA_Foliage","0","32","64","36","180","Compiling MA_Foliage: Platform=PCD3D_SM5, Usage=LightingModel=MSM_DefaultLit|MSM_TwoSidedFoliage, BlendMode=BLEND_Masked, SpecialEngine=0, TwoSided=1, TSNormal=1, Masked=1, Distorted=0, WritesEveryPixel=0, ModifiesMeshPosition=1, Usage={bUsedWithInstancedStaticMeshes,bUsedWithNanite}, StaticSwitch'Advanced Controls2-1'=False, StaticSwitch'Advanced Wind2-1'=False, StaticSwitch'Animate Advanced Wind Normal2-1'=False, StaticSwitch'Animate Foliage2-1'=True, StaticSwitch'Animate Level 12-1'=True, StaticSwitch'Animate Level 22-1'=True, StaticSwitch'Animate Level 32-1'=True, StaticSwitch'Animate Level 42-1'=True, StaticSwitch'Basic Controls2-1'=False, StaticSwitch'ColorVariations2-1'=False, StaticSwitch'Debug ForceField2-1'=False, StaticSwitch'Debug Mode Color Variation Noise2-1'=False, StaticSwitch'DefaultLit Trunk2-1'=True, StaticSwitch'Dither Decoration Blend2-1'=True, StaticSwitch'Impostor2-1'=False, StaticSwitch'Leaf Backside Roughness2-1'=False, StaticSwitch'Leaf Backside Specular2-1'=False, StaticSwitch'PerInstanceRandom2-1'=False, StaticSwitch'Plant2-1'=False, StaticSwitch'Seasons2-1'=False, StaticSwitch'Split Albedo Controls2-1'=False, StaticSwitch'Tint BaseColor2-1'=False, StaticSwitch'Tint Translucency2-1'=False, StaticSwitch'TwoSided Leaves2-1'=True, StaticSwitch'Use Additional Wind Animation2-1'=True, StaticSwitch'use dithered Trunk Blend2-1'=True, StaticSwitch'Winter2-1'=False"
"/Game/MSPresets/MS_Foliage_Material/MasterMaterials/MA_Foliage.MA_Foliage","0","32","64","36","180","Compiling MA_Foliage: Platform=PCD3D_SM5, Usage=LightingModel=MSM_DefaultLit|MSM_TwoSidedFoliage, BlendMode=BLEND_Masked, SpecialEngine=0, TwoSided=1, TSNormal=1, Masked=1, Distorted=0, WritesEveryPixel=0, ModifiesMeshPosition=1, Usage={bUsedWithInstancedStaticMeshes,bUsedWithNanite}, StaticSwitch'Advanced Controls2-1'=False, StaticSwitch'Advanced Wind2-1'=False, StaticSwitch'Animate Advanced Wind Normal2-1'=False, StaticSwitch'Animate Foliage2-1'=True, StaticSwitch'Animate Level 12-1'=True, StaticSwitch'Animate Level 22-1'=True, StaticSwitch'Animate Level 32-1'=True, StaticSwitch'Animate Level 42-1'=True, StaticSwitch'Basic Controls2-1'=False, StaticSwitch'ColorVariations2-1'=False, StaticSwitch'Debug ForceField2-1'=False, StaticSwitch'Debug Mode Color Variation Noise2-1'=False, StaticSwitch'DefaultLit Trunk2-1'=False, StaticSwitch'Dither Decoration Blend2-1'=True, StaticSwitch'Impostor2-1'=False, StaticSwitch'Leaf Backside Roughness2-1'=True, StaticSwitch'Leaf Backside Specular2-1'=False, StaticSwitch'PerInstanceRandom2-1'=True, StaticSwitch'Plant2-1'=False, StaticSwitch'Seasons2-1'=True, StaticSwitch'Split Albedo Controls2-1'=True, StaticSwitch'Tint BaseColor2-1'=True, StaticSwitch'Tint Translucency2-1'=True, StaticSwitch'TwoSided Leaves2-1'=True, StaticSwitch'Use Additional Wind Animation2-1'=True, StaticSwitch'use dithered Trunk Blend2-1'=True, StaticSwitch'Winter2-1'=False"
"/Game/MSPresets/MS_Foliage_Material/MasterMaterials/MA_Foliage.MA_Foliage","0","32","116","36","252","Compiling MA_Foliage: Platform=PCD3D_SM5, Usage=LightingModel=MSM_DefaultLit|MSM_TwoSidedFoliage, BlendMode=BLEND_Masked, SpecialEngine=0, TwoSided=1, TSNormal=1, Masked=1, Distorted=0, WritesEveryPixel=0, ModifiesMeshPosition=1, Usage={bUsedWithInstancedStaticMeshes,bUsedWithNanite}, StaticSwitch'Advanced Controls2-1'=False, StaticSwitch'Advanced Wind2-1'=True, StaticSwitch'Animate Advanced Wind Normal2-1'=False, StaticSwitch'Animate Foliage2-1'=True, StaticSwitch'Animate Level 12-1'=True, StaticSwitch'Animate Level 22-1'=True, StaticSwitch'Animate Level 32-1'=True, StaticSwitch'Animate Level 42-1'=False, StaticSwitch'Basic Controls2-1'=False, StaticSwitch'ColorVariations2-1'=False, StaticSwitch'Debug ForceField2-1'=False, StaticSwitch'Debug Mode Color Variation Noise2-1'=False, StaticSwitch'DefaultLit Trunk2-1'=True, StaticSwitch'Dither Decoration Blend2-1'=True, StaticSwitch'Impostor2-1'=False, StaticSwitch'Leaf Backside Roughness2-1'=False, StaticSwitch'Leaf Backside Specular2-1'=False, StaticSwitch'PerInstanceRandom2-1'=False, StaticSwitch'Plant2-1'=False, StaticSwitch'Seasons2-1'=False, StaticSwitch'Split Albedo Controls2-1'=False, StaticSwitch'Tint BaseColor2-1'=False, StaticSwitch'Tint Translucency2-1'=False, StaticSwitch'TwoSided Leaves2-1'=True, StaticSwitch'Use Additional Wind Animation2-1'=True, StaticSwitch'use dithered Trunk Blend2-1'=True, StaticSwitch'Winter2-1'=False"
"/Game/MSPresets/MS_Foliage_Material/MasterMaterials/MA_Foliage.MA_Foliage","0","32","64","36","180","Compiling MA_Foliage: Platform=PCD3D_SM5, Usage=LightingModel=MSM_DefaultLit|MSM_TwoSidedFoliage, BlendMode=BLEND_Masked, SpecialEngine=0, TwoSided=0, TSNormal=1, Masked=1, Distorted=0, WritesEveryPixel=0, ModifiesMeshPosition=1, Usage={bUsedWithInstancedStaticMeshes,bUsedWithNanite}, StaticSwitch'Advanced Controls2-1'=True, StaticSwitch'Advanced Wind2-1'=False, StaticSwitch'Animate Advanced Wind Normal2-1'=False, StaticSwitch'Animate Foliage2-1'=False, StaticSwitch'Animate Level 12-1'=True, StaticSwitch'Animate Level 22-1'=True, StaticSwitch'Animate Level 32-1'=True, StaticSwitch'Animate Level 42-1'=True, StaticSwitch'Basic Controls2-1'=False, StaticSwitch'ColorVariations2-1'=False, StaticSwitch'Debug ForceField2-1'=False, StaticSwitch'Debug Mode Color Variation Noise2-1'=False, StaticSwitch'DefaultLit Trunk2-1'=True, StaticSwitch'Dither Decoration Blend2-1'=True, StaticSwitch'Impostor2-1'=False, StaticSwitch'Leaf Backside Roughness2-1'=False, StaticSwitch'Leaf Backside Specular2-1'=False, StaticSwitch'PerInstanceRandom2-1'=False, StaticSwitch'Plant2-1'=False, StaticSwitch'Seasons2-1'=False, StaticSwitch'Split Albedo Controls2-1'=False, StaticSwitch'Tint BaseColor2-1'=True, StaticSwitch'Tint Translucency2-1'=False, StaticSwitch'TwoSided Leaves2-1'=True, StaticSwitch'Use Additional Wind Animation2-1'=True, StaticSwitch'use dithered Trunk Blend2-1'=True, StaticSwitch'Winter2-1'=False"
"/Game/MSPresets/MS_Foliage_Material/MasterMaterials/MA_Foliage.MA_Foliage","0","32","64","36","180","Compiling MA_Foliage: Platform=PCD3D_SM5, Usage=LightingModel=MSM_DefaultLit|MSM_TwoSidedFoliage, BlendMode=BLEND_Masked, SpecialEngine=0, TwoSided=0, TSNormal=1, Masked=1, Distorted=0, WritesEveryPixel=0, ModifiesMeshPosition=1, Usage={bUsedWithInstancedStaticMeshes,bUsedWithNanite}, StaticSwitch'Advanced Controls2-1'=True, StaticSwitch'Advanced Wind2-1'=False, StaticSwitch'Animate Advanced Wind Normal2-1'=False, StaticSwitch'Animate Foliage2-1'=False, StaticSwitch'Animate Level 12-1'=True, StaticSwitch'Animate Level 22-1'=True, StaticSwitch'Animate Level 32-1'=True, StaticSwitch'Animate Level 42-1'=True, StaticSwitch'Basic Controls2-1'=False, StaticSwitch'ColorVariations2-1'=False, StaticSwitch'Debug ForceField2-1'=False, StaticSwitch'Debug Mode Color Variation Noise2-1'=False, StaticSwitch'DefaultLit Trunk2-1'=True, StaticSwitch'Dither Decoration Blend2-1'=True, StaticSwitch'Impostor2-1'=False, StaticSwitch'Leaf Backside Roughness2-1'=False, StaticSwitch'Leaf Backside Specular2-1'=False, StaticSwitch'PerInstanceRandom2-1'=False, StaticSwitch'Plant2-1'=False, StaticSwitch'Seasons2-1'=False, StaticSwitch'Split Albedo Controls2-1'=False, StaticSwitch'Tint BaseColor2-1'=False, StaticSwitch'Tint Translucency2-1'=False, StaticSwitch'TwoSided Leaves2-1'=True, StaticSwitch'Use Additional Wind Animation2-1'=True, StaticSwitch'use dithered Trunk Blend2-1'=True, StaticSwitch'Winter2-1'=False"
"/Game/MSPresets/MS_Foliage_Material/MasterMaterials/MA_Foliage.MA_Foliage","0","32","97","36","252","Compiling MA_Foliage: Platform=PCD3D_SM5, Usage=LightingModel=MSM_DefaultLit|MSM_TwoSidedFoliage, BlendMode=BLEND_Masked, SpecialEngine=0, TwoSided=0, TSNormal=1, Masked=1, Distorted=0, WritesEveryPixel=0, ModifiesMeshPosition=1, Usage={bUsedWithInstancedStaticMeshes,bUsedWithNanite}, StaticSwitch'Advanced Controls2-1'=True, StaticSwitch'Advanced Wind2-1'=True, StaticSwitch'Animate Advanced Wind Normal2-1'=False, StaticSwitch'Animate Foliage2-1'=True, StaticSwitch'Animate Level 12-1'=True, StaticSwitch'Animate Level 22-1'=True, StaticSwitch'Animate Level 32-1'=True, StaticSwitch'Animate Level 42-1'=True, StaticSwitch'Basic Controls2-1'=False, StaticSwitch'ColorVariations2-1'=False, StaticSwitch'Debug ForceField2-1'=False, StaticSwitch'Debug Mode Color Variation Noise2-1'=False, StaticSwitch'DefaultLit Trunk2-1'=True, StaticSwitch'Dither Decoration Blend2-1'=True, StaticSwitch'Impostor2-1'=False, StaticSwitch'Leaf Backside Roughness2-1'=False, StaticSwitch'Leaf Backside Specular2-1'=False, StaticSwitch'PerInstanceRandom2-1'=False, StaticSwitch'Plant2-1'=False, StaticSwitch'Seasons2-1'=False, StaticSwitch'Split Albedo Controls2-1'=False, StaticSwitch'Tint BaseColor2-1'=True, StaticSwitch'Tint Translucency2-1'=False, StaticSwitch'TwoSided Leaves2-1'=True, StaticSwitch'Use Additional Wind Animation2-1'=True, StaticSwitch'use dithered Trunk Blend2-1'=True, StaticSwitch'Winter2-1'=False"
"/Game/MSPresets/MS_Foliage_Material/MasterMaterials/MA_Foliage.MA_Foliage","0","32","96","36","252","Compiling MA_Foliage: Platform=PCD3D_SM5, Usage=LightingModel=MSM_DefaultLit|MSM_TwoSidedFoliage, BlendMode=BLEND_Masked, SpecialEngine=0, TwoSided=0, TSNormal=1, Masked=1, Distorted=0, WritesEveryPixel=0, ModifiesMeshPosition=1, Usage={bUsedWithInstancedStaticMeshes,bUsedWithNanite}, StaticSwitch'Advanced Controls2-1'=True, StaticSwitch'Advanced Wind2-1'=True, StaticSwitch'Animate Advanced Wind Normal2-1'=False, StaticSwitch'Animate Foliage2-1'=True, StaticSwitch'Animate Level 12-1'=True, StaticSwitch'Animate Level 22-1'=True, StaticSwitch'Animate Level 32-1'=True, StaticSwitch'Animate Level 42-1'=True, StaticSwitch'Basic Controls2-1'=False, StaticSwitch'ColorVariations2-1'=False, StaticSwitch'Debug ForceField2-1'=False, StaticSwitch'Debug Mode Color Variation Noise2-1'=False, StaticSwitch'DefaultLit Trunk2-1'=False, StaticSwitch'Dither Decoration Blend2-1'=True, StaticSwitch'Impostor2-1'=False, StaticSwitch'Leaf Backside Roughness2-1'=False, StaticSwitch'Leaf Backside Specular2-1'=False, StaticSwitch'PerInstanceRandom2-1'=False, StaticSwitch'Plant2-1'=False, StaticSwitch'Seasons2-1'=False, StaticSwitch'Split Albedo Controls2-1'=False, StaticSwitch'Tint BaseColor2-1'=True, StaticSwitch'Tint Translucency2-1'=False, StaticSwitch'TwoSided Leaves2-1'=False, StaticSwitch'Use Additional Wind Animation2-1'=True, StaticSwitch'use dithered Trunk Blend2-1'=True, StaticSwitch'Winter2-1'=False"
"/Game/MSPresets/MS_Foliage_Material/MasterMaterials/MA_Foliage.MA_Foliage","0","32","64","36","180","Compiling MA_Foliage: Platform=PCD3D_SM5, Usage=LightingModel=MSM_DefaultLit|MSM_TwoSidedFoliage, BlendMode=BLEND_Masked, SpecialEngine=0, TwoSided=0, TSNormal=1, Masked=1, Distorted=0, WritesEveryPixel=0, ModifiesMeshPosition=1, Usage={bUsedWithInstancedStaticMeshes,bUsedWithNanite}, StaticSwitch'Advanced Controls2-1'=True, StaticSwitch'Advanced Wind2-1'=False, StaticSwitch'Animate Advanced Wind Normal2-1'=False, StaticSwitch'Animate Foliage2-1'=True, StaticSwitch'Animate Level 12-1'=True, StaticSwitch'Animate Level 22-1'=True, StaticSwitch'Animate Level 32-1'=True, StaticSwitch'Animate Level 42-1'=True, StaticSwitch'Basic Controls2-1'=False, StaticSwitch'ColorVariations2-1'=False, StaticSwitch'Debug ForceField2-1'=False, StaticSwitch'Debug Mode Color Variation Noise2-1'=False, StaticSwitch'DefaultLit Trunk2-1'=True, StaticSwitch'Dither Decoration Blend2-1'=True, StaticSwitch'Impostor2-1'=False, StaticSwitch'Leaf Backside Roughness2-1'=False, StaticSwitch'Leaf Backside Specular2-1'=False, StaticSwitch'PerInstanceRandom2-1'=False, StaticSwitch'Plant2-1'=False, StaticSwitch'Seasons2-1'=False, StaticSwitch'Split Albedo Controls2-1'=False, StaticSwitch'Tint BaseColor2-1'=True, StaticSwitch'Tint Translucency2-1'=False, StaticSwitch'TwoSided Leaves2-1'=True, StaticSwitch'Use Additional Wind Animation2-1'=True, StaticSwitch'use dithered Trunk Blend2-1'=True, StaticSwitch'Winter2-1'=False"
"/Game/MSPresets/MS_Foliage_Material/MasterMaterials/MA_Foliage.MA_Foliage","0","32","64","36","180","Compiling MA_Foliage: Platform=PCD3D_SM5, Usage=LightingModel=MSM_DefaultLit|MSM_TwoSidedFoliage, BlendMode=BLEND_Masked, SpecialEngine=0, TwoSided=0, TSNormal=1, Masked=1, Distorted=0, WritesEveryPixel=0, ModifiesMeshPosition=1, Usage={bUsedWithInstancedStaticMeshes,bUsedWithNanite}, StaticSwitch'Advanced Controls2-1'=True, StaticSwitch'Advanced Wind2-1'=False, StaticSwitch'Animate Advanced Wind Normal2-1'=False, StaticSwitch'Animate Foliage2-1'=True, StaticSwitch'Animate Level 12-1'=True, StaticSwitch'Animate Level 22-1'=True, StaticSwitch'Animate Level 32-1'=True, StaticSwitch'Animate Level 42-1'=True, StaticSwitch'Basic Controls2-1'=False, StaticSwitch'ColorVariations2-1'=False, StaticSwitch'Debug ForceField2-1'=False, StaticSwitch'Debug Mode Color Variation Noise2-1'=False, StaticSwitch'DefaultLit Trunk2-1'=False, StaticSwitch'Dither Decoration Blend2-1'=True, StaticSwitch'Impostor2-1'=False, StaticSwitch'Leaf Backside Roughness2-1'=False, StaticSwitch'Leaf Backside Specular2-1'=False, StaticSwitch'PerInstanceRandom2-1'=False, StaticSwitch'Plant2-1'=False, StaticSwitch'Seasons2-1'=False, StaticSwitch'Split Albedo Controls2-1'=False, StaticSwitch'Tint BaseColor2-1'=True, StaticSwitch'Tint Translucency2-1'=False, StaticSwitch'TwoSided Leaves2-1'=False, StaticSwitch'Use Additional Wind Animation2-1'=True, StaticSwitch'use dithered Trunk Blend2-1'=True, StaticSwitch'Winter2-1'=False"
"/Game/MSPresets/MS_Foliage_Material/MasterMaterials/MA_Foliage.MA_Foliage","0","32","64","36","180","Compiling MA_Foliage: Platform=PCD3D_SM5, Usage=LightingModel=MSM_DefaultLit|MSM_TwoSidedFoliage, BlendMode=BLEND_Masked, SpecialEngine=0, TwoSided=0, TSNormal=1, Masked=1, Distorted=0, WritesEveryPixel=0, ModifiesMeshPosition=1, Usage={bUsedWithInstancedStaticMeshes,bUsedWithNanite}, StaticSwitch'Advanced Controls2-1'=True, StaticSwitch'Advanced Wind2-1'=True, StaticSwitch'Animate Advanced Wind Normal2-1'=False, StaticSwitch'Animate Foliage2-1'=True, StaticSwitch'Animate Level 12-1'=True, StaticSwitch'Animate Level 22-1'=True, StaticSwitch'Animate Level 32-1'=True, StaticSwitch'Animate Level 42-1'=True, StaticSwitch'Basic Controls2-1'=False, StaticSwitch'ColorVariations2-1'=False, StaticSwitch'Debug ForceField2-1'=False, StaticSwitch'Debug Mode Color Variation Noise2-1'=False, StaticSwitch'DefaultLit Trunk2-1'=True, StaticSwitch'Dither Decoration Blend2-1'=True, StaticSwitch'Impostor2-1'=False, StaticSwitch'Leaf Backside Roughness2-1'=False, StaticSwitch'Leaf Backside Specular2-1'=False, StaticSwitch'PerInstanceRandom2-1'=False, StaticSwitch'Plant2-1'=False, StaticSwitch'Seasons2-1'=False, StaticSwitch'Split Albedo Controls2-1'=False, StaticSwitch'Tint BaseColor2-1'=False, StaticSwitch'Tint Translucency2-1'=False, StaticSwitch'TwoSided Leaves2-1'=True, StaticSwitch'Use Additional Wind Animation2-1'=True, StaticSwitch'use dithered Trunk Blend2-1'=True, StaticSwitch'Winter2-1'=False"
"/Game/MSPresets/MS_Foliage_Material/MasterMaterials/MA_Foliage.MA_Foliage","0","32","64","36","180","Compiling MA_Foliage: Platform=PCD3D_SM5, Usage=LightingModel=MSM_DefaultLit|MSM_TwoSidedFoliage, BlendMode=BLEND_Masked, SpecialEngine=0, TwoSided=0, TSNormal=1, Masked=1, Distorted=0, WritesEveryPixel=0, ModifiesMeshPosition=1, Usage={bUsedWithInstancedStaticMeshes,bUsedWithNanite}, StaticSwitch'Advanced Controls2-1'=True, StaticSwitch'Advanced Wind2-1'=True, StaticSwitch'Animate Advanced Wind Normal2-1'=False, StaticSwitch'Animate Foliage2-1'=True, StaticSwitch'Animate Level 12-1'=True, StaticSwitch'Animate Level 22-1'=False, StaticSwitch'Animate Level 32-1'=False, StaticSwitch'Animate Level 42-1'=False, StaticSwitch'Basic Controls2-1'=False, StaticSwitch'ColorVariations2-1'=False, StaticSwitch'Debug ForceField2-1'=False, StaticSwitch'Debug Mode Color Variation Noise2-1'=False, StaticSwitch'DefaultLit Trunk2-1'=True, StaticSwitch'Dither Decoration Blend2-1'=True, StaticSwitch'Impostor2-1'=False, StaticSwitch'Leaf Backside Roughness2-1'=False, StaticSwitch'Leaf Backside Specular2-1'=False, StaticSwitch'PerInstanceRandom2-1'=False, StaticSwitch'Plant2-1'=False, StaticSwitch'Seasons2-1'=False, StaticSwitch'Split Albedo Controls2-1'=False, StaticSwitch'Tint BaseColor2-1'=True, StaticSwitch'Tint Translucency2-1'=False, StaticSwitch'TwoSided Leaves2-1'=True, StaticSwitch'Use Additional Wind Animation2-1'=True, StaticSwitch'use dithered Trunk Blend2-1'=True, StaticSwitch'Winter2-1'=False"
"/Game/MSPresets/MS_Foliage_Material/MasterMaterials/MA_Foliage.MA_Foliage","0","32","96","36","252","Compiling MA_Foliage: Platform=PCD3D_SM5, Usage=LightingModel=MSM_DefaultLit|MSM_TwoSidedFoliage, BlendMode=BLEND_Masked, SpecialEngine=0, TwoSided=0, TSNormal=1, Masked=1, Distorted=0, WritesEveryPixel=0, ModifiesMeshPosition=1, Usage={bUsedWithInstancedStaticMeshes,bUsedWithNanite}, StaticSwitch'Advanced Controls2-1'=True, StaticSwitch'Advanced Wind2-1'=True, StaticSwitch'Animate Advanced Wind Normal2-1'=False, StaticSwitch'Animate Foliage2-1'=True, StaticSwitch'Animate Level 12-1'=True, StaticSwitch'Animate Level 22-1'=True, StaticSwitch'Animate Level 32-1'=True, StaticSwitch'Animate Level 42-1'=False, StaticSwitch'Basic Controls2-1'=False, StaticSwitch'ColorVariations2-1'=False, StaticSwitch'Debug ForceField2-1'=False, StaticSwitch'Debug Mode Color Variation Noise2-1'=False, StaticSwitch'DefaultLit Trunk2-1'=False, StaticSwitch'Dither Decoration Blend2-1'=True, StaticSwitch'Impostor2-1'=False, StaticSwitch'Leaf Backside Roughness2-1'=False, StaticSwitch'Leaf Backside Specular2-1'=False, StaticSwitch'PerInstanceRandom2-1'=False, StaticSwitch'Plant2-1'=False, StaticSwitch'Seasons2-1'=False, StaticSwitch'Split Albedo Controls2-1'=False, StaticSwitch'Tint BaseColor2-1'=True, StaticSwitch'Tint Translucency2-1'=False, StaticSwitch'TwoSided Leaves2-1'=False, StaticSwitch'Use Additional Wind Animation2-1'=True, StaticSwitch'use dithered Trunk Blend2-1'=True, StaticSwitch'Winter2-1'=False"
"/Game/MSPresets/MS_Foliage_Material/MasterMaterials/MA_Foliage.MA_Foliage","0","32","64","36","180","Compiling MA_Foliage: Platform=PCD3D_SM5, Usage=LightingModel=MSM_DefaultLit|MSM_TwoSidedFoliage, BlendMode=BLEND_Masked, SpecialEngine=0, TwoSided=1, TSNormal=1, Masked=1, Distorted=0, WritesEveryPixel=0, ModifiesMeshPosition=1, Usage={bUsedWithInstancedStaticMeshes,bUsedWithNanite}, StaticSwitch'Advanced Controls2-1'=False, StaticSwitch'Advanced Wind2-1'=True, StaticSwitch'Animate Advanced Wind Normal2-1'=False, StaticSwitch'Animate Foliage2-1'=True, StaticSwitch'Animate Level 12-1'=True, StaticSwitch'Animate Level 22-1'=False, StaticSwitch'Animate Level 32-1'=False, StaticSwitch'Animate Level 42-1'=False, StaticSwitch'Basic Controls2-1'=False, StaticSwitch'ColorVariations2-1'=False, StaticSwitch'Debug ForceField2-1'=False, StaticSwitch'Debug Mode Color Variation Noise2-1'=False, StaticSwitch'DefaultLit Trunk2-1'=True, StaticSwitch'Dither Decoration Blend2-1'=True, StaticSwitch'Impostor2-1'=False, StaticSwitch'Leaf Backside Roughness2-1'=False, StaticSwitch'Leaf Backside Specular2-1'=False, StaticSwitch'PerInstanceRandom2-1'=False, StaticSwitch'Plant2-1'=False, StaticSwitch'Seasons2-1'=False, StaticSwitch'Split Albedo Controls2-1'=False, StaticSwitch'Tint BaseColor2-1'=False, StaticSwitch'Tint Translucency2-1'=False, StaticSwitch'TwoSided Leaves2-1'=True, StaticSwitch'Use Additional Wind Animation2-1'=True, StaticSwitch'use dithered Trunk Blend2-1'=True, StaticSwitch'Winter2-1'=False"
"/Game/MSPresets/MS_Foliage_Material/MasterMaterials/MA_Foliage.MA_Foliage","0","32","64","36","720","Compiling MA_Foliage: Platform=PCD3D_SM5, Usage=LightingModel=MSM_DefaultLit|MSM_TwoSidedFoliage, BlendMode=BLEND_Masked, SpecialEngine=0, TwoSided=1, TSNormal=1, Masked=1, Distorted=0, WritesEveryPixel=0, ModifiesMeshPosition=1, Usage={bUsedWithInstancedStaticMeshes,bUsedWithNanite}, StaticSwitch'Advanced Controls2-1'=True, StaticSwitch'Advanced Wind2-1'=True, StaticSwitch'Animate Advanced Wind Normal2-1'=False, StaticSwitch'Animate Foliage2-1'=True, StaticSwitch'Animate Level 12-1'=True, StaticSwitch'Animate Level 22-1'=True, StaticSwitch'Animate Level 32-1'=True, StaticSwitch'Animate Level 42-1'=False, StaticSwitch'Basic Controls2-1'=False, StaticSwitch'ColorVariations2-1'=False, StaticSwitch'Debug ForceField2-1'=False, StaticSwitch'Debug Mode Color Variation Noise2-1'=False, StaticSwitch'DefaultLit Trunk2-1'=False, StaticSwitch'Dither Decoration Blend2-1'=True, StaticSwitch'Impostor2-1'=False, StaticSwitch'Leaf Backside Roughness2-1'=True, StaticSwitch'Leaf Backside Specular2-1'=True, StaticSwitch'PerInstanceRandom2-1'=True, StaticSwitch'Plant2-1'=False, StaticSwitch'Seasons2-1'=True, StaticSwitch'Split Albedo Controls2-1'=True, StaticSwitch'Tint BaseColor2-1'=True, StaticSwitch'Tint Translucency2-1'=True, StaticSwitch'TwoSided Leaves2-1'=True, StaticSwitch'Use Additional Wind Animation2-1'=True, StaticSwitch'use dithered Trunk Blend2-1'=True, StaticSwitch'Winter2-1'=False"
"/Game/MSPresets/MS_Foliage_Material/MasterMaterials/MA_Foliage.MA_Foliage","0","32","64","36","180","Compiling MA_Foliage: Platform=PCD3D_SM5, Usage=LightingModel=MSM_DefaultLit|MSM_TwoSidedFoliage, BlendMode=BLEND_Masked, SpecialEngine=0, TwoSided=1, TSNormal=1, Masked=1, Distorted=0, WritesEveryPixel=0, ModifiesMeshPosition=1, Usage={bUsedWithInstancedStaticMeshes,bUsedWithNanite}, StaticSwitch'Advanced Controls2-1'=True, StaticSwitch'Advanced Wind2-1'=True, StaticSwitch'Animate Advanced Wind Normal2-1'=False, StaticSwitch'Animate Foliage2-1'=True, StaticSwitch'Animate Level 12-1'=True, StaticSwitch'Animate Level 22-1'=True, StaticSwitch'Animate Level 32-1'=True, StaticSwitch'Animate Level 42-1'=True, StaticSwitch'Basic Controls2-1'=False, StaticSwitch'ColorVariations2-1'=False, StaticSwitch'Debug ForceField2-1'=False, StaticSwitch'Debug Mode Color Variation Noise2-1'=False, StaticSwitch'DefaultLit Trunk2-1'=False, StaticSwitch'Dither Decoration Blend2-1'=True, StaticSwitch'Impostor2-1'=False, StaticSwitch'Leaf Backside Roughness2-1'=True, StaticSwitch'Leaf Backside Specular2-1'=True, StaticSwitch'PerInstanceRandom2-1'=True, StaticSwitch'Plant2-1'=False, StaticSwitch'Seasons2-1'=True, StaticSwitch'Split Albedo Controls2-1'=True, StaticSwitch'Tint BaseColor2-1'=True, StaticSwitch'Tint Translucency2-1'=True, StaticSwitch'TwoSided Leaves2-1'=True, StaticSwitch'Use Additional Wind Animation2-1'=True, StaticSwitch'use dithered Trunk Blend2-1'=True, StaticSwitch'Winter2-1'=False"
"/Game/MSPresets/MS_Foliage_Material/MasterMaterials/MA_Foliage.MA_Foliage","0","32","188","36","0","Compiling MA_Foliage: Platform=PCD3D_SM5, Usage=LightingModel=MSM_DefaultLit|MSM_TwoSidedFoliage, BlendMode=BLEND_Masked, SpecialEngine=0, TwoSided=1, TSNormal=1, Masked=1, Distorted=0, WritesEveryPixel=0, ModifiesMeshPosition=1, Usage={bUsedWithInstancedStaticMeshes,bUsedWithNanite}, StaticSwitch'Advanced Controls2-1'=False, StaticSwitch'Advanced Wind2-1'=True, StaticSwitch'Animate Advanced Wind Normal2-1'=False, StaticSwitch'Animate Foliage2-1'=True, StaticSwitch'Animate Level 12-1'=True, StaticSwitch'Animate Level 22-1'=True, StaticSwitch'Animate Level 32-1'=True, StaticSwitch'Animate Level 42-1'=True, StaticSwitch'Basic Controls2-1'=False, StaticSwitch'ColorVariations2-1'=False, StaticSwitch'Debug ForceField2-1'=False, StaticSwitch'Debug Mode Color Variation Noise2-1'=False, StaticSwitch'DefaultLit Trunk2-1'=True, StaticSwitch'Dither Decoration Blend2-1'=True, StaticSwitch'Impostor2-1'=False, StaticSwitch'Leaf Backside Roughness2-1'=False, StaticSwitch'Leaf Backside Specular2-1'=False, StaticSwitch'PerInstanceRandom2-1'=False, StaticSwitch'Plant2-1'=False, StaticSwitch'Seasons2-1'=False, StaticSwitch'Split Albedo Controls2-1'=False, StaticSwitch'Tint BaseColor2-1'=False, StaticSwitch'Tint Translucency2-1'=False, StaticSwitch'TwoSided Leaves2-1'=True, StaticSwitch'Use Additional Wind Animation2-1'=True, StaticSwitch'use dithered Trunk Blend2-1'=True, StaticSwitch'Winter2-1'=False"
"/Game/MSPresets/MS_Foliage_Material/MasterMaterials/MA_Foliage.MA_Foliage","0","32","64","36","180","Compiling MA_Foliage: Platform=PCD3D_SM5, Usage=LightingModel=MSM_DefaultLit|MSM_TwoSidedFoliage, BlendMode=BLEND_Masked, SpecialEngine=0, TwoSided=1, TSNormal=1, Masked=1, Distorted=0, WritesEveryPixel=0, ModifiesMeshPosition=1, Usage={bUsedWithInstancedStaticMeshes,bUsedWithNanite}, StaticSwitch'Advanced Controls2-1'=True, StaticSwitch'Advanced Wind2-1'=True, StaticSwitch'Animate Advanced Wind Normal2-1'=False, StaticSwitch'Animate Foliage2-1'=True, StaticSwitch'Animate Level 12-1'=True, StaticSwitch'Animate Level 22-1'=False, StaticSwitch'Animate Level 32-1'=False, StaticSwitch'Animate Level 42-1'=False, StaticSwitch'Basic Controls2-1'=False, StaticSwitch'ColorVariations2-1'=False, StaticSwitch'Debug ForceField2-1'=False, StaticSwitch'Debug Mode Color Variation Noise2-1'=False, StaticSwitch'DefaultLit Trunk2-1'=False, StaticSwitch'Dither Decoration Blend2-1'=True, StaticSwitch'Impostor2-1'=False, StaticSwitch'Leaf Backside Roughness2-1'=True, StaticSwitch'Leaf Backside Specular2-1'=True, StaticSwitch'PerInstanceRandom2-1'=True, StaticSwitch'Plant2-1'=False, StaticSwitch'Seasons2-1'=True, StaticSwitch'Split Albedo Controls2-1'=True, StaticSwitch'Tint BaseColor2-1'=True, StaticSwitch'Tint Translucency2-1'=True, StaticSwitch'TwoSided Leaves2-1'=True, StaticSwitch'Use Additional Wind Animation2-1'=True, StaticSwitch'use dithered Trunk Blend2-1'=True, StaticSwitch'Winter2-1'=False"
"/Game/MSPresets/MS_Foliage_Material/MasterMaterials/MA_Foliage.MA_Foliage","0","32","64","36","180","Compiling MA_Foliage: Platform=PCD3D_SM5, Usage=LightingModel=MSM_DefaultLit|MSM_TwoSidedFoliage, BlendMode=BLEND_Masked, SpecialEngine=0, TwoSided=1, TSNormal=1, Masked=1, Distorted=0, WritesEveryPixel=0, ModifiesMeshPosition=1, Usage={bUsedWithInstancedStaticMeshes,bUsedWithNanite}, StaticSwitch'Advanced Controls2-1'=True, StaticSwitch'Advanced Wind2-1'=True, StaticSwitch'Animate Advanced Wind Normal2-1'=False, StaticSwitch'Animate Foliage2-1'=True, StaticSwitch'Animate Level 12-1'=True, StaticSwitch'Animate Level 22-1'=True, StaticSwitch'Animate Level 32-1'=False, StaticSwitch'Animate Level 42-1'=False, StaticSwitch'Basic Controls2-1'=False, StaticSwitch'ColorVariations2-1'=False, StaticSwitch'Debug ForceField2-1'=False, StaticSwitch'Debug Mode Color Variation Noise2-1'=False, StaticSwitch'DefaultLit Trunk2-1'=False, StaticSwitch'Dither Decoration Blend2-1'=True, StaticSwitch'Impostor2-1'=False, StaticSwitch'Leaf Backside Roughness2-1'=True, StaticSwitch'Leaf Backside Specular2-1'=True, StaticSwitch'PerInstanceRandom2-1'=True, StaticSwitch'Plant2-1'=False, StaticSwitch'Seasons2-1'=True, StaticSwitch'Split Albedo Controls2-1'=True, StaticSwitch'Tint BaseColor2-1'=True, StaticSwitch'Tint Translucency2-1'=True, StaticSwitch'TwoSided Leaves2-1'=True, StaticSwitch'Use Additional Wind Animation2-1'=True, StaticSwitch'use dithered Trunk Blend2-1'=True, StaticSwitch'Winter2-1'=False"
"/Game/MSPresets/MS_Foliage_Material/MasterMaterials/MA_Foliage.MA_Foliage","0","32","91","36","180","Compiling MA_Foliage: Platform=PCD3D_SM5, Usage=LightingModel=MSM_DefaultLit|MSM_TwoSidedFoliage, BlendMode=BLEND_Masked, SpecialEngine=0, TwoSided=0, TSNormal=1, Masked=1, Distorted=0, WritesEveryPixel=0, ModifiesMeshPosition=1, Usage={bUsedWithInstancedStaticMeshes,bUsedWithNanite}, StaticSwitch'Advanced Controls2-1'=True, StaticSwitch'Advanced Wind2-1'=True, StaticSwitch'Animate Advanced Wind Normal2-1'=False, StaticSwitch'Animate Foliage2-1'=True, StaticSwitch'Animate Level 12-1'=True, StaticSwitch'Animate Level 22-1'=True, StaticSwitch'Animate Level 32-1'=False, StaticSwitch'Animate Level 42-1'=False, StaticSwitch'Basic Controls2-1'=False, StaticSwitch'ColorVariations2-1'=False, StaticSwitch'Debug ForceField2-1'=False, StaticSwitch'Debug Mode Color Variation Noise2-1'=False, StaticSwitch'DefaultLit Trunk2-1'=True, StaticSwitch'Dither Decoration Blend2-1'=True, StaticSwitch'Impostor2-1'=False, StaticSwitch'Leaf Backside Roughness2-1'=False, StaticSwitch'Leaf Backside Specular2-1'=False, StaticSwitch'PerInstanceRandom2-1'=False, StaticSwitch'Plant2-1'=False, StaticSwitch'Seasons2-1'=False, StaticSwitch'Split Albedo Controls2-1'=False, StaticSwitch'Tint BaseColor2-1'=True, StaticSwitch'Tint Translucency2-1'=False, StaticSwitch'TwoSided Leaves2-1'=True, StaticSwitch'Use Additional Wind Animation2-1'=True, StaticSwitch'use dithered Trunk Blend2-1'=True, StaticSwitch'Winter2-1'=False"
"/Game/Fantastic_Village_Pack/materials/master_materials/M_Master_flags_wind.M_Master_flags_wind","0","16","0","18","18","Compiling M_Master_flags_wind: Platform=PCD3D_SM5, Usage=LightingModel=MSM_DefaultLit, BlendMode=BLEND_Masked, SpecialEngine=0, TwoSided=1, TSNormal=1, Masked=1, Distorted=0, WritesEveryPixel=0, ModifiesMeshPosition=1, Usage={bUsedWithStaticLighting}"
"/Engine/EngineMaterials/DefaultParticle.DefaultParticle","0","80","0","92","92","Compiling DefaultParticle: Platform=PCD3D_SM5, Usage=LightingModel=MSM_Unlit, BlendMode=BLEND_Masked, SpecialEngine=0, TwoSided=0, TSNormal=1, Masked=1, Distorted=0, WritesEveryPixel=0, ModifiesMeshPosition=0, Usage={bUsedWithParticleSprites,bUsedWithBeamTrails,bUsedWithNiagaraSprites,bUsedWithNiagaraRibbons}"
"/Game/MSPresets/MS_Foliage_Material/MasterMaterials/MA_Impostor_SimpleOffset_MS.MA_Impostor_SimpleOffset_MS","0","32","64","36","180","Compiling MA_Impostor_SimpleOffset_MS: Platform=PCD3D_SM5, Usage=LightingModel=MSM_TwoSidedFoliage, BlendMode=BLEND_Masked, SpecialEngine=0, TwoSided=1, TSNormal=0, Masked=1, Distorted=0, WritesEveryPixel=0, ModifiesMeshPosition=1, Usage={bUsedWithStaticLighting,bUsedWithInstancedStaticMeshes,bUsedWithNanite}, StaticSwitch'Advanced Controls2-1'=False, StaticSwitch'Animate Foliage2-1'=True, StaticSwitch'Animate Impostor2-1'=False, StaticSwitch'Basic Controls2-1'=False, StaticSwitch'ColorVariations2-1'=False, StaticSwitch'Debug Mode Color Variation Noise2-1'=False, StaticSwitch'Derive Sprite Transform2-1'=True, StaticSwitch'Impostor2-1'=False, StaticSwitch'Interpolate Ray Position2-1'=True, StaticSwitch'PerInstanceRandom2-1'=False, StaticSwitch'Plant2-1'=False, StaticSwitch'Seasons2-1'=False, StaticSwitch'Show Frame Debug Info2-1'=False, StaticSwitch'Tint BaseColor2-1'=False, StaticSwitch'Tint Translucency2-1'=False, StaticSwitch'UpperHemisphereOnlyImpostor2-1'=True, StaticSwitch'Winter2-1'=False"
"/Game/WaterPlane/Environment/Props/Materials/M_Rock.M_Rock","0","13","5","13","23","Compiling M_Rock: Platform=PCD3D_SM5, Usage=LightingModel=MSM_DefaultLit, BlendMode=BLEND_Opaque, SpecialEngine=0, TwoSided=0, TSNormal=1, Masked=0, Distorted=0, WritesEveryPixel=1, ModifiesMeshPosition=0, Usage={bUsedWithStaticLighting}"
"","0","1","8","0","0",""
"/Fab/Materials/Standard/M_MS_Srf.M_MS_Srf","0","30","0","32","64","Compiling M_MS_Srf: Platform=PCD3D_SM5, Usage=LightingModel=MSM_DefaultLit, BlendMode=BLEND_Opaque, SpecialEngine=0, TwoSided=0, TSNormal=1, Masked=0, Distorted=0, WritesEveryPixel=1, ModifiesMeshPosition=1, Usage={bUsedWithInstancedStaticMeshes,bUsedWithNanite}, StaticSwitch'Enable Material AO2-1'=False"
"/Fab/Actors/GlobalFoliageActor/Materials/MA_UI_Element.MA_UI_Element","0","13","0","14","28","Compiling MA_UI_Element: Platform=PCD3D_SM5, Usage=LightingModel=MSM_DefaultLit, BlendMode=BLEND_Opaque, SpecialEngine=0, TwoSided=1, TSNormal=1, Masked=0, Distorted=0, WritesEveryPixel=1, ModifiesMeshPosition=1, Usage={}"
"/Game/ThirdPerson/Materials/BaseCanelite.BaseCanelite","0","5","0","5","10","Compiling BaseCanelite: Platform=PCD3D_SM5, Usage=LightingModel=MSM_DefaultLit, BlendMode=BLEND_Opaque, SpecialEngine=0, TwoSided=0, TSNormal=1, Masked=0, Distorted=0, WritesEveryPixel=1, ModifiesMeshPosition=0, Usage={}"
"/Game/MSPresets/MS_Foliage_Material/GlobalFoliageActor/Materials/MA_UI_Element.MA_UI_Element","0","13","0","14","28","Compiling MA_UI_Element: Platform=PCD3D_SM5, Usage=LightingModel=MSM_DefaultLit, BlendMode=BLEND_Opaque, SpecialEngine=0, TwoSided=1, TSNormal=1, Masked=0, Distorted=0, WritesEveryPixel=1, ModifiesMeshPosition=1, Usage={}"
"/Game/Fantastic_Village_Pack/materials/master_materials/M_Master_transparent_grass_wind.M_Master_transparent_grass_wind","0","32","0","36","72","Compiling M_Master_transparent_grass_wind: Platform=PCD3D_SM5, Usage=LightingModel=MSM_TwoSidedFoliage, BlendMode=BLEND_Masked, SpecialEngine=0, TwoSided=1, TSNormal=1, Masked=1, Distorted=0, WritesEveryPixel=0, ModifiesMeshPosition=1, Usage={bUsedWithStaticLighting,bUsedWithInstancedStaticMeshes}"
"/Fab/Materials/Standard/M_MS_Foliage.M_MS_Foliage","0","32","64","36","180","Compiling M_MS_Foliage: Platform=PCD3D_SM5, Usage=LightingModel=MSM_TwoSidedFoliage, BlendMode=BLEND_Masked, SpecialEngine=0, TwoSided=1, TSNormal=1, Masked=1, Distorted=0, WritesEveryPixel=0, ModifiesMeshPosition=1, Usage={bUsedWithInstancedStaticMeshes,bUsedWithNanite}, StaticSwitch'add Translucency Effect2-1'=False, StaticSwitch'change Roughness of Backside2-1'=False, StaticSwitch'change Roughness via Health2-1'=False, StaticSwitch'change Roughness via Height2-1'=False, StaticSwitch'Debug Branch Mask2-1'=False, StaticSwitch'disable Billboard Wind Animation2-1'=True, StaticSwitch'disable Wind Animation2-1'=False, StaticSwitch'is Billboard2-1'=False, StaticSwitch'is Hanging Plant2-1'=False, StaticSwitch'mask Branches Color Variation2-1'=True, StaticSwitch'mask Branches Health2-1'=False, StaticSwitch'mask out Twigs2-1'=True, StaticSwitch'primary Animation2-1'=True, StaticSwitch'randomize Health Effect2-1'=False, StaticSwitch'randomize per Plant Part2-1'=False, StaticSwitch'secondary Animation2-1'=False, StaticSwitch'Split Base Color Controls2-1'=False, StaticSwitch'Split Translucency Controls2-1'=False, StaticSwitch'Tint Base Color2-1'=False, StaticSwitch'Tint Leaf Backside2-1'=False, StaticSwitch'Tint Translucency2-1'=False, StaticSwitch'use advanced Billboard Translucency2-1'=False, StaticSwitch'use Color Variations2-1'=False, StaticSwitch'Use Distance Based Opacity2-1'=False, StaticSwitch'use Distance Based WPO Fade2-1'=False, StaticSwitch'use Gradient Branch Mask2-1'=False, StaticSwitch'use Growth Effect2-1'=False, StaticSwitch'use Seasons2-1'=False, StaticSwitch'use simplified Wind2-1'=True"
"/Fab/Materials/Standard/M_MS_Foliage.M_MS_Foliage","0","30","60","32","160","Compiling M_MS_Foliage: Platform=PCD3D_SM5, Usage=LightingModel=MSM_TwoSidedFoliage, BlendMode=BLEND_Opaque, SpecialEngine=0, TwoSided=1, TSNormal=1, Masked=0, Distorted=0, WritesEveryPixel=1, ModifiesMeshPosition=1, Usage={bUsedWithInstancedStaticMeshes,bUsedWithNanite}, StaticSwitch'add Translucency Effect2-1'=False, StaticSwitch'change Roughness of Backside2-1'=False, StaticSwitch'change Roughness via Health2-1'=False, StaticSwitch'change Roughness via Height2-1'=False, StaticSwitch'Debug Branch Mask2-1'=False, StaticSwitch'disable Billboard Wind Animation2-1'=True, StaticSwitch'disable Wind Animation2-1'=False, StaticSwitch'is Billboard2-1'=False, StaticSwitch'is Hanging Plant2-1'=False, StaticSwitch'mask Branches Color Variation2-1'=True, StaticSwitch'mask Branches Health2-1'=False, StaticSwitch'mask out Twigs2-1'=True, StaticSwitch'primary Animation2-1'=True, StaticSwitch'randomize Health Effect2-1'=False, StaticSwitch'randomize per Plant Part2-1'=False, StaticSwitch'secondary Animation2-1'=False, StaticSwitch'Split Base Color Controls2-1'=False, StaticSwitch'Split Translucency Controls2-1'=False, StaticSwitch'Tint Base Color2-1'=False, StaticSwitch'Tint Leaf Backside2-1'=True, StaticSwitch'Tint Translucency2-1'=True, StaticSwitch'use advanced Billboard Translucency2-1'=False, StaticSwitch'use Color Variations2-1'=False, StaticSwitch'Use Distance Based Opacity2-1'=False, StaticSwitch'use Distance Based WPO Fade2-1'=False, StaticSwitch'use Gradient Branch Mask2-1'=False, StaticSwitch'use Growth Effect2-1'=False, StaticSwitch'use Seasons2-1'=False, StaticSwitch'use simplified Wind2-1'=True"
"/Engine/EditorMaterials/PreviewShadowIndicatorMaterial.PreviewShadowIndicatorMaterial","0","45","0","45","45","Compiling PreviewShadowIndicatorMaterial: Platform=PCD3D_SM5, Usage=LightingModel=MSM_Unlit, BlendMode=BLEND_Opaque, SpecialEngine=0, TwoSided=0, TSNormal=1, Masked=0, Distorted=0, WritesEveryPixel=1, ModifiesMeshPosition=0, Usage={}"
"/Engine/EngineSky/M_Sky_Panning_Clouds2.M_Sky_Panning_Clouds2","0","4","0","4","4","Compiling M_Sky_Panning_Clouds2: Platform=PCD3D_SM5, Usage=LightingModel=MSM_Unlit, BlendMode=BLEND_Opaque, SpecialEngine=0, TwoSided=0, TSNormal=1, Masked=0, Distorted=0, WritesEveryPixel=1, ModifiesMeshPosition=0, Usage={bUsedWithStaticLighting}"
"/Game/VRS_LowPolyNatureEssentials/Materials/M_BaseTransparnet.M_BaseTransparnet","0","10","0","10","10","Compiling M_BaseTransparnet: Platform=PCD3D_SM5, Usage=LightingModel=MSM_DefaultLit, BlendMode=BLEND_TranslucentGreyTransmittance, SpecialEngine=0, TwoSided=0, TSNormal=1, Masked=0, Distorted=1, WritesEveryPixel=1, ModifiesMeshPosition=0, Usage={bUsedWithStaticLighting}, StaticSwitch'Use Tint2-1'=False"
"/Game/ThirdPerson/Models/Canelita/m.m","0","5","0","5","5","Compiling m: Platform=PCD3D_SM5, Usage=LightingModel=MSM_DefaultLit, BlendMode=BLEND_Opaque, SpecialEngine=0, TwoSided=0, TSNormal=1, Masked=0, Distorted=0, WritesEveryPixel=1, ModifiesMeshPosition=0, Usage={}"
"/Game/ThirdPerson/Models/Canelita/e_001.e_001","0","5","0","5","5","Compiling e_001: Platform=PCD3D_SM5, Usage=LightingModel=MSM_DefaultLit, BlendMode=BLEND_Opaque, SpecialEngine=0, TwoSided=0, TSNormal=1, Masked=0, Distorted=0, WritesEveryPixel=1, ModifiesMeshPosition=0, Usage={}"
"/Game/ThirdPerson/Models/Canelita/cloth_001.cloth_001","0","5","0","5","5","Compiling cloth_001: Platform=PCD3D_SM5, Usage=LightingModel=MSM_DefaultLit, BlendMode=BLEND_Opaque, SpecialEngine=0, TwoSided=0, TSNormal=1, Masked=0, Distorted=0, WritesEveryPixel=1, ModifiesMeshPosition=0, Usage={}"
"/Game/ThirdPerson/Models/Canelita/b0.b0","0","10","0","10","10","Compiling b0: Platform=PCD3D_SM5, Usage=LightingModel=MSM_DefaultLit, BlendMode=BLEND_Opaque, SpecialEngine=0, TwoSided=0, TSNormal=1, Masked=0, Distorted=0, WritesEveryPixel=1, ModifiesMeshPosition=0, Usage={bUsedWithInstancedStaticMeshes}"
"/Game/Stylized_PBR_Nature/Foliage/Materials/M_Foliage_Master.M_Foliage_Master","0","32","0","36","36","Compiling M_Foliage_Master: Platform=PCD3D_SM5, Usage=LightingModel=MSM_TwoSidedFoliage, BlendMode=BLEND_Masked, SpecialEngine=0, TwoSided=1, TSNormal=0, Masked=1, Distorted=0, WritesEveryPixel=0, ModifiesMeshPosition=1, Usage={bUsedWithStaticLighting,bUsedWithInstancedStaticMeshes,bUsedWithNanite}"
"/Engine/EngineMaterials/WorldGridMaterial.WorldGridMaterial","0","313","43","46","714","Compiling WorldGridMaterial: Platform=PCD3D_SM5, Usage=LightingModel=MSM_DefaultLit, BlendMode=BLEND_Opaque, SpecialEngine=1, TwoSided=0, TSNormal=1, Masked=0, Distorted=0, WritesEveryPixel=1, ModifiesMeshPosition=0, Usage={}"
"/Game/MSPresets/MS_Foliage_Material/AssetZooMaterials/M_FloorGrid_Master.M_FloorGrid_Master","0","5","0","5","5","Compiling M_FloorGrid_Master: Platform=PCD3D_SM5, Usage=LightingModel=MSM_DefaultLit, BlendMode=BLEND_Opaque, SpecialEngine=0, TwoSided=0, TSNormal=1, Masked=0, Distorted=0, WritesEveryPixel=1, ModifiesMeshPosition=0, Usage={bUsedWithStaticLighting}"
"/Game/Fantastic_Village_Pack/materials/master_materials/M_Master_opaque.M_Master_opaque","0","16","0","18","54","Compiling M_Master_opaque: Platform=PCD3D_SM5, Usage=LightingModel=MSM_DefaultLit, BlendMode=BLEND_Opaque, SpecialEngine=0, TwoSided=1, TSNormal=1, Masked=0, Distorted=0, WritesEveryPixel=1, ModifiesMeshPosition=0, Usage={bUsedWithStaticLighting,bUsedWithInstancedStaticMeshes}"
"/Game/Fantastic_Village_Pack/materials/master_materials/M_Master_fire_smoke.M_Master_fire_smoke","0","17","0","17","17","Compiling M_Master_fire_smoke: Platform=PCD3D_SM5, Usage=LightingModel=MSM_Unlit, BlendMode=BLEND_TranslucentGreyTransmittance, SpecialEngine=0, TwoSided=1, TSNormal=1, Masked=0, Distorted=0, WritesEveryPixel=1, ModifiesMeshPosition=0, Usage={bUsedWithParticleSprites}"
"/Game/Fantastic_Village_Pack/materials/master_materials/M_Master_opaque_normal.M_Master_opaque_normal","0","16","0","18","54","Compiling M_Master_opaque_normal: Platform=PCD3D_SM5, Usage=LightingModel=MSM_DefaultLit, BlendMode=BLEND_Opaque, SpecialEngine=0, TwoSided=1, TSNormal=1, Masked=0, Distorted=0, WritesEveryPixel=1, ModifiesMeshPosition=0, Usage={bUsedWithStaticLighting,bUsedWithInstancedStaticMeshes,bUsedWithNanite}"
"/Game/WaterPlane/Translucent/Materials/M_TranslucentWater.M_TranslucentWater","0","12","24","12","60","Compiling M_TranslucentWater: Platform=PCD3D_SM5, Usage=LightingModel=MSM_DefaultLit, BlendMode=BLEND_TranslucentGreyTransmittance, SpecialEngine=0, TwoSided=0, TSNormal=1, Masked=0, Distorted=0, WritesEveryPixel=1, ModifiesMeshPosition=0, Usage={bUsedWithStaticLighting}"
"/Game/WaterPlane/Lake/Materials/M_LakeWater_01.M_LakeWater_01","0","5","10","5","25","Compiling M_LakeWater_01: Platform=PCD3D_SM5, Usage=LightingModel=MSM_DefaultLit, BlendMode=BLEND_Opaque, SpecialEngine=0, TwoSided=0, TSNormal=1, Masked=0, Distorted=0, WritesEveryPixel=1, ModifiesMeshPosition=0, Usage={bUsedWithStaticLighting}"
"/Avalanche/Text3DResources/Materials/Solid/M_DefaultText3DMaterial_Unlit.M_DefaultText3DMaterial_Unlit","0","12","0","12","12","Compiling M_DefaultText3DMaterial_Unlit: Platform=PCD3D_SM5, Usage=LightingModel=MSM_Unlit, BlendMode=BLEND_Opaque, SpecialEngine=0, TwoSided=0, TSNormal=1, Masked=0, Distorted=0, WritesEveryPixel=1, ModifiesMeshPosition=0, Usage={bUsedWithStaticLighting,bUsedWithInstancedStaticMeshes,bUsedWithGeometryCollections,bUsedWithNiagaraMeshParticles,bUsedWithNanite}"
"/Engine/EngineMaterials/RemoveSurfaceMaterial.RemoveSurfaceMaterial","49","4","0","4","4","Compiling RemoveSurfaceMaterial: Platform=PCD3D_SM6, Usage=LightingModel=MSM_Unlit, BlendMode=BLEND_Opaque, SpecialEngine=0, TwoSided=0, TSNormal=1, Masked=0, Distorted=0, WritesEveryPixel=1, ModifiesMeshPosition=0, Usage={bUsedWithStaticLighting}"
"/Engine/EngineMaterials/WorldGridMaterial.WorldGridMaterial","49","570","244","247","1429","Compiling WorldGridMaterial: Platform=PCD3D_SM6, Usage=LightingModel=MSM_DefaultLit, BlendMode=BLEND_Opaque, SpecialEngine=1, TwoSided=0, TSNormal=1, Masked=0, Distorted=0, WritesEveryPixel=1, ModifiesMeshPosition=0, Usage={}"
"/ControlRig/Controls/ControlRigGizmoMaterial.ControlRigGizmoMaterial","49","0","0","4","0","Compiling ControlRigGizmoMaterial: Platform=PCD3D_SM6, Usage=LightingModel=MSM_Unlit, BlendMode=BLEND_Opaque, SpecialEngine=0, TwoSided=0, TSNormal=1, Masked=0, Distorted=0, WritesEveryPixel=1, ModifiesMeshPosition=0, Usage={}"
"/Engine/EngineDebugMaterials/DebugEditorMaterial.DebugEditorMaterial","49","0","0","8","0","Compiling DebugEditorMaterial: Platform=PCD3D_SM6, Usage=LightingModel=MSM_Unlit, BlendMode=BLEND_Opaque, SpecialEngine=0, TwoSided=1, TSNormal=1, Masked=0, Distorted=0, WritesEveryPixel=1, ModifiesMeshPosition=0, Usage={}"
"/Engine/EditorMaterials/PhAT_NoCollisionMaterial.PhAT_NoCollisionMaterial","49","0","0","5","0","Compiling PhAT_NoCollisionMaterial: Platform=PCD3D_SM6, Usage=LightingModel=MSM_Unlit, BlendMode=BLEND_TranslucentGreyTransmittance, SpecialEngine=0, TwoSided=0, TSNormal=1, Masked=0, Distorted=0, WritesEveryPixel=1, ModifiesMeshPosition=0, Usage={}"
"/Engine/EditorMaterials/PhAT_UnselectedMaterial.PhAT_UnselectedMaterial","49","0","0","5","0","Compiling PhAT_UnselectedMaterial: Platform=PCD3D_SM6, Usage=LightingModel=MSM_Unlit, BlendMode=BLEND_TranslucentGreyTransmittance, SpecialEngine=0, TwoSided=0, TSNormal=1, Masked=0, Distorted=0, WritesEveryPixel=1, ModifiesMeshPosition=0, Usage={}"
"/MeshModelingToolset/Materials/M_DynamicMeshComponentVtxColor.M_DynamicMeshComponentVtxColor","49","0","0","9","0","Compiling M_DynamicMeshComponentVtxColor: Platform=PCD3D_SM6, Usage=LightingModel=MSM_DefaultLit, BlendMode=BLEND_Opaque, SpecialEngine=0, TwoSided=1, TSNormal=0, Masked=0, Distorted=0, WritesEveryPixel=1, ModifiesMeshPosition=0, Usage={}"
"/Game/Fantastic_Village_Pack/materials/M_CLR_assets_grid.M_CLR_assets_grid","49","0","0","5","0","Compiling M_CLR_assets_grid: Platform=PCD3D_SM6, Usage=LightingModel=MSM_DefaultLit, BlendMode=BLEND_Opaque, SpecialEngine=0, TwoSided=0, TSNormal=1, Masked=0, Distorted=0, WritesEveryPixel=1, ModifiesMeshPosition=0, Usage={bUsedWithStaticLighting}"
"/Engine/EngineMaterials/Widget3DPassThrough.Widget3DPassThrough","49","0","0","5","5","Compiling Widget3DPassThrough: Platform=PCD3D_SM6, Usage=LightingModel=MSM_Unlit, BlendMode=BLEND_TranslucentGreyTransmittance, SpecialEngine=0, TwoSided=0, TSNormal=1, Masked=0, Distorted=0, WritesEveryPixel=1, ModifiesMeshPosition=0, Usage={}"
"/Engine/EngineMaterials/Widget3DPassThrough.Widget3DPassThrough","49","0","0","4","0","Compiling Widget3DPassThrough: Platform=PCD3D_SM6, Usage=LightingModel=MSM_Unlit, BlendMode=BLEND_Opaque, SpecialEngine=0, TwoSided=0, TSNormal=1, Masked=0, Distorted=0, WritesEveryPixel=1, ModifiesMeshPosition=0, Usage={}"
"/Engine/EngineMaterials/Widget3DPassThrough.Widget3DPassThrough","49","0","0","7","0","Compiling Widget3DPassThrough: Platform=PCD3D_SM6, Usage=LightingModel=MSM_Unlit, BlendMode=BLEND_TranslucentGreyTransmittance, SpecialEngine=0, TwoSided=1, TSNormal=1, Masked=0, Distorted=0, WritesEveryPixel=1, ModifiesMeshPosition=0, Usage={}"
"/Engine/EngineMaterials/Widget3DPassThrough.Widget3DPassThrough","49","0","0","8","0","Compiling Widget3DPassThrough: Platform=PCD3D_SM6, Usage=LightingModel=MSM_Unlit, BlendMode=BLEND_Opaque, SpecialEngine=0, TwoSided=1, TSNormal=1, Masked=0, Distorted=0, WritesEveryPixel=1, ModifiesMeshPosition=0, Usage={}"
"/Engine/EngineMaterials/Widget3DPassThrough.Widget3DPassThrough","49","0","0","19","0","Compiling Widget3DPassThrough: Platform=PCD3D_SM6, Usage=LightingModel=MSM_Unlit, BlendMode=BLEND_Masked, SpecialEngine=0, TwoSided=1, TSNormal=1, Masked=1, Distorted=0, WritesEveryPixel=0, ModifiesMeshPosition=0, Usage={}"
"/Engine/EngineMaterials/Widget3DPassThrough.Widget3DPassThrough","49","0","0","19","0","Compiling Widget3DPassThrough: Platform=PCD3D_SM6, Usage=LightingModel=MSM_Unlit, BlendMode=BLEND_Masked, SpecialEngine=0, TwoSided=0, TSNormal=1, Masked=1, Distorted=0, WritesEveryPixel=0, ModifiesMeshPosition=0, Usage={}"
"/Game/MSPresets/MS_Foliage_Material/AssetZooMaterials/M_FloorGrid_Master.M_FloorGrid_Master","49","5","0","5","5","Compiling M_FloorGrid_Master: Platform=PCD3D_SM6, Usage=LightingModel=MSM_DefaultLit, BlendMode=BLEND_Opaque, SpecialEngine=0, TwoSided=0, TSNormal=1, Masked=0, Distorted=0, WritesEveryPixel=1, ModifiesMeshPosition=0, Usage={bUsedWithStaticLighting}"
"/Game/Fantastic_Village_Pack/materials/master_materials/M_Master_opaque.M_Master_opaque","49","16","0","18","54","Compiling M_Master_opaque: Platform=PCD3D_SM6, Usage=LightingModel=MSM_DefaultLit, BlendMode=BLEND_Opaque, SpecialEngine=0, TwoSided=1, TSNormal=1, Masked=0, Distorted=0, WritesEveryPixel=1, ModifiesMeshPosition=0, Usage={bUsedWithStaticLighting,bUsedWithInstancedStaticMeshes}"
"/Game/Fantastic_Village_Pack/materials/master_materials/M_Master_fire_smoke.M_Master_fire_smoke","49","17","0","17","17","Compiling M_Master_fire_smoke: Platform=PCD3D_SM6, Usage=LightingModel=MSM_Unlit, BlendMode=BLEND_TranslucentGreyTransmittance, SpecialEngine=0, TwoSided=1, TSNormal=1, Masked=0, Distorted=0, WritesEveryPixel=1, ModifiesMeshPosition=0, Usage={bUsedWithParticleSprites}"
"/Game/Fantastic_Village_Pack/materials/master_materials/M_Master_opaque_normal.M_Master_opaque_normal","49","21","0","23","69","Compiling M_Master_opaque_normal: Platform=PCD3D_SM6, Usage=LightingModel=MSM_DefaultLit, BlendMode=BLEND_Opaque, SpecialEngine=0, TwoSided=1, TSNormal=1, Masked=0, Distorted=0, WritesEveryPixel=1, ModifiesMeshPosition=0, Usage={bUsedWithStaticLighting,bUsedWithInstancedStaticMeshes,bUsedWithNanite}"
"/Game/VRS_LowPolyNatureEssentials/Materials/M_BaseTransparnet.M_BaseTransparnet","49","10","0","10","10","Compiling M_BaseTransparnet: Platform=PCD3D_SM6, Usage=LightingModel=MSM_DefaultLit, BlendMode=BLEND_TranslucentGreyTransmittance, SpecialEngine=0, TwoSided=0, TSNormal=1, Masked=0, Distorted=1, WritesEveryPixel=1, ModifiesMeshPosition=0, Usage={bUsedWithStaticLighting}, StaticSwitch'Use Tint2-1'=False"
"/Game/ThirdPerson/Models/Canelita/m.m","49","5","0","5","5","Compiling m: Platform=PCD3D_SM6, Usage=LightingModel=MSM_DefaultLit, BlendMode=BLEND_Opaque, SpecialEngine=0, TwoSided=0, TSNormal=1, Masked=0, Distorted=0, WritesEveryPixel=1, ModifiesMeshPosition=0, Usage={}"
"/Engine/EditorMaterials/PreviewShadowIndicatorMaterial.PreviewShadowIndicatorMaterial","49","61","0","61","61","Compiling PreviewShadowIndicatorMaterial: Platform=PCD3D_SM6, Usage=LightingModel=MSM_Unlit, BlendMode=BLEND_Opaque, SpecialEngine=0, TwoSided=0, TSNormal=1, Masked=0, Distorted=0, WritesEveryPixel=1, ModifiesMeshPosition=0, Usage={}"
"/Engine/EngineSky/M_Sky_Panning_Clouds2.M_Sky_Panning_Clouds2","49","4","0","4","4","Compiling M_Sky_Panning_Clouds2: Platform=PCD3D_SM6, Usage=LightingModel=MSM_Unlit, BlendMode=BLEND_Opaque, SpecialEngine=0, TwoSided=0, TSNormal=1, Masked=0, Distorted=0, WritesEveryPixel=1, ModifiesMeshPosition=0, Usage={bUsedWithStaticLighting}"
"/Game/WaterPlane/Environment/Props/Materials/M_Rock.M_Rock","49","5","0","13","23","Compiling M_Rock: Platform=PCD3D_SM6, Usage=LightingModel=MSM_DefaultLit, BlendMode=BLEND_Opaque, SpecialEngine=0, TwoSided=0, TSNormal=1, Masked=0, Distorted=0, WritesEveryPixel=1, ModifiesMeshPosition=0, Usage={bUsedWithStaticLighting}"
"/Game/VRS_LowPolyNatureEssentials/Materials/M_BaseMaterial.M_BaseMaterial","49","13","0","13","13","Compiling M_BaseMaterial: Platform=PCD3D_SM6, Usage=LightingModel=MSM_DefaultLit, BlendMode=BLEND_Opaque, SpecialEngine=0, TwoSided=0, TSNormal=1, Masked=0, Distorted=0, WritesEveryPixel=1, ModifiesMeshPosition=0, Usage={bUsedWithSkeletalMesh,bUsedWithStaticLighting,bUsedWithInstancedStaticMeshes}, StaticSwitch'Use Emission2-1'=False, StaticSwitch'Use Tint2-1'=False"
"/Game/VRS_LowPolyNatureEssentials/Materials/M_BaseMaterial.M_BaseMaterial","49","0","0","13","0","Compiling M_BaseMaterial: Platform=PCD3D_SM6, Usage=LightingModel=MSM_DefaultLit, BlendMode=BLEND_Opaque, SpecialEngine=0, TwoSided=0, TSNormal=1, Masked=0, Distorted=0, WritesEveryPixel=1, ModifiesMeshPosition=0, Usage={bUsedWithSkeletalMesh,bUsedWithStaticLighting,bUsedWithInstancedStaticMeshes}, StaticSwitch'Use Emission2-1'=True, StaticSwitch'Use Tint2-1'=False"
"/Game/ThirdPerson/Models/Canelita/e_001.e_001","49","5","0","5","5","Compiling e_001: Platform=PCD3D_SM6, Usage=LightingModel=MSM_DefaultLit, BlendMode=BLEND_Opaque, SpecialEngine=0, TwoSided=0, TSNormal=1, Masked=0, Distorted=0, WritesEveryPixel=1, ModifiesMeshPosition=0, Usage={}"
"/Game/ThirdPerson/Models/Canelita/cloth_001.cloth_001","49","5","0","5","5","Compiling cloth_001: Platform=PCD3D_SM6, Usage=LightingModel=MSM_DefaultLit, BlendMode=BLEND_Opaque, SpecialEngine=0, TwoSided=0, TSNormal=1, Masked=0, Distorted=0, WritesEveryPixel=1, ModifiesMeshPosition=0, Usage={}"
"/Game/ThirdPerson/Models/Canelita/b0.b0","49","10","0","10","10","Compiling b0: Platform=PCD3D_SM6, Usage=LightingModel=MSM_DefaultLit, BlendMode=BLEND_Opaque, SpecialEngine=0, TwoSided=0, TSNormal=1, Masked=0, Distorted=0, WritesEveryPixel=1, ModifiesMeshPosition=0, Usage={bUsedWithInstancedStaticMeshes}"
"/Game/Stylized_PBR_Nature/Foliage/Materials/M_Foliage_Master.M_Foliage_Master","49","122","0","126","126","Compiling M_Foliage_Master: Platform=PCD3D_SM6, Usage=LightingModel=MSM_TwoSidedFoliage, BlendMode=BLEND_Masked, SpecialEngine=0, TwoSided=1, TSNormal=0, Masked=1, Distorted=0, WritesEveryPixel=0, ModifiesMeshPosition=1, Usage={bUsedWithStaticLighting,bUsedWithInstancedStaticMeshes,bUsedWithNanite}"
"/Game/ThirdPerson/Materials/BaseCanelite.BaseCanelite","49","5","0","5","10","Compiling BaseCanelite: Platform=PCD3D_SM6, Usage=LightingModel=MSM_DefaultLit, BlendMode=BLEND_Opaque, SpecialEngine=0, TwoSided=0, TSNormal=1, Masked=0, Distorted=0, WritesEveryPixel=1, ModifiesMeshPosition=0, Usage={}"
"/Game/MSPresets/MS_Foliage_Material/GlobalFoliageActor/Materials/MA_UI_Element.MA_UI_Element","49","15","0","16","32","Compiling MA_UI_Element: Platform=PCD3D_SM6, Usage=LightingModel=MSM_DefaultLit, BlendMode=BLEND_Opaque, SpecialEngine=0, TwoSided=1, TSNormal=1, Masked=0, Distorted=0, WritesEveryPixel=1, ModifiesMeshPosition=1, Usage={}"
"/Game/Fantastic_Village_Pack/materials/master_materials/M_Master_transparent_grass_wind.M_Master_transparent_grass_wind","49","36","0","40","80","Compiling M_Master_transparent_grass_wind: Platform=PCD3D_SM6, Usage=LightingModel=MSM_TwoSidedFoliage, BlendMode=BLEND_Masked, SpecialEngine=0, TwoSided=1, TSNormal=1, Masked=1, Distorted=0, WritesEveryPixel=0, ModifiesMeshPosition=1, Usage={bUsedWithStaticLighting,bUsedWithInstancedStaticMeshes}"
"/Game/Fantastic_Village_Pack/materials/master_materials/M_Master_flags_wind.M_Master_flags_wind","49","18","0","20","20","Compiling M_Master_flags_wind: Platform=PCD3D_SM6, Usage=LightingModel=MSM_DefaultLit, BlendMode=BLEND_Masked, SpecialEngine=0, TwoSided=1, TSNormal=1, Masked=1, Distorted=0, WritesEveryPixel=0, ModifiesMeshPosition=1, Usage={bUsedWithStaticLighting}"
"/Engine/EngineMaterials/DefaultParticle.DefaultParticle","49","92","0","104","104","Compiling DefaultParticle: Platform=PCD3D_SM6, Usage=LightingModel=MSM_Unlit, BlendMode=BLEND_Masked, SpecialEngine=0, TwoSided=0, TSNormal=1, Masked=1, Distorted=0, WritesEveryPixel=0, ModifiesMeshPosition=0, Usage={bUsedWithParticleSprites,bUsedWithBeamTrails,bUsedWithNiagaraSprites,bUsedWithNiagaraRibbons}"
"/Fab/Materials/Standard/M_MS_Srf.M_MS_Srf","49","39","0","41","82","Compiling M_MS_Srf: Platform=PCD3D_SM6, Usage=LightingModel=MSM_DefaultLit, BlendMode=BLEND_Opaque, SpecialEngine=0, TwoSided=0, TSNormal=1, Masked=0, Distorted=0, WritesEveryPixel=1, ModifiesMeshPosition=1, Usage={bUsedWithInstancedStaticMeshes,bUsedWithNanite}, StaticSwitch'Enable Material AO2-1'=False"
"/Fab/Actors/GlobalFoliageActor/Materials/MA_UI_Element.MA_UI_Element","49","15","0","16","32","Compiling MA_UI_Element: Platform=PCD3D_SM6, Usage=LightingModel=MSM_DefaultLit, BlendMode=BLEND_Opaque, SpecialEngine=0, TwoSided=1, TSNormal=1, Masked=0, Distorted=0, WritesEveryPixel=1, ModifiesMeshPosition=1, Usage={}"
"/Game/Fantastic_Village_Pack/materials/master_materials/M_Master_landscape.M_Master_landscape","49","0","0","5","0","Compiling M_Master_landscape: Platform=PCD3D_SM6, Usage=LightingModel=MSM_DefaultLit, BlendMode=BLEND_Opaque, SpecialEngine=0, TwoSided=0, TSNormal=1, Masked=0, Distorted=0, WritesEveryPixel=1, ModifiesMeshPosition=0, Usage={bUsedWithStaticLighting}"
"/Game/Fantastic_Village_Pack/materials/master_materials/M_Master_landscape.M_Master_landscape","49","13","0","13","65","Compiling M_Master_landscape: Platform=PCD3D_SM6, Usage=LightingModel=MSM_DefaultLit, BlendMode=BLEND_Opaque, SpecialEngine=0, TwoSided=0, TSNormal=1, Masked=0, Distorted=0, WritesEveryPixel=1, ModifiesMeshPosition=0, Usage={bUsedWithStaticLighting}, StaticTerrainLayer'Grass'=Weightmap0, StaticTerrainLayer'Gravel'=Weightmap0"
"/Game/Fantastic_Village_Pack/materials/master_materials/M_Master_landscape.M_Master_landscape","49","0","0","13","52","Compiling M_Master_landscape: Platform=PCD3D_SM6, Usage=LightingModel=MSM_DefaultLit, BlendMode=BLEND_Opaque, SpecialEngine=0, TwoSided=0, TSNormal=1, Masked=0, Distorted=0, WritesEveryPixel=1, ModifiesMeshPosition=0, Usage={bUsedWithStaticLighting}, StaticTerrainLayer'Grass'=Weightmap0, StaticTerrainLayer'Gravel'=Weightmap0, StaticTerrainLayer'Gravel 2'=Weightmap0, StaticTerrainLayer'Pavingstone'=Weightmap0, StaticTerrainLayer'Pavingstone 2'=Weightmap1"
"/Game/Fantastic_Village_Pack/materials/master_materials/M_Master_landscape.M_Master_landscape","49","0","0","13","39","Compiling M_Master_landscape: Platform=PCD3D_SM6, Usage=LightingModel=MSM_DefaultLit, BlendMode=BLEND_Opaque, SpecialEngine=0, TwoSided=0, TSNormal=1, Masked=0, Distorted=0, WritesEveryPixel=1, ModifiesMeshPosition=0, Usage={bUsedWithStaticLighting}, StaticTerrainLayer'Farmfield'=Weightmap0, StaticTerrainLayer'Grass'=Weightmap0, StaticTerrainLayer'Gravel'=Weightmap0, StaticTerrainLayer'Pavingstone'=Weightmap0"
"/Game/Fantastic_Village_Pack/materials/master_materials/M_Master_landscape.M_Master_landscape","49","0","0","13","39","Compiling M_Master_landscape: Platform=PCD3D_SM6, Usage=LightingModel=MSM_DefaultLit, BlendMode=BLEND_Opaque, SpecialEngine=0, TwoSided=0, TSNormal=1, Masked=0, Distorted=0, WritesEveryPixel=1, ModifiesMeshPosition=0, Usage={bUsedWithStaticLighting}, StaticTerrainLayer'Grass'=Weightmap0, StaticTerrainLayer'Gravel'=Weightmap0, StaticTerrainLayer'Pavingstone'=Weightmap0"
"/Game/Fantastic_Village_Pack/materials/master_materials/M_Master_landscape.M_Master_landscape","49","0","0","13","39","Compiling M_Master_landscape: Platform=PCD3D_SM6, Usage=LightingModel=MSM_DefaultLit, BlendMode=BLEND_Opaque, SpecialEngine=0, TwoSided=0, TSNormal=1, Masked=0, Distorted=0, WritesEveryPixel=1, ModifiesMeshPosition=0, Usage={bUsedWithStaticLighting}, StaticTerrainLayer'Farmfield'=Weightmap1, StaticTerrainLayer'Grass'=Weightmap0, StaticTerrainLayer'Gravel'=Weightmap0, StaticTerrainLayer'Gravel 2'=Weightmap0, StaticTerrainLayer'Pavingstone'=Weightmap0"
"/Game/Fantastic_Village_Pack/materials/master_materials/M_Master_landscape.M_Master_landscape","49","0","0","13","39","Compiling M_Master_landscape: Platform=PCD3D_SM6, Usage=LightingModel=MSM_DefaultLit, BlendMode=BLEND_Opaque, SpecialEngine=0, TwoSided=0, TSNormal=1, Masked=0, Distorted=0, WritesEveryPixel=1, ModifiesMeshPosition=0, Usage={bUsedWithStaticLighting}, StaticTerrainLayer'Grass'=Weightmap0, StaticTerrainLayer'Gravel'=Weightmap0, StaticTerrainLayer'Gravel 2'=Weightmap0, StaticTerrainLayer'Pavingstone'=Weightmap0"
"/Game/Fantastic_Village_Pack/materials/master_materials/M_Master_opaque_emissive.M_Master_opaque_emissive","49","0","0","5","0","Compiling M_Master_opaque_emissive: Platform=PCD3D_SM6, Usage=LightingModel=MSM_DefaultLit, BlendMode=BLEND_Opaque, SpecialEngine=0, TwoSided=0, TSNormal=1, Masked=0, Distorted=0, WritesEveryPixel=1, ModifiesMeshPosition=0, Usage={bUsedWithStaticLighting}"
"/Engine/EngineMaterials/NaniteHiddenSectionMaterial.NaniteHiddenSectionMaterial","49","0","0","18","0","Compiling NaniteHiddenSectionMaterial: Platform=PCD3D_SM6, Usage=LightingModel=MSM_DefaultLit, BlendMode=BLEND_Opaque, SpecialEngine=0, TwoSided=1, TSNormal=1, Masked=0, Distorted=0, WritesEveryPixel=1, ModifiesMeshPosition=1, Usage={}"
"/Engine/EngineDebugMaterials/DebugMeshMaterial.DebugMeshMaterial","49","0","0","7","0","Compiling DebugMeshMaterial: Platform=PCD3D_SM6, Usage=LightingModel=MSM_Unlit, BlendMode=BLEND_TranslucentGreyTransmittance, SpecialEngine=0, TwoSided=1, TSNormal=1, Masked=0, Distorted=0, WritesEveryPixel=1, ModifiesMeshPosition=0, Usage={}"
"/Game/Fantastic_Village_Pack/materials/master_materials/M_Master_water.M_Master_water","49","0","0","12","0","Compiling M_Master_water: Platform=PCD3D_SM6, Usage=LightingModel=MSM_DefaultLit, BlendMode=BLEND_TranslucentGreyTransmittance, SpecialEngine=0, TwoSided=0, TSNormal=1, Masked=0, Distorted=0, WritesEveryPixel=1, ModifiesMeshPosition=0, Usage={bUsedWithStaticLighting}"
"/Game/WaterPlane/Translucent/Materials/M_TranslucentWater.M_TranslucentWater","49","12","12","12","48","Compiling M_TranslucentWater: Platform=PCD3D_SM6, Usage=LightingModel=MSM_DefaultLit, BlendMode=BLEND_TranslucentGreyTransmittance, SpecialEngine=0, TwoSided=0, TSNormal=1, Masked=0, Distorted=0, WritesEveryPixel=1, ModifiesMeshPosition=0, Usage={bUsedWithStaticLighting}"
"/Game/WaterPlane/Lake/Materials/M_LakeWater_01.M_LakeWater_01","49","5","5","5","20","Compiling M_LakeWater_01: Platform=PCD3D_SM6, Usage=LightingModel=MSM_DefaultLit, BlendMode=BLEND_Opaque, SpecialEngine=0, TwoSided=0, TSNormal=1, Masked=0, Distorted=0, WritesEveryPixel=1, ModifiesMeshPosition=0, Usage={bUsedWithStaticLighting}"
"/Game/DZ_Trees/Master_Materials/M_Leaves_Needles.M_Leaves_Needles","49","0","0","144","576","Compiling M_Leaves_Needles: Platform=PCD3D_SM6, Usage=LightingModel=MSM_TwoSidedFoliage, BlendMode=BLEND_Masked, SpecialEngine=0, TwoSided=1, TSNormal=1, Masked=1, Distorted=0, WritesEveryPixel=0, ModifiesMeshPosition=1, Usage={bUsedWithSkeletalMesh,bUsedWithStaticLighting,bUsedWithInstancedStaticMeshes,bUsedWithNanite}, StaticSwitch'Reduce Amount of Leaves?2-1'=False, StaticSwitch'Use Color Variation?2-1'=False, StaticSwitch'Use Dead Leaves?2-1'=False, StaticSwitch'Use Fall Setup?2-1'=False, StaticSwitch'Use Leaf Scaling?2-1'=False, StaticSwitch'Use Partly Colored Leaves2-1'=False, StaticSwitch'Use Snow?2-1'=False, StaticSwitch'Use Spring Setup?2-1'=False, StaticSwitch'Use Wetness?2-1'=False, StaticSwitch'Use Winter Setup? (Removes Leaves)2-1'=False, StaticSwitch'Wind Swing for Branches (Red Vertex)?2-1'=True, StaticSwitch'Wind Swing?2-1'=True"
"/Game/DZ_Trees/Master_Materials/M_Leaves_Needles_V2.M_Leaves_Needles_V2","49","0","0","126","126","Compiling M_Leaves_Needles_V2: Platform=PCD3D_SM6, Usage=LightingModel=MSM_TwoSidedFoliage, BlendMode=BLEND_Masked, SpecialEngine=0, TwoSided=1, TSNormal=1, Masked=1, Distorted=0, WritesEveryPixel=0, ModifiesMeshPosition=1, Usage={bUsedWithStaticLighting,bUsedWithInstancedStaticMeshes,bUsedWithNanite}, StaticSwitch'Reduce Amount of Leaves?2-1'=False, StaticSwitch'Use Color Variation?2-1'=False, StaticSwitch'Use Dead Leaves?2-1'=False, StaticSwitch'Use Directional Wind?2-1'=True, StaticSwitch'Use Fall Setup?2-1'=False, StaticSwitch'Use Partly Colored Leaves2-1'=False, StaticSwitch'Use Snow?2-1'=False, StaticSwitch'Use Spring Setup?2-1'=False, StaticSwitch'Use Wetness?2-1'=False, StaticSwitch'Use Winter Setup? (Removes Leaves)2-1'=False"
"/Game/DZ_Trees/Master_Materials/M_Palm_Leaves.M_Palm_Leaves","49","0","0","126","1008","Compiling M_Palm_Leaves: Platform=PCD3D_SM6, Usage=LightingModel=MSM_TwoSidedFoliage, BlendMode=BLEND_Masked, SpecialEngine=0, TwoSided=1, TSNormal=1, Masked=1, Distorted=0, WritesEveryPixel=0, ModifiesMeshPosition=1, Usage={bUsedWithStaticLighting,bUsedWithInstancedStaticMeshes,bUsedWithNanite}, StaticSwitch'Reduce Amount of Leaves?2-1'=False, StaticSwitch'Use Color Variation?2-1'=False, StaticSwitch'Use Dead Leaves?2-1'=False, StaticSwitch'Use Directional Wind?2-1'=True, StaticSwitch'Use Fall Setup?2-1'=False, StaticSwitch'Use Partly Colored Leaves2-1'=False, StaticSwitch'Use Snow?2-1'=False, StaticSwitch'Use Spring Setup?2-1'=False, StaticSwitch'Use Wetness?2-1'=False, StaticSwitch'Use Winter Setup? (Removes Leaves)2-1'=False"
"/Game/DZ_Trees/Master_Materials/M_Trunk_Branches.M_Trunk_Branches","49","0","0","76","152","Compiling M_Trunk_Branches: Platform=PCD3D_SM6, Usage=LightingModel=MSM_DefaultLit, BlendMode=BLEND_Opaque, SpecialEngine=0, TwoSided=0, TSNormal=1, Masked=0, Distorted=0, WritesEveryPixel=0, ModifiesMeshPosition=1, Usage={bUsedWithSkeletalMesh,bUsedWithStaticLighting,bUsedWithInstancedStaticMeshes,bUsedWithNanite}, StaticSwitch'Use AO Map?2-1'=False, StaticSwitch'Use Bark 2 heightmap for blending?2-1'=False, StaticSwitch'Use Inverted Blending?2-1'=False, StaticSwitch'Use Lichen?2-1'=False, StaticSwitch'Use Moss/Lichen?2-1'=False, StaticSwitch'Use Peeled Bark?2-1'=False, StaticSwitch'Use Roughness Map?2-1'=False, StaticSwitch'Use Snow?2-1'=False, StaticSwitch'Use Two Barks in Trunk?2-1'=False, StaticSwitch'Use Wetness?2-1'=False, StaticSwitch'Wind Swing for Branches (Red Vertex)?2-1'=True, StaticSwitch'Wind Swing?2-1'=True"
"/Game/DZ_Trees/Master_Materials/M_Trunk_Branches.M_Trunk_Branches","49","70","0","76","76","Compiling M_Trunk_Branches: Platform=PCD3D_SM6, Usage=LightingModel=MSM_DefaultLit, BlendMode=BLEND_Opaque, SpecialEngine=0, TwoSided=0, TSNormal=1, Masked=0, Distorted=0, WritesEveryPixel=0, ModifiesMeshPosition=1, Usage={bUsedWithSkeletalMesh,bUsedWithStaticLighting,bUsedWithInstancedStaticMeshes,bUsedWithNanite}, StaticSwitch'Use AO Map?2-1'=False, StaticSwitch'Use Bark 2 heightmap for blending?2-1'=False, StaticSwitch'Use Inverted Blending?2-1'=False, StaticSwitch'Use Lichen?2-1'=False, StaticSwitch'Use Moss/Lichen?2-1'=True, StaticSwitch'Use Peeled Bark?2-1'=False, StaticSwitch'Use Roughness Map?2-1'=False, StaticSwitch'Use Snow?2-1'=False, StaticSwitch'Use Two Barks in Trunk?2-1'=True, StaticSwitch'Use Wetness?2-1'=False, StaticSwitch'Wind Swing for Branches (Red Vertex)?2-1'=True, StaticSwitch'Wind Swing?2-1'=True"
"/Game/DZ_Trees/Master_Materials/M_Trunk_Branches.M_Trunk_Branches","49","70","0","76","76","Compiling M_Trunk_Branches: Platform=PCD3D_SM6, Usage=LightingModel=MSM_DefaultLit, BlendMode=BLEND_Opaque, SpecialEngine=0, TwoSided=0, TSNormal=1, Masked=0, Distorted=0, WritesEveryPixel=0, ModifiesMeshPosition=1, Usage={bUsedWithSkeletalMesh,bUsedWithStaticLighting,bUsedWithInstancedStaticMeshes,bUsedWithNanite}, StaticSwitch'Use AO Map?2-1'=False, StaticSwitch'Use Bark 2 heightmap for blending?2-1'=False, StaticSwitch'Use Inverted Blending?2-1'=True, StaticSwitch'Use Lichen?2-1'=False, StaticSwitch'Use Moss/Lichen?2-1'=True, StaticSwitch'Use Peeled Bark?2-1'=False, StaticSwitch'Use Roughness Map?2-1'=False, StaticSwitch'Use Snow?2-1'=False, StaticSwitch'Use Two Barks in Trunk?2-1'=True, StaticSwitch'Use Wetness?2-1'=False, StaticSwitch'Wind Swing for Branches (Red Vertex)?2-1'=True, StaticSwitch'Wind Swing?2-1'=True"
"/Game/DZ_Trees/Master_Materials/M_Trunk_Branches.M_Trunk_Branches","49","70","0","76","76","Compiling M_Trunk_Branches: Platform=PCD3D_SM6, Usage=LightingModel=MSM_DefaultLit, BlendMode=BLEND_Opaque, SpecialEngine=0, TwoSided=0, TSNormal=1, Masked=0, Distorted=0, WritesEveryPixel=0, ModifiesMeshPosition=1, Usage={bUsedWithSkeletalMesh,bUsedWithStaticLighting,bUsedWithInstancedStaticMeshes,bUsedWithNanite}, StaticSwitch'Use AO Map?2-1'=False, StaticSwitch'Use Bark 2 heightmap for blending?2-1'=False, StaticSwitch'Use Inverted Blending?2-1'=False, StaticSwitch'Use Lichen?2-1'=False, StaticSwitch'Use Moss/Lichen?2-1'=True, StaticSwitch'Use Peeled Bark?2-1'=False, StaticSwitch'Use Roughness Map?2-1'=False, StaticSwitch'Use Snow?2-1'=False, StaticSwitch'Use Two Barks in Trunk?2-1'=False, StaticSwitch'Use Wetness?2-1'=False, StaticSwitch'Wind Swing for Branches (Red Vertex)?2-1'=True, StaticSwitch'Wind Swing?2-1'=True"
"/Game/DZ_Trees/Master_Materials/M_Trunk_Branches.M_Trunk_Branches","49","0","0","76","0","Compiling M_Trunk_Branches: Platform=PCD3D_SM6, Usage=LightingModel=MSM_DefaultLit, BlendMode=BLEND_Opaque, SpecialEngine=0, TwoSided=0, TSNormal=1, Masked=0, Distorted=0, WritesEveryPixel=0, ModifiesMeshPosition=1, Usage={bUsedWithSkeletalMesh,bUsedWithStaticLighting,bUsedWithInstancedStaticMeshes,bUsedWithNanite}, StaticSwitch'Use AO Map?2-1'=False, StaticSwitch'Use Bark 2 heightmap for blending?2-1'=False, StaticSwitch'Use Inverted Blending?2-1'=True, StaticSwitch'Use Lichen?2-1'=False, StaticSwitch'Use Moss/Lichen?2-1'=False, StaticSwitch'Use Peeled Bark?2-1'=False, StaticSwitch'Use Roughness Map?2-1'=False, StaticSwitch'Use Snow?2-1'=False, StaticSwitch'Use Two Barks in Trunk?2-1'=False, StaticSwitch'Use Wetness?2-1'=False, StaticSwitch'Wind Swing for Branches (Red Vertex)?2-1'=True, StaticSwitch'Wind Swing?2-1'=True"
"/Game/MuzzleFlash/Demo/LevelPrototyping/Materials/M_PrototypeGrid.M_PrototypeGrid","49","0","0","10","10","Compiling M_PrototypeGrid: Platform=PCD3D_SM6, Usage=LightingModel=MSM_DefaultLit, BlendMode=BLEND_Opaque, SpecialEngine=0, TwoSided=0, TSNormal=1, Masked=0, Distorted=0, WritesEveryPixel=1, ModifiesMeshPosition=0, Usage={bUsedWithStaticLighting,bUsedWithInstancedStaticMeshes}, StaticSwitch'ObjectAligned2-1'=False, StaticSwitch'TopSurfaceColor2-1'=False"
"/Game/MuzzleFlash/Demo/LevelPrototyping/Materials/M_PrototypeGrid.M_PrototypeGrid","49","10","0","10","10","Compiling M_PrototypeGrid: Platform=PCD3D_SM6, Usage=LightingModel=MSM_DefaultLit, BlendMode=BLEND_Opaque, SpecialEngine=0, TwoSided=0, TSNormal=1, Masked=0, Distorted=0, WritesEveryPixel=1, ModifiesMeshPosition=0, Usage={bUsedWithStaticLighting,bUsedWithInstancedStaticMeshes}, StaticSwitch'ObjectAligned2-1'=True, StaticSwitch'TopSurfaceColor2-1'=True"
"/Game/MuzzleFlash/Demo/LevelPrototyping/Materials/M_PrototypeGrid.M_PrototypeGrid","49","10","0","10","10","Compiling M_PrototypeGrid: Platform=PCD3D_SM6, Usage=LightingModel=MSM_DefaultLit, BlendMode=BLEND_Opaque, SpecialEngine=0, TwoSided=0, TSNormal=1, Masked=0, Distorted=0, WritesEveryPixel=1, ModifiesMeshPosition=0, Usage={bUsedWithStaticLighting,bUsedWithInstancedStaticMeshes}, StaticSwitch'ObjectAligned2-1'=True, StaticSwitch'TopSurfaceColor2-1'=False"
"/Game/LevelPrototyping/Materials/M_PrototypeGrid.M_PrototypeGrid","49","13","0","10","36","Compiling M_PrototypeGrid: Platform=PCD3D_SM6, Usage=LightingModel=MSM_DefaultLit, BlendMode=BLEND_Opaque, SpecialEngine=0, TwoSided=0, TSNormal=1, Masked=0, Distorted=0, WritesEveryPixel=1, ModifiesMeshPosition=0, Usage={bUsedWithStaticLighting,bUsedWithInstancedStaticMeshes}, StaticSwitch'ObjectAligned2-1'=False, StaticSwitch'TopSurfaceColor2-1'=False"
"/Game/LevelPrototyping/Materials/M_PrototypeGrid.M_PrototypeGrid","49","10","0","10","10","Compiling M_PrototypeGrid: Platform=PCD3D_SM6, Usage=LightingModel=MSM_DefaultLit, BlendMode=BLEND_Opaque, SpecialEngine=0, TwoSided=0, TSNormal=1, Masked=0, Distorted=0, WritesEveryPixel=1, ModifiesMeshPosition=0, Usage={bUsedWithStaticLighting,bUsedWithInstancedStaticMeshes}, StaticSwitch'ObjectAligned2-1'=True, StaticSwitch'TopSurfaceColor2-1'=True"
"/Game/LevelPrototyping/Materials/M_PrototypeGrid.M_PrototypeGrid","49","10","0","10","10","Compiling M_PrototypeGrid: Platform=PCD3D_SM6, Usage=LightingModel=MSM_DefaultLit, BlendMode=BLEND_Opaque, SpecialEngine=0, TwoSided=0, TSNormal=1, Masked=0, Distorted=0, WritesEveryPixel=1, ModifiesMeshPosition=0, Usage={bUsedWithStaticLighting,bUsedWithInstancedStaticMeshes}, StaticSwitch'ObjectAligned2-1'=True, StaticSwitch'TopSurfaceColor2-1'=False"
"/Game/DZ_Trees/Master_Materials/M_Palm_Trunk_Branches.M_Palm_Trunk_Branches","49","0","0","76","152","Compiling M_Palm_Trunk_Branches: Platform=PCD3D_SM6, Usage=LightingModel=MSM_DefaultLit, BlendMode=BLEND_Opaque, SpecialEngine=0, TwoSided=0, TSNormal=1, Masked=0, Distorted=0, WritesEveryPixel=0, ModifiesMeshPosition=1, Usage={bUsedWithSkeletalMesh,bUsedWithStaticLighting,bUsedWithInstancedStaticMeshes,bUsedWithNanite}, StaticSwitch'Use AO Map?2-1'=False, StaticSwitch'Use Bark 2 heightmap for blending?2-1'=False, StaticSwitch'Use Directional Wind?2-1'=True, StaticSwitch'Use Inverted Blending?2-1'=False, StaticSwitch'Use Lichen?2-1'=False, StaticSwitch'Use Moss/Lichen? (as default, palm trees use different effects)2-1'=False, StaticSwitch'Use Peeled Bark?2-1'=False, StaticSwitch'Use Roughness Map?2-1'=False, StaticSwitch'Use Snow?2-1'=False, StaticSwitch'Use Two Barks in Trunk?2-1'=False, StaticSwitch'Use Wetness?2-1'=False"
"/Game/DZ_Trees/Master_Materials/M_Palm_Trunk_Branches.M_Palm_Trunk_Branches","49","70","0","76","76","Compiling M_Palm_Trunk_Branches: Platform=PCD3D_SM6, Usage=LightingModel=MSM_DefaultLit, BlendMode=BLEND_Opaque, SpecialEngine=0, TwoSided=0, TSNormal=1, Masked=0, Distorted=0, WritesEveryPixel=0, ModifiesMeshPosition=1, Usage={bUsedWithSkeletalMesh,bUsedWithStaticLighting,bUsedWithInstancedStaticMeshes,bUsedWithNanite}, StaticSwitch'Use AO Map?2-1'=False, StaticSwitch'Use Bark 2 heightmap for blending?2-1'=False, StaticSwitch'Use Directional Wind?2-1'=True, StaticSwitch'Use Inverted Blending?2-1'=False, StaticSwitch'Use Lichen?2-1'=True, StaticSwitch'Use Moss/Lichen? (as default, palm trees use different effects)2-1'=True, StaticSwitch'Use Peeled Bark?2-1'=False, StaticSwitch'Use Roughness Map?2-1'=False, StaticSwitch'Use Snow?2-1'=False, StaticSwitch'Use Two Barks in Trunk?2-1'=False, StaticSwitch'Use Wetness?2-1'=False"
"/Game/DZ_Trees/Master_Materials/M_Palm_Trunk_Branches.M_Palm_Trunk_Branches","49","70","0","76","76","Compiling M_Palm_Trunk_Branches: Platform=PCD3D_SM6, Usage=LightingModel=MSM_DefaultLit, BlendMode=BLEND_Opaque, SpecialEngine=0, TwoSided=0, TSNormal=1, Masked=0, Distorted=0, WritesEveryPixel=0, ModifiesMeshPosition=1, Usage={bUsedWithSkeletalMesh,bUsedWithStaticLighting,bUsedWithInstancedStaticMeshes,bUsedWithNanite}, StaticSwitch'Use AO Map?2-1'=False, StaticSwitch'Use Bark 2 heightmap for blending?2-1'=False, StaticSwitch'Use Directional Wind?2-1'=True, StaticSwitch'Use Inverted Blending?2-1'=False, StaticSwitch'Use Lichen?2-1'=False, StaticSwitch'Use Moss/Lichen? (as default, palm trees use different effects)2-1'=True, StaticSwitch'Use Peeled Bark?2-1'=False, StaticSwitch'Use Roughness Map?2-1'=False, StaticSwitch'Use Snow?2-1'=False, StaticSwitch'Use Two Barks in Trunk?2-1'=True, StaticSwitch'Use Wetness?2-1'=False"
"/Game/DZ_Trees/Master_Materials/M_Palm_Trunk_Branches.M_Palm_Trunk_Branches","49","0","0","76","0","Compiling M_Palm_Trunk_Branches: Platform=PCD3D_SM6, Usage=LightingModel=MSM_DefaultLit, BlendMode=BLEND_Opaque, SpecialEngine=0, TwoSided=0, TSNormal=1, Masked=0, Distorted=0, WritesEveryPixel=0, ModifiesMeshPosition=1, Usage={bUsedWithSkeletalMesh,bUsedWithStaticLighting,bUsedWithInstancedStaticMeshes,bUsedWithNanite}, StaticSwitch'Use AO Map?2-1'=False, StaticSwitch'Use Bark 2 heightmap for blending?2-1'=False, StaticSwitch'Use Directional Wind?2-1'=True, StaticSwitch'Use Inverted Blending?2-1'=False, StaticSwitch'Use Lichen?2-1'=False, StaticSwitch'Use Moss/Lichen? (as default, palm trees use different effects)2-1'=True, StaticSwitch'Use Peeled Bark?2-1'=False, StaticSwitch'Use Roughness Map?2-1'=False, StaticSwitch'Use Snow?2-1'=False, StaticSwitch'Use Two Barks in Trunk?2-1'=False, StaticSwitch'Use Wetness?2-1'=False"
"/Interchange/gltf/M_Unlit.M_Unlit","49","0","0","6","0","Compiling M_Unlit: Platform=PCD3D_SM6, Usage=LightingModel=MSM_Unlit, BlendMode=BLEND_Opaque, SpecialEngine=0, TwoSided=0, TSNormal=1, Masked=0, Distorted=0, WritesEveryPixel=1, ModifiesMeshPosition=0, Usage={bUsedWithSkeletalMesh}"
"/Interchange/gltf/M_Unlit.M_Unlit","49","20","0","20","20","Compiling M_Unlit: Platform=PCD3D_SM6, Usage=LightingModel=MSM_Unlit, BlendMode=BLEND_TranslucentGreyTransmittance, SpecialEngine=0, TwoSided=1, TSNormal=1, Masked=0, Distorted=0, WritesEveryPixel=1, ModifiesMeshPosition=0, Usage={bUsedWithSkeletalMesh}"
"/Interchange/gltf/M_Unlit.M_Unlit","49","32","0","36","36","Compiling M_Unlit: Platform=PCD3D_SM6, Usage=LightingModel=MSM_Unlit, BlendMode=BLEND_Masked, SpecialEngine=0, TwoSided=1, TSNormal=1, Masked=1, Distorted=0, WritesEveryPixel=0, ModifiesMeshPosition=0, Usage={bUsedWithSkeletalMesh}"
"/Interchange/gltf/M_Unlit.M_Unlit","49","12","0","14","14","Compiling M_Unlit: Platform=PCD3D_SM6, Usage=LightingModel=MSM_Unlit, BlendMode=BLEND_Opaque, SpecialEngine=0, TwoSided=1, TSNormal=1, Masked=0, Distorted=0, WritesEveryPixel=1, ModifiesMeshPosition=0, Usage={bUsedWithSkeletalMesh}"
"/Interchange/gltf/M_Unlit.M_Unlit","49","16","0","16","16","Compiling M_Unlit: Platform=PCD3D_SM6, Usage=LightingModel=MSM_Unlit, BlendMode=BLEND_TranslucentGreyTransmittance, SpecialEngine=0, TwoSided=0, TSNormal=1, Masked=0, Distorted=0, WritesEveryPixel=1, ModifiesMeshPosition=0, Usage={bUsedWithSkeletalMesh}"
"/Interchange/gltf/M_Unlit.M_Unlit","49","32","0","36","36","Compiling M_Unlit: Platform=PCD3D_SM6, Usage=LightingModel=MSM_Unlit, BlendMode=BLEND_Masked, SpecialEngine=0, TwoSided=0, TSNormal=1, Masked=1, Distorted=0, WritesEveryPixel=0, ModifiesMeshPosition=0, Usage={bUsedWithSkeletalMesh}"
"/Game/MVP_Resources/FirstPersonArms/Character/Materials/M_Mannequin.M_Mannequin","49","0","0","8","16","Compiling M_Mannequin: Platform=PCD3D_SM6, Usage=LightingModel=MSM_SubsurfaceProfile, BlendMode=BLEND_Opaque, SpecialEngine=0, TwoSided=0, TSNormal=1, Masked=0, Distorted=0, WritesEveryPixel=1, ModifiesMeshPosition=0, Usage={bUsedWithSkeletalMesh}, StaticSwitch'UseLogo2-1'=False"
"/Game/MVP_Resources/FirstPersonArms/Character/Materials/M_Mannequin.M_Mannequin","49","8","0","8","8","Compiling M_Mannequin: Platform=PCD3D_SM6, Usage=LightingModel=MSM_SubsurfaceProfile, BlendMode=BLEND_Opaque, SpecialEngine=0, TwoSided=0, TSNormal=1, Masked=0, Distorted=0, WritesEveryPixel=1, ModifiesMeshPosition=0, Usage={bUsedWithSkeletalMesh}, StaticSwitch'UseLogo2-1'=True"
"/Game/Characters/Mannequins/Materials/M_Mannequin.M_Mannequin","49","0","0","8","8","Compiling M_Mannequin: Platform=PCD3D_SM6, Usage=LightingModel=MSM_SubsurfaceProfile, BlendMode=BLEND_Opaque, SpecialEngine=0, TwoSided=0, TSNormal=1, Masked=0, Distorted=0, WritesEveryPixel=1, ModifiesMeshPosition=0, Usage={bUsedWithSkeletalMesh}, StaticSwitch'UseLogo2-1'=False"
"/Game/Characters/Mannequins/Materials/M_Mannequin.M_Mannequin","49","8","0","8","8","Compiling M_Mannequin: Platform=PCD3D_SM6, Usage=LightingModel=MSM_SubsurfaceProfile, BlendMode=BLEND_Opaque, SpecialEngine=0, TwoSided=0, TSNormal=1, Masked=0, Distorted=0, WritesEveryPixel=1, ModifiesMeshPosition=0, Usage={bUsedWithSkeletalMesh}, StaticSwitch'UseLogo2-1'=True"
"/Game/WaterPlane/Ocean/Materials/M_OceanWater_1.M_OceanWater_1","49","5","10","5","25","Compiling M_OceanWater_1: Platform=PCD3D_SM6, Usage=LightingModel=MSM_DefaultLit, BlendMode=BLEND_Opaque, SpecialEngine=0, TwoSided=0, TSNormal=1, Masked=0, Distorted=0, WritesEveryPixel=1, ModifiesMeshPosition=0, Usage={bUsedWithStaticLighting}, StaticSwitch'Add Reflection Map2-1'=False, StaticSwitch'Add Sea Foam2-1'=True"
"/Game/WaterPlane/Ocean/Materials/M_OceanWater_1.M_OceanWater_1","49","0","0","5","10","Compiling M_OceanWater_1: Platform=PCD3D_SM6, Usage=LightingModel=MSM_DefaultLit, BlendMode=BLEND_Opaque, SpecialEngine=0, TwoSided=0, TSNormal=1, Masked=0, Distorted=0, WritesEveryPixel=1, ModifiesMeshPosition=0, Usage={bUsedWithStaticLighting}, StaticSwitch'Add Reflection Map2-1'=False, StaticSwitch'Add Sea Foam2-1'=False"
"/Game/DZ_Trees/Master_Materials/M_Trunk_Branches_V2.M_Trunk_Branches_V2","49","70","0","76","76","Compiling M_Trunk_Branches_V2: Platform=PCD3D_SM6, Usage=LightingModel=MSM_DefaultLit, BlendMode=BLEND_Opaque, SpecialEngine=0, TwoSided=0, TSNormal=1, Masked=0, Distorted=0, WritesEveryPixel=0, ModifiesMeshPosition=1, Usage={bUsedWithSkeletalMesh,bUsedWithStaticLighting,bUsedWithInstancedStaticMeshes,bUsedWithNanite}, StaticSwitch'Use AO Map?2-1'=False, StaticSwitch'Use Bark 2 heightmap for blending?2-1'=True, StaticSwitch'Use Directional Wind?2-1'=True, StaticSwitch'Use Inverted Blending?2-1'=False, StaticSwitch'Use Lichen?2-1'=False, StaticSwitch'Use Moss/Lichen?2-1'=True, StaticSwitch'Use Peeled Bark?2-1'=True, StaticSwitch'Use Roughness Map?2-1'=False, StaticSwitch'Use Snow?2-1'=False, StaticSwitch'Use Two Barks in Trunk?2-1'=True, StaticSwitch'Use Wetness?2-1'=False"
"/Game/DZ_Trees/Master_Materials/M_Trunk_Branches_V2.M_Trunk_Branches_V2","49","70","0","76","76","Compiling M_Trunk_Branches_V2: Platform=PCD3D_SM6, Usage=LightingModel=MSM_DefaultLit, BlendMode=BLEND_Opaque, SpecialEngine=0, TwoSided=0, TSNormal=1, Masked=0, Distorted=0, WritesEveryPixel=0, ModifiesMeshPosition=1, Usage={bUsedWithSkeletalMesh,bUsedWithStaticLighting,bUsedWithInstancedStaticMeshes,bUsedWithNanite}, StaticSwitch'Use AO Map?2-1'=False, StaticSwitch'Use Bark 2 heightmap for blending?2-1'=True, StaticSwitch'Use Directional Wind?2-1'=True, StaticSwitch'Use Inverted Blending?2-1'=False, StaticSwitch'Use Lichen?2-1'=False, StaticSwitch'Use Moss/Lichen?2-1'=True, StaticSwitch'Use Peeled Bark?2-1'=True, StaticSwitch'Use Roughness Map?2-1'=False, StaticSwitch'Use Snow?2-1'=False, StaticSwitch'Use Two Barks in Trunk?2-1'=False, StaticSwitch'Use Wetness?2-1'=False"
"/Game/DZ_Trees/Master_Materials/M_Trunk_Branches_V2.M_Trunk_Branches_V2","49","70","0","76","76","Compiling M_Trunk_Branches_V2: Platform=PCD3D_SM6, Usage=LightingModel=MSM_DefaultLit, BlendMode=BLEND_Opaque, SpecialEngine=0, TwoSided=0, TSNormal=1, Masked=0, Distorted=0, WritesEveryPixel=0, ModifiesMeshPosition=1, Usage={bUsedWithSkeletalMesh,bUsedWithStaticLighting,bUsedWithInstancedStaticMeshes,bUsedWithNanite}, StaticSwitch'Use AO Map?2-1'=False, StaticSwitch'Use Bark 2 heightmap for blending?2-1'=True, StaticSwitch'Use Directional Wind?2-1'=True, StaticSwitch'Use Inverted Blending?2-1'=False, StaticSwitch'Use Lichen?2-1'=False, StaticSwitch'Use Moss/Lichen?2-1'=True, StaticSwitch'Use Peeled Bark?2-1'=False, StaticSwitch'Use Roughness Map?2-1'=False, StaticSwitch'Use Snow?2-1'=False, StaticSwitch'Use Two Barks in Trunk?2-1'=False, StaticSwitch'Use Wetness?2-1'=False"
"/Game/DZ_Trees/Master_Materials/M_Trunk_Branches_V2.M_Trunk_Branches_V2","49","0","0","76","0","Compiling M_Trunk_Branches_V2: Platform=PCD3D_SM6, Usage=LightingModel=MSM_DefaultLit, BlendMode=BLEND_Opaque, SpecialEngine=0, TwoSided=0, TSNormal=1, Masked=0, Distorted=0, WritesEveryPixel=0, ModifiesMeshPosition=1, Usage={bUsedWithSkeletalMesh,bUsedWithStaticLighting,bUsedWithInstancedStaticMeshes,bUsedWithNanite}, StaticSwitch'Use AO Map?2-1'=False, StaticSwitch'Use Bark 2 heightmap for blending?2-1'=False, StaticSwitch'Use Directional Wind?2-1'=True, StaticSwitch'Use Inverted Blending?2-1'=False, StaticSwitch'Use Lichen?2-1'=False, StaticSwitch'Use Moss/Lichen?2-1'=False, StaticSwitch'Use Peeled Bark?2-1'=False, StaticSwitch'Use Roughness Map?2-1'=False, StaticSwitch'Use Snow?2-1'=False, StaticSwitch'Use Two Barks in Trunk?2-1'=False, StaticSwitch'Use Wetness?2-1'=False"
"/Game/DZ_Trees/Master_Materials/M_Trunk_Branches_V2.M_Trunk_Branches_V2","49","0","0","76","76","Compiling M_Trunk_Branches_V2: Platform=PCD3D_SM6, Usage=LightingModel=MSM_DefaultLit, BlendMode=BLEND_Opaque, SpecialEngine=0, TwoSided=0, TSNormal=1, Masked=0, Distorted=0, WritesEveryPixel=0, ModifiesMeshPosition=1, Usage={bUsedWithSkeletalMesh,bUsedWithStaticLighting,bUsedWithInstancedStaticMeshes,bUsedWithNanite}, StaticSwitch'Use AO Map?2-1'=False, StaticSwitch'Use Bark 2 heightmap for blending?2-1'=True, StaticSwitch'Use Directional Wind?2-1'=True, StaticSwitch'Use Inverted Blending?2-1'=False, StaticSwitch'Use Lichen?2-1'=False, StaticSwitch'Use Moss/Lichen?2-1'=False, StaticSwitch'Use Peeled Bark?2-1'=False, StaticSwitch'Use Roughness Map?2-1'=False, StaticSwitch'Use Snow?2-1'=False, StaticSwitch'Use Two Barks in Trunk?2-1'=False, StaticSwitch'Use Wetness?2-1'=False"
"/SpeedTreeImporter/SpeedTree9/SpeedTreeBillboardMaster.SpeedTreeBillboardMaster","49","36","0","40","40","Compiling SpeedTreeBillboardMaster: Platform=PCD3D_SM6, Usage=LightingModel=MSM_TwoSidedFoliage, BlendMode=BLEND_Masked, SpecialEngine=0, TwoSided=0, TSNormal=1, Masked=1, Distorted=0, WritesEveryPixel=0, ModifiesMeshPosition=1, Usage={bUsedWithInstancedStaticMeshes}, StaticSwitch'SharedEnable2-1'=True"
"/SpeedTreeImporter/SpeedTree9/SpeedTreeMaster.SpeedTreeMaster","49","36","0","40","40","Compiling SpeedTreeMaster: Platform=PCD3D_SM6, Usage=LightingModel=MSM_TwoSidedFoliage, BlendMode=BLEND_Masked, SpecialEngine=0, TwoSided=1, TSNormal=1, Masked=1, Distorted=0, WritesEveryPixel=0, ModifiesMeshPosition=1, Usage={bUsedWithStaticLighting,bUsedWithInstancedStaticMeshes}, StaticSwitch'Branch1Enable2-1'=True, StaticSwitch'Branch2Enable2-1'=False, StaticSwitch'FlipBacksideNormals2-1'=True, StaticSwitch'HandleCameraFacing2-1'=False, StaticSwitch'HasBranch2Data_Internal2-1'=False, StaticSwitch'RippleEnable2-1'=True, StaticSwitch'RippleShimmerEnable2-1'=False, StaticSwitch'SharedEnable2-1'=True"
"/Engine/OpenWorldTemplate/LandscapeMaterial/M_ProcGrid.M_ProcGrid","49","10","0","10","10","Compiling M_ProcGrid: Platform=PCD3D_SM6, Usage=LightingModel=MSM_DefaultLit, BlendMode=BLEND_Opaque, SpecialEngine=0, TwoSided=0, TSNormal=1, Masked=0, Distorted=0, WritesEveryPixel=1, ModifiesMeshPosition=0, Usage={bUsedWithNanite}, StaticSwitch'Enable Side Tint2-1'=False, StaticSwitch'ObjectAligned2-1'=True, StaticSwitch'Tri-Planar (Or Uni-Planar)2-1'=True, StaticSwitch'Water Level Tint2-1'=False"
"/Engine/OpenWorldTemplate/LandscapeMaterial/M_ProcGrid.M_ProcGrid","49","0","0","10","0","Compiling M_ProcGrid: Platform=PCD3D_SM6, Usage=LightingModel=MSM_DefaultLit, BlendMode=BLEND_Opaque, SpecialEngine=0, TwoSided=0, TSNormal=1, Masked=0, Distorted=0, WritesEveryPixel=1, ModifiesMeshPosition=0, Usage={bUsedWithNanite}, StaticSwitch'Enable Side Tint2-1'=True, StaticSwitch'ObjectAligned2-1'=False, StaticSwitch'Tri-Planar (Or Uni-Planar)2-1'=False, StaticSwitch'Water Level Tint2-1'=True"
"/Fab/Materials/Standard/M_MS_Foliage.M_MS_Foliage","49","122","244","126","630","Compiling M_MS_Foliage: Platform=PCD3D_SM6, Usage=LightingModel=MSM_TwoSidedFoliage, BlendMode=BLEND_Masked, SpecialEngine=0, TwoSided=1, TSNormal=1, Masked=1, Distorted=0, WritesEveryPixel=0, ModifiesMeshPosition=1, Usage={bUsedWithInstancedStaticMeshes,bUsedWithNanite}, StaticSwitch'add Translucency Effect2-1'=False, StaticSwitch'change Roughness of Backside2-1'=False, StaticSwitch'change Roughness via Health2-1'=False, StaticSwitch'change Roughness via Height2-1'=False, StaticSwitch'Debug Branch Mask2-1'=False, StaticSwitch'disable Billboard Wind Animation2-1'=True, StaticSwitch'disable Wind Animation2-1'=False, StaticSwitch'is Billboard2-1'=False, StaticSwitch'is Hanging Plant2-1'=False, StaticSwitch'mask Branches Color Variation2-1'=True, StaticSwitch'mask Branches Health2-1'=False, StaticSwitch'mask out Twigs2-1'=True, StaticSwitch'primary Animation2-1'=True, StaticSwitch'randomize Health Effect2-1'=False, StaticSwitch'randomize per Plant Part2-1'=False, StaticSwitch'secondary Animation2-1'=False, StaticSwitch'Split Base Color Controls2-1'=False, StaticSwitch'Split Translucency Controls2-1'=False, StaticSwitch'Tint Base Color2-1'=False, StaticSwitch'Tint Leaf Backside2-1'=False, StaticSwitch'Tint Translucency2-1'=False, StaticSwitch'use advanced Billboard Translucency2-1'=False, StaticSwitch'use Color Variations2-1'=False, StaticSwitch'Use Distance Based Opacity2-1'=False, StaticSwitch'use Distance Based WPO Fade2-1'=False, StaticSwitch'use Gradient Branch Mask2-1'=False, StaticSwitch'use Growth Effect2-1'=False, StaticSwitch'use Seasons2-1'=False, StaticSwitch'use simplified Wind2-1'=True"
"/Fab/Materials/Standard/M_MS_Foliage.M_MS_Foliage","49","52","104","54","270","Compiling M_MS_Foliage: Platform=PCD3D_SM6, Usage=LightingModel=MSM_TwoSidedFoliage, BlendMode=BLEND_Opaque, SpecialEngine=0, TwoSided=1, TSNormal=1, Masked=0, Distorted=0, WritesEveryPixel=1, ModifiesMeshPosition=1, Usage={bUsedWithInstancedStaticMeshes,bUsedWithNanite}, StaticSwitch'add Translucency Effect2-1'=False, StaticSwitch'change Roughness of Backside2-1'=False, StaticSwitch'change Roughness via Health2-1'=False, StaticSwitch'change Roughness via Height2-1'=False, StaticSwitch'Debug Branch Mask2-1'=False, StaticSwitch'disable Billboard Wind Animation2-1'=True, StaticSwitch'disable Wind Animation2-1'=False, StaticSwitch'is Billboard2-1'=False, StaticSwitch'is Hanging Plant2-1'=False, StaticSwitch'mask Branches Color Variation2-1'=True, StaticSwitch'mask Branches Health2-1'=False, StaticSwitch'mask out Twigs2-1'=True, StaticSwitch'primary Animation2-1'=True, StaticSwitch'randomize Health Effect2-1'=False, StaticSwitch'randomize per Plant Part2-1'=False, StaticSwitch'secondary Animation2-1'=False, StaticSwitch'Split Base Color Controls2-1'=False, StaticSwitch'Split Translucency Controls2-1'=False, StaticSwitch'Tint Base Color2-1'=False, StaticSwitch'Tint Leaf Backside2-1'=True, StaticSwitch'Tint Translucency2-1'=True, StaticSwitch'use advanced Billboard Translucency2-1'=False, StaticSwitch'use Color Variations2-1'=False, StaticSwitch'Use Distance Based Opacity2-1'=False, StaticSwitch'use Distance Based WPO Fade2-1'=False, StaticSwitch'use Gradient Branch Mask2-1'=False, StaticSwitch'use Growth Effect2-1'=False, StaticSwitch'use Seasons2-1'=False, StaticSwitch'use simplified Wind2-1'=True"
"/Avalanche/ToolboxResources/M_Toolbox_Translucent_Unlit.M_Toolbox_Translucent_Unlit","49","8","0","8","8","Compiling M_Toolbox_Translucent_Unlit: Platform=PCD3D_SM6, Usage=LightingModel=MSM_Unlit, BlendMode=BLEND_TranslucentGreyTransmittance, SpecialEngine=0, TwoSided=0, TSNormal=1, Masked=0, Distorted=0, WritesEveryPixel=1, ModifiesMeshPosition=0, Usage={bUsedWithNiagaraMeshParticles}"
"/Avalanche/ToolboxResources/M_Toolbox_Opaque_Unlit.M_Toolbox_Opaque_Unlit","49","6","0","6","6","Compiling M_Toolbox_Opaque_Unlit: Platform=PCD3D_SM6, Usage=LightingModel=MSM_Unlit, BlendMode=BLEND_Opaque, SpecialEngine=0, TwoSided=0, TSNormal=1, Masked=0, Distorted=0, WritesEveryPixel=1, ModifiesMeshPosition=0, Usage={bUsedWithNiagaraMeshParticles}"
"/Avalanche/ToolboxResources/M_Toolbox_Translucent_Lit.M_Toolbox_Translucent_Lit","49","24","0","26","26","Compiling M_Toolbox_Translucent_Lit: Platform=PCD3D_SM6, Usage=LightingModel=MSM_DefaultLit, BlendMode=BLEND_TranslucentGreyTransmittance, SpecialEngine=0, TwoSided=0, TSNormal=1, Masked=0, Distorted=0, WritesEveryPixel=1, ModifiesMeshPosition=0, Usage={bUsedWithNiagaraMeshParticles}"
"/Avalanche/ToolboxResources/M_Toolbox_Opaque_Lit.M_Toolbox_Opaque_Lit","49","8","0","8","8","Compiling M_Toolbox_Opaque_Lit: Platform=PCD3D_SM6, Usage=LightingModel=MSM_DefaultLit, BlendMode=BLEND_Opaque, SpecialEngine=0, TwoSided=0, TSNormal=1, Masked=0, Distorted=0, WritesEveryPixel=1, ModifiesMeshPosition=0, Usage={bUsedWithNiagaraMeshParticles}"
"/Game/MSPresets/MS_Foliage_Material/MasterMaterials/MA_Foliage.MA_Foliage","49","122","244","126","630","Compiling MA_Foliage: Platform=PCD3D_SM6, Usage=LightingModel=MSM_DefaultLit|MSM_TwoSidedFoliage, BlendMode=BLEND_Masked, SpecialEngine=0, TwoSided=1, TSNormal=1, Masked=1, Distorted=0, WritesEveryPixel=0, ModifiesMeshPosition=1, Usage={bUsedWithInstancedStaticMeshes,bUsedWithNanite}, StaticSwitch'Advanced Controls2-1'=False, StaticSwitch'Advanced Wind2-1'=False, StaticSwitch'Animate Advanced Wind Normal2-1'=False, StaticSwitch'Animate Foliage2-1'=True, StaticSwitch'Animate Level 12-1'=True, StaticSwitch'Animate Level 22-1'=True, StaticSwitch'Animate Level 32-1'=True, StaticSwitch'Animate Level 42-1'=True, StaticSwitch'Basic Controls2-1'=False, StaticSwitch'ColorVariations2-1'=False, StaticSwitch'Debug ForceField2-1'=False, StaticSwitch'Debug Mode Color Variation Noise2-1'=False, StaticSwitch'DefaultLit Trunk2-1'=True, StaticSwitch'Dither Decoration Blend2-1'=True, StaticSwitch'Impostor2-1'=False, StaticSwitch'Leaf Backside Roughness2-1'=False, StaticSwitch'Leaf Backside Specular2-1'=False, StaticSwitch'PerInstanceRandom2-1'=False, StaticSwitch'Plant2-1'=False, StaticSwitch'Seasons2-1'=False, StaticSwitch'Split Albedo Controls2-1'=False, StaticSwitch'Tint BaseColor2-1'=False, StaticSwitch'Tint Translucency2-1'=False, StaticSwitch'TwoSided Leaves2-1'=True, StaticSwitch'Use Additional Wind Animation2-1'=True, StaticSwitch'use dithered Trunk Blend2-1'=True, StaticSwitch'Winter2-1'=False"
"/Game/MSPresets/MS_Foliage_Material/MasterMaterials/MA_Foliage.MA_Foliage","49","122","244","126","630","Compiling MA_Foliage: Platform=PCD3D_SM6, Usage=LightingModel=MSM_DefaultLit|MSM_TwoSidedFoliage, BlendMode=BLEND_Masked, SpecialEngine=0, TwoSided=1, TSNormal=1, Masked=1, Distorted=0, WritesEveryPixel=0, ModifiesMeshPosition=1, Usage={bUsedWithInstancedStaticMeshes,bUsedWithNanite}, StaticSwitch'Advanced Controls2-1'=False, StaticSwitch'Advanced Wind2-1'=True, StaticSwitch'Animate Advanced Wind Normal2-1'=False, StaticSwitch'Animate Foliage2-1'=True, StaticSwitch'Animate Level 12-1'=True, StaticSwitch'Animate Level 22-1'=True, StaticSwitch'Animate Level 32-1'=True, StaticSwitch'Animate Level 42-1'=False, StaticSwitch'Basic Controls2-1'=False, StaticSwitch'ColorVariations2-1'=False, StaticSwitch'Debug ForceField2-1'=False, StaticSwitch'Debug Mode Color Variation Noise2-1'=False, StaticSwitch'DefaultLit Trunk2-1'=True, StaticSwitch'Dither Decoration Blend2-1'=True, StaticSwitch'Impostor2-1'=False, StaticSwitch'Leaf Backside Roughness2-1'=False, StaticSwitch'Leaf Backside Specular2-1'=False, StaticSwitch'PerInstanceRandom2-1'=False, StaticSwitch'Plant2-1'=False, StaticSwitch'Seasons2-1'=False, StaticSwitch'Split Albedo Controls2-1'=False, StaticSwitch'Tint BaseColor2-1'=False, StaticSwitch'Tint Translucency2-1'=False, StaticSwitch'TwoSided Leaves2-1'=True, StaticSwitch'Use Additional Wind Animation2-1'=True, StaticSwitch'use dithered Trunk Blend2-1'=True, StaticSwitch'Winter2-1'=False"
"/Game/MSPresets/MS_Foliage_Material/MasterMaterials/MA_Foliage.MA_Foliage","49","122","244","126","630","Compiling MA_Foliage: Platform=PCD3D_SM6, Usage=LightingModel=MSM_DefaultLit|MSM_TwoSidedFoliage, BlendMode=BLEND_Masked, SpecialEngine=0, TwoSided=1, TSNormal=1, Masked=1, Distorted=0, WritesEveryPixel=0, ModifiesMeshPosition=1, Usage={bUsedWithInstancedStaticMeshes,bUsedWithNanite}, StaticSwitch'Advanced Controls2-1'=False, StaticSwitch'Advanced Wind2-1'=True, StaticSwitch'Animate Advanced Wind Normal2-1'=False, StaticSwitch'Animate Foliage2-1'=True, StaticSwitch'Animate Level 12-1'=True, StaticSwitch'Animate Level 22-1'=False, StaticSwitch'Animate Level 32-1'=False, StaticSwitch'Animate Level 42-1'=False, StaticSwitch'Basic Controls2-1'=False, StaticSwitch'ColorVariations2-1'=False, StaticSwitch'Debug ForceField2-1'=False, StaticSwitch'Debug Mode Color Variation Noise2-1'=False, StaticSwitch'DefaultLit Trunk2-1'=True, StaticSwitch'Dither Decoration Blend2-1'=True, StaticSwitch'Impostor2-1'=False, StaticSwitch'Leaf Backside Roughness2-1'=False, StaticSwitch'Leaf Backside Specular2-1'=False, StaticSwitch'PerInstanceRandom2-1'=False, StaticSwitch'Plant2-1'=False, StaticSwitch'Seasons2-1'=False, StaticSwitch'Split Albedo Controls2-1'=False, StaticSwitch'Tint BaseColor2-1'=False, StaticSwitch'Tint Translucency2-1'=False, StaticSwitch'TwoSided Leaves2-1'=True, StaticSwitch'Use Additional Wind Animation2-1'=True, StaticSwitch'use dithered Trunk Blend2-1'=True, StaticSwitch'Winter2-1'=False"
"/Game/MSPresets/MS_Foliage_Material/MasterMaterials/MA_Foliage.MA_Foliage","49","122","122","126","756","Compiling MA_Foliage: Platform=PCD3D_SM6, Usage=LightingModel=MSM_DefaultLit|MSM_TwoSidedFoliage, BlendMode=BLEND_Masked, SpecialEngine=0, TwoSided=1, TSNormal=1, Masked=1, Distorted=0, WritesEveryPixel=0, ModifiesMeshPosition=1, Usage={bUsedWithInstancedStaticMeshes,bUsedWithNanite}, StaticSwitch'Advanced Controls2-1'=False, StaticSwitch'Advanced Wind2-1'=True, StaticSwitch'Animate Advanced Wind Normal2-1'=False, StaticSwitch'Animate Foliage2-1'=True, StaticSwitch'Animate Level 12-1'=True, StaticSwitch'Animate Level 22-1'=True, StaticSwitch'Animate Level 32-1'=False, StaticSwitch'Animate Level 42-1'=False, StaticSwitch'Basic Controls2-1'=False, StaticSwitch'ColorVariations2-1'=False, StaticSwitch'Debug ForceField2-1'=False, StaticSwitch'Debug Mode Color Variation Noise2-1'=False, StaticSwitch'DefaultLit Trunk2-1'=True, StaticSwitch'Dither Decoration Blend2-1'=True, StaticSwitch'Impostor2-1'=False, StaticSwitch'Leaf Backside Roughness2-1'=False, StaticSwitch'Leaf Backside Specular2-1'=False, StaticSwitch'PerInstanceRandom2-1'=False, StaticSwitch'Plant2-1'=False, StaticSwitch'Seasons2-1'=False, StaticSwitch'Split Albedo Controls2-1'=False, StaticSwitch'Tint BaseColor2-1'=False, StaticSwitch'Tint Translucency2-1'=False, StaticSwitch'TwoSided Leaves2-1'=True, StaticSwitch'Use Additional Wind Animation2-1'=True, StaticSwitch'use dithered Trunk Blend2-1'=True, StaticSwitch'Winter2-1'=False"
"/Game/MSPresets/MS_Foliage_Material/MasterMaterials/MA_Foliage.MA_Foliage","49","122","244","126","252","Compiling MA_Foliage: Platform=PCD3D_SM6, Usage=LightingModel=MSM_DefaultLit|MSM_TwoSidedFoliage, BlendMode=BLEND_Masked, SpecialEngine=0, TwoSided=1, TSNormal=1, Masked=1, Distorted=0, WritesEveryPixel=0, ModifiesMeshPosition=1, Usage={bUsedWithInstancedStaticMeshes,bUsedWithNanite}, StaticSwitch'Advanced Controls2-1'=False, StaticSwitch'Advanced Wind2-1'=True, StaticSwitch'Animate Advanced Wind Normal2-1'=False, StaticSwitch'Animate Foliage2-1'=True, StaticSwitch'Animate Level 12-1'=True, StaticSwitch'Animate Level 22-1'=True, StaticSwitch'Animate Level 32-1'=True, StaticSwitch'Animate Level 42-1'=True, StaticSwitch'Basic Controls2-1'=False, StaticSwitch'ColorVariations2-1'=False, StaticSwitch'Debug ForceField2-1'=False, StaticSwitch'Debug Mode Color Variation Noise2-1'=False, StaticSwitch'DefaultLit Trunk2-1'=True, StaticSwitch'Dither Decoration Blend2-1'=True, StaticSwitch'Impostor2-1'=False, StaticSwitch'Leaf Backside Roughness2-1'=False, StaticSwitch'Leaf Backside Specular2-1'=False, StaticSwitch'PerInstanceRandom2-1'=False, StaticSwitch'Plant2-1'=False, StaticSwitch'Seasons2-1'=False, StaticSwitch'Split Albedo Controls2-1'=False, StaticSwitch'Tint BaseColor2-1'=False, StaticSwitch'Tint Translucency2-1'=False, StaticSwitch'TwoSided Leaves2-1'=True, StaticSwitch'Use Additional Wind Animation2-1'=True, StaticSwitch'use dithered Trunk Blend2-1'=True, StaticSwitch'Winter2-1'=False"
"/Game/MSPresets/MS_Foliage_Material/MasterMaterials/MA_Foliage.MA_Foliage","49","122","122","126","504","Compiling MA_Foliage: Platform=PCD3D_SM6, Usage=LightingModel=MSM_DefaultLit|MSM_TwoSidedFoliage, BlendMode=BLEND_Masked, SpecialEngine=0, TwoSided=0, TSNormal=1, Masked=1, Distorted=0, WritesEveryPixel=0, ModifiesMeshPosition=1, Usage={bUsedWithInstancedStaticMeshes,bUsedWithNanite}, StaticSwitch'Advanced Controls2-1'=True, StaticSwitch'Advanced Wind2-1'=False, StaticSwitch'Animate Advanced Wind Normal2-1'=False, StaticSwitch'Animate Foliage2-1'=False, StaticSwitch'Animate Level 12-1'=True, StaticSwitch'Animate Level 22-1'=True, StaticSwitch'Animate Level 32-1'=True, StaticSwitch'Animate Level 42-1'=True, StaticSwitch'Basic Controls2-1'=False, StaticSwitch'ColorVariations2-1'=False, StaticSwitch'Debug ForceField2-1'=False, StaticSwitch'Debug Mode Color Variation Noise2-1'=False, StaticSwitch'DefaultLit Trunk2-1'=True, StaticSwitch'Dither Decoration Blend2-1'=True, StaticSwitch'Impostor2-1'=False, StaticSwitch'Leaf Backside Roughness2-1'=False, StaticSwitch'Leaf Backside Specular2-1'=False, StaticSwitch'PerInstanceRandom2-1'=False, StaticSwitch'Plant2-1'=False, StaticSwitch'Seasons2-1'=False, StaticSwitch'Split Albedo Controls2-1'=False, StaticSwitch'Tint BaseColor2-1'=True, StaticSwitch'Tint Translucency2-1'=False, StaticSwitch'TwoSided Leaves2-1'=True, StaticSwitch'Use Additional Wind Animation2-1'=True, StaticSwitch'use dithered Trunk Blend2-1'=True, StaticSwitch'Winter2-1'=False"
"/Game/MSPresets/MS_Foliage_Material/MasterMaterials/MA_Foliage.MA_Foliage","49","122","122","126","504","Compiling MA_Foliage: Platform=PCD3D_SM6, Usage=LightingModel=MSM_DefaultLit|MSM_TwoSidedFoliage, BlendMode=BLEND_Masked, SpecialEngine=0, TwoSided=1, TSNormal=1, Masked=1, Distorted=0, WritesEveryPixel=0, ModifiesMeshPosition=1, Usage={bUsedWithInstancedStaticMeshes,bUsedWithNanite}, StaticSwitch'Advanced Controls2-1'=False, StaticSwitch'Advanced Wind2-1'=False, StaticSwitch'Animate Advanced Wind Normal2-1'=False, StaticSwitch'Animate Foliage2-1'=True, StaticSwitch'Animate Level 12-1'=True, StaticSwitch'Animate Level 22-1'=True, StaticSwitch'Animate Level 32-1'=True, StaticSwitch'Animate Level 42-1'=True, StaticSwitch'Basic Controls2-1'=False, StaticSwitch'ColorVariations2-1'=False, StaticSwitch'Debug ForceField2-1'=False, StaticSwitch'Debug Mode Color Variation Noise2-1'=False, StaticSwitch'DefaultLit Trunk2-1'=False, StaticSwitch'Dither Decoration Blend2-1'=True, StaticSwitch'Impostor2-1'=False, StaticSwitch'Leaf Backside Roughness2-1'=True, StaticSwitch'Leaf Backside Specular2-1'=False, StaticSwitch'PerInstanceRandom2-1'=True, StaticSwitch'Plant2-1'=False, StaticSwitch'Seasons2-1'=True, StaticSwitch'Split Albedo Controls2-1'=True, StaticSwitch'Tint BaseColor2-1'=True, StaticSwitch'Tint Translucency2-1'=True, StaticSwitch'TwoSided Leaves2-1'=True, StaticSwitch'Use Additional Wind Animation2-1'=True, StaticSwitch'use dithered Trunk Blend2-1'=True, StaticSwitch'Winter2-1'=False"
"/Game/MSPresets/MS_Foliage_Material/MasterMaterials/MA_Foliage.MA_Foliage","49","122","122","126","756","Compiling MA_Foliage: Platform=PCD3D_SM6, Usage=LightingModel=MSM_DefaultLit|MSM_TwoSidedFoliage, BlendMode=BLEND_Masked, SpecialEngine=0, TwoSided=1, TSNormal=1, Masked=1, Distorted=0, WritesEveryPixel=0, ModifiesMeshPosition=1, Usage={bUsedWithInstancedStaticMeshes,bUsedWithNanite}, StaticSwitch'Advanced Controls2-1'=True, StaticSwitch'Advanced Wind2-1'=True, StaticSwitch'Animate Advanced Wind Normal2-1'=False, StaticSwitch'Animate Foliage2-1'=True, StaticSwitch'Animate Level 12-1'=True, StaticSwitch'Animate Level 22-1'=True, StaticSwitch'Animate Level 32-1'=False, StaticSwitch'Animate Level 42-1'=False, StaticSwitch'Basic Controls2-1'=False, StaticSwitch'ColorVariations2-1'=False, StaticSwitch'Debug ForceField2-1'=False, StaticSwitch'Debug Mode Color Variation Noise2-1'=False, StaticSwitch'DefaultLit Trunk2-1'=False, StaticSwitch'Dither Decoration Blend2-1'=True, StaticSwitch'Impostor2-1'=False, StaticSwitch'Leaf Backside Roughness2-1'=True, StaticSwitch'Leaf Backside Specular2-1'=True, StaticSwitch'PerInstanceRandom2-1'=True, StaticSwitch'Plant2-1'=False, StaticSwitch'Seasons2-1'=True, StaticSwitch'Split Albedo Controls2-1'=True, StaticSwitch'Tint BaseColor2-1'=True, StaticSwitch'Tint Translucency2-1'=True, StaticSwitch'TwoSided Leaves2-1'=True, StaticSwitch'Use Additional Wind Animation2-1'=True, StaticSwitch'use dithered Trunk Blend2-1'=True, StaticSwitch'Winter2-1'=False"
"/Game/MSPresets/MS_Foliage_Material/MasterMaterials/MA_Foliage.MA_Foliage","49","122","293","126","630","Compiling MA_Foliage: Platform=PCD3D_SM6, Usage=LightingModel=MSM_DefaultLit|MSM_TwoSidedFoliage, BlendMode=BLEND_Masked, SpecialEngine=0, TwoSided=0, TSNormal=1, Masked=1, Distorted=0, WritesEveryPixel=0, ModifiesMeshPosition=1, Usage={bUsedWithInstancedStaticMeshes,bUsedWithNanite}, StaticSwitch'Advanced Controls2-1'=True, StaticSwitch'Advanced Wind2-1'=True, StaticSwitch'Animate Advanced Wind Normal2-1'=False, StaticSwitch'Animate Foliage2-1'=True, StaticSwitch'Animate Level 12-1'=True, StaticSwitch'Animate Level 22-1'=True, StaticSwitch'Animate Level 32-1'=False, StaticSwitch'Animate Level 42-1'=False, StaticSwitch'Basic Controls2-1'=False, StaticSwitch'ColorVariations2-1'=False, StaticSwitch'Debug ForceField2-1'=False, StaticSwitch'Debug Mode Color Variation Noise2-1'=False, StaticSwitch'DefaultLit Trunk2-1'=True, StaticSwitch'Dither Decoration Blend2-1'=True, StaticSwitch'Impostor2-1'=False, StaticSwitch'Leaf Backside Roughness2-1'=False, StaticSwitch'Leaf Backside Specular2-1'=False, StaticSwitch'PerInstanceRandom2-1'=False, StaticSwitch'Plant2-1'=False, StaticSwitch'Seasons2-1'=False, StaticSwitch'Split Albedo Controls2-1'=False, StaticSwitch'Tint BaseColor2-1'=True, StaticSwitch'Tint Translucency2-1'=False, StaticSwitch'TwoSided Leaves2-1'=True, StaticSwitch'Use Additional Wind Animation2-1'=True, StaticSwitch'use dithered Trunk Blend2-1'=True, StaticSwitch'Winter2-1'=False"
"/Game/MSPresets/MS_Foliage_Material/MasterMaterials/MA_Foliage.MA_Foliage","49","122","122","126","630","Compiling MA_Foliage: Platform=PCD3D_SM6, Usage=LightingModel=MSM_DefaultLit|MSM_TwoSidedFoliage, BlendMode=BLEND_Masked, SpecialEngine=0, TwoSided=0, TSNormal=1, Masked=1, Distorted=0, WritesEveryPixel=0, ModifiesMeshPosition=1, Usage={bUsedWithInstancedStaticMeshes,bUsedWithNanite}, StaticSwitch'Advanced Controls2-1'=True, StaticSwitch'Advanced Wind2-1'=False, StaticSwitch'Animate Advanced Wind Normal2-1'=False, StaticSwitch'Animate Foliage2-1'=False, StaticSwitch'Animate Level 12-1'=True, StaticSwitch'Animate Level 22-1'=True, StaticSwitch'Animate Level 32-1'=True, StaticSwitch'Animate Level 42-1'=True, StaticSwitch'Basic Controls2-1'=False, StaticSwitch'ColorVariations2-1'=False, StaticSwitch'Debug ForceField2-1'=False, StaticSwitch'Debug Mode Color Variation Noise2-1'=False, StaticSwitch'DefaultLit Trunk2-1'=True, StaticSwitch'Dither Decoration Blend2-1'=True, StaticSwitch'Impostor2-1'=False, StaticSwitch'Leaf Backside Roughness2-1'=False, StaticSwitch'Leaf Backside Specular2-1'=False, StaticSwitch'PerInstanceRandom2-1'=False, StaticSwitch'Plant2-1'=False, StaticSwitch'Seasons2-1'=False, StaticSwitch'Split Albedo Controls2-1'=False, StaticSwitch'Tint BaseColor2-1'=False, StaticSwitch'Tint Translucency2-1'=False, StaticSwitch'TwoSided Leaves2-1'=True, StaticSwitch'Use Additional Wind Animation2-1'=True, StaticSwitch'use dithered Trunk Blend2-1'=True, StaticSwitch'Winter2-1'=False"
"/Game/MSPresets/MS_Foliage_Material/MasterMaterials/MA_Foliage.MA_Foliage","49","122","122","126","2142","Compiling MA_Foliage: Platform=PCD3D_SM6, Usage=LightingModel=MSM_DefaultLit|MSM_TwoSidedFoliage, BlendMode=BLEND_Masked, SpecialEngine=0, TwoSided=1, TSNormal=1, Masked=1, Distorted=0, WritesEveryPixel=0, ModifiesMeshPosition=1, Usage={bUsedWithInstancedStaticMeshes,bUsedWithNanite}, StaticSwitch'Advanced Controls2-1'=True, StaticSwitch'Advanced Wind2-1'=True, StaticSwitch'Animate Advanced Wind Normal2-1'=False, StaticSwitch'Animate Foliage2-1'=True, StaticSwitch'Animate Level 12-1'=True, StaticSwitch'Animate Level 22-1'=True, StaticSwitch'Animate Level 32-1'=True, StaticSwitch'Animate Level 42-1'=False, StaticSwitch'Basic Controls2-1'=False, StaticSwitch'ColorVariations2-1'=False, StaticSwitch'Debug ForceField2-1'=False, StaticSwitch'Debug Mode Color Variation Noise2-1'=False, StaticSwitch'DefaultLit Trunk2-1'=False, StaticSwitch'Dither Decoration Blend2-1'=True, StaticSwitch'Impostor2-1'=False, StaticSwitch'Leaf Backside Roughness2-1'=True, StaticSwitch'Leaf Backside Specular2-1'=True, StaticSwitch'PerInstanceRandom2-1'=True, StaticSwitch'Plant2-1'=False, StaticSwitch'Seasons2-1'=True, StaticSwitch'Split Albedo Controls2-1'=True, StaticSwitch'Tint BaseColor2-1'=True, StaticSwitch'Tint Translucency2-1'=True, StaticSwitch'TwoSided Leaves2-1'=True, StaticSwitch'Use Additional Wind Animation2-1'=True, StaticSwitch'use dithered Trunk Blend2-1'=True, StaticSwitch'Winter2-1'=False"
"/Game/MSPresets/MS_Foliage_Material/MasterMaterials/MA_Foliage.MA_Foliage","49","122","122","126","1260","Compiling MA_Foliage: Platform=PCD3D_SM6, Usage=LightingModel=MSM_DefaultLit|MSM_TwoSidedFoliage, BlendMode=BLEND_Masked, SpecialEngine=0, TwoSided=0, TSNormal=1, Masked=1, Distorted=0, WritesEveryPixel=0, ModifiesMeshPosition=1, Usage={bUsedWithInstancedStaticMeshes,bUsedWithNanite}, StaticSwitch'Advanced Controls2-1'=True, StaticSwitch'Advanced Wind2-1'=True, StaticSwitch'Animate Advanced Wind Normal2-1'=False, StaticSwitch'Animate Foliage2-1'=True, StaticSwitch'Animate Level 12-1'=True, StaticSwitch'Animate Level 22-1'=True, StaticSwitch'Animate Level 32-1'=True, StaticSwitch'Animate Level 42-1'=False, StaticSwitch'Basic Controls2-1'=False, StaticSwitch'ColorVariations2-1'=False, StaticSwitch'Debug ForceField2-1'=False, StaticSwitch'Debug Mode Color Variation Noise2-1'=False, StaticSwitch'DefaultLit Trunk2-1'=True, StaticSwitch'Dither Decoration Blend2-1'=True, StaticSwitch'Impostor2-1'=False, StaticSwitch'Leaf Backside Roughness2-1'=False, StaticSwitch'Leaf Backside Specular2-1'=False, StaticSwitch'PerInstanceRandom2-1'=False, StaticSwitch'Plant2-1'=False, StaticSwitch'Seasons2-1'=False, StaticSwitch'Split Albedo Controls2-1'=False, StaticSwitch'Tint BaseColor2-1'=True, StaticSwitch'Tint Translucency2-1'=False, StaticSwitch'TwoSided Leaves2-1'=True, StaticSwitch'Use Additional Wind Animation2-1'=True, StaticSwitch'use dithered Trunk Blend2-1'=True, StaticSwitch'Winter2-1'=False"
"/Game/MSPresets/MS_Foliage_Material/MasterMaterials/MA_Foliage.MA_Foliage","49","122","122","126","504","Compiling MA_Foliage: Platform=PCD3D_SM6, Usage=LightingModel=MSM_DefaultLit|MSM_TwoSidedFoliage, BlendMode=BLEND_Masked, SpecialEngine=0, TwoSided=0, TSNormal=1, Masked=1, Distorted=0, WritesEveryPixel=0, ModifiesMeshPosition=1, Usage={bUsedWithInstancedStaticMeshes,bUsedWithNanite}, StaticSwitch'Advanced Controls2-1'=True, StaticSwitch'Advanced Wind2-1'=False, StaticSwitch'Animate Advanced Wind Normal2-1'=False, StaticSwitch'Animate Foliage2-1'=True, StaticSwitch'Animate Level 12-1'=True, StaticSwitch'Animate Level 22-1'=True, StaticSwitch'Animate Level 32-1'=True, StaticSwitch'Animate Level 42-1'=True, StaticSwitch'Basic Controls2-1'=False, StaticSwitch'ColorVariations2-1'=False, StaticSwitch'Debug ForceField2-1'=False, StaticSwitch'Debug Mode Color Variation Noise2-1'=False, StaticSwitch'DefaultLit Trunk2-1'=True, StaticSwitch'Dither Decoration Blend2-1'=True, StaticSwitch'Impostor2-1'=False, StaticSwitch'Leaf Backside Roughness2-1'=False, StaticSwitch'Leaf Backside Specular2-1'=False, StaticSwitch'PerInstanceRandom2-1'=False, StaticSwitch'Plant2-1'=False, StaticSwitch'Seasons2-1'=False, StaticSwitch'Split Albedo Controls2-1'=False, StaticSwitch'Tint BaseColor2-1'=True, StaticSwitch'Tint Translucency2-1'=False, StaticSwitch'TwoSided Leaves2-1'=True, StaticSwitch'Use Additional Wind Animation2-1'=True, StaticSwitch'use dithered Trunk Blend2-1'=True, StaticSwitch'Winter2-1'=False"
"/Game/MSPresets/MS_Foliage_Material/MasterMaterials/MA_Foliage.MA_Foliage","49","122","122","126","504","Compiling MA_Foliage: Platform=PCD3D_SM6, Usage=LightingModel=MSM_DefaultLit|MSM_TwoSidedFoliage, BlendMode=BLEND_Masked, SpecialEngine=0, TwoSided=0, TSNormal=1, Masked=1, Distorted=0, WritesEveryPixel=0, ModifiesMeshPosition=1, Usage={bUsedWithInstancedStaticMeshes,bUsedWithNanite}, StaticSwitch'Advanced Controls2-1'=True, StaticSwitch'Advanced Wind2-1'=False, StaticSwitch'Animate Advanced Wind Normal2-1'=False, StaticSwitch'Animate Foliage2-1'=True, StaticSwitch'Animate Level 12-1'=True, StaticSwitch'Animate Level 22-1'=True, StaticSwitch'Animate Level 32-1'=True, StaticSwitch'Animate Level 42-1'=True, StaticSwitch'Basic Controls2-1'=False, StaticSwitch'ColorVariations2-1'=False, StaticSwitch'Debug ForceField2-1'=False, StaticSwitch'Debug Mode Color Variation Noise2-1'=False, StaticSwitch'DefaultLit Trunk2-1'=False, StaticSwitch'Dither Decoration Blend2-1'=True, StaticSwitch'Impostor2-1'=False, StaticSwitch'Leaf Backside Roughness2-1'=False, StaticSwitch'Leaf Backside Specular2-1'=False, StaticSwitch'PerInstanceRandom2-1'=False, StaticSwitch'Plant2-1'=False, StaticSwitch'Seasons2-1'=False, StaticSwitch'Split Albedo Controls2-1'=False, StaticSwitch'Tint BaseColor2-1'=True, StaticSwitch'Tint Translucency2-1'=False, StaticSwitch'TwoSided Leaves2-1'=False, StaticSwitch'Use Additional Wind Animation2-1'=True, StaticSwitch'use dithered Trunk Blend2-1'=True, StaticSwitch'Winter2-1'=False"
"/Game/MSPresets/MS_Foliage_Material/MasterMaterials/MA_Foliage.MA_Foliage","49","122","122","126","504","Compiling MA_Foliage: Platform=PCD3D_SM6, Usage=LightingModel=MSM_DefaultLit|MSM_TwoSidedFoliage, BlendMode=BLEND_Masked, SpecialEngine=0, TwoSided=1, TSNormal=1, Masked=1, Distorted=0, WritesEveryPixel=0, ModifiesMeshPosition=1, Usage={bUsedWithInstancedStaticMeshes,bUsedWithNanite}, StaticSwitch'Advanced Controls2-1'=True, StaticSwitch'Advanced Wind2-1'=True, StaticSwitch'Animate Advanced Wind Normal2-1'=False, StaticSwitch'Animate Foliage2-1'=True, StaticSwitch'Animate Level 12-1'=True, StaticSwitch'Animate Level 22-1'=False, StaticSwitch'Animate Level 32-1'=False, StaticSwitch'Animate Level 42-1'=False, StaticSwitch'Basic Controls2-1'=False, StaticSwitch'ColorVariations2-1'=False, StaticSwitch'Debug ForceField2-1'=False, StaticSwitch'Debug Mode Color Variation Noise2-1'=False, StaticSwitch'DefaultLit Trunk2-1'=False, StaticSwitch'Dither Decoration Blend2-1'=True, StaticSwitch'Impostor2-1'=False, StaticSwitch'Leaf Backside Roughness2-1'=True, StaticSwitch'Leaf Backside Specular2-1'=True, StaticSwitch'PerInstanceRandom2-1'=True, StaticSwitch'Plant2-1'=False, StaticSwitch'Seasons2-1'=True, StaticSwitch'Split Albedo Controls2-1'=True, StaticSwitch'Tint BaseColor2-1'=True, StaticSwitch'Tint Translucency2-1'=True, StaticSwitch'TwoSided Leaves2-1'=True, StaticSwitch'Use Additional Wind Animation2-1'=True, StaticSwitch'use dithered Trunk Blend2-1'=True, StaticSwitch'Winter2-1'=False"
"/Game/MSPresets/MS_Foliage_Material/MasterMaterials/MA_Foliage.MA_Foliage","49","122","122","126","504","Compiling MA_Foliage: Platform=PCD3D_SM6, Usage=LightingModel=MSM_DefaultLit|MSM_TwoSidedFoliage, BlendMode=BLEND_Masked, SpecialEngine=0, TwoSided=0, TSNormal=1, Masked=1, Distorted=0, WritesEveryPixel=0, ModifiesMeshPosition=1, Usage={bUsedWithInstancedStaticMeshes,bUsedWithNanite}, StaticSwitch'Advanced Controls2-1'=True, StaticSwitch'Advanced Wind2-1'=True, StaticSwitch'Animate Advanced Wind Normal2-1'=False, StaticSwitch'Animate Foliage2-1'=True, StaticSwitch'Animate Level 12-1'=True, StaticSwitch'Animate Level 22-1'=False, StaticSwitch'Animate Level 32-1'=False, StaticSwitch'Animate Level 42-1'=False, StaticSwitch'Basic Controls2-1'=False, StaticSwitch'ColorVariations2-1'=False, StaticSwitch'Debug ForceField2-1'=False, StaticSwitch'Debug Mode Color Variation Noise2-1'=False, StaticSwitch'DefaultLit Trunk2-1'=True, StaticSwitch'Dither Decoration Blend2-1'=True, StaticSwitch'Impostor2-1'=False, StaticSwitch'Leaf Backside Roughness2-1'=False, StaticSwitch'Leaf Backside Specular2-1'=False, StaticSwitch'PerInstanceRandom2-1'=False, StaticSwitch'Plant2-1'=False, StaticSwitch'Seasons2-1'=False, StaticSwitch'Split Albedo Controls2-1'=False, StaticSwitch'Tint BaseColor2-1'=True, StaticSwitch'Tint Translucency2-1'=False, StaticSwitch'TwoSided Leaves2-1'=True, StaticSwitch'Use Additional Wind Animation2-1'=True, StaticSwitch'use dithered Trunk Blend2-1'=True, StaticSwitch'Winter2-1'=False"
"/Game/MSPresets/MS_Foliage_Material/MasterMaterials/MA_Foliage.MA_Foliage","49","122","366","126","1890","Compiling MA_Foliage: Platform=PCD3D_SM6, Usage=LightingModel=MSM_DefaultLit|MSM_TwoSidedFoliage, BlendMode=BLEND_Masked, SpecialEngine=0, TwoSided=0, TSNormal=1, Masked=1, Distorted=0, WritesEveryPixel=0, ModifiesMeshPosition=1, Usage={bUsedWithInstancedStaticMeshes,bUsedWithNanite}, StaticSwitch'Advanced Controls2-1'=True, StaticSwitch'Advanced Wind2-1'=True, StaticSwitch'Animate Advanced Wind Normal2-1'=False, StaticSwitch'Animate Foliage2-1'=True, StaticSwitch'Animate Level 12-1'=True, StaticSwitch'Animate Level 22-1'=True, StaticSwitch'Animate Level 32-1'=True, StaticSwitch'Animate Level 42-1'=True, StaticSwitch'Basic Controls2-1'=False, StaticSwitch'ColorVariations2-1'=False, StaticSwitch'Debug ForceField2-1'=False, StaticSwitch'Debug Mode Color Variation Noise2-1'=False, StaticSwitch'DefaultLit Trunk2-1'=True, StaticSwitch'Dither Decoration Blend2-1'=True, StaticSwitch'Impostor2-1'=False, StaticSwitch'Leaf Backside Roughness2-1'=False, StaticSwitch'Leaf Backside Specular2-1'=False, StaticSwitch'PerInstanceRandom2-1'=False, StaticSwitch'Plant2-1'=False, StaticSwitch'Seasons2-1'=False, StaticSwitch'Split Albedo Controls2-1'=False, StaticSwitch'Tint BaseColor2-1'=True, StaticSwitch'Tint Translucency2-1'=False, StaticSwitch'TwoSided Leaves2-1'=True, StaticSwitch'Use Additional Wind Animation2-1'=True, StaticSwitch'use dithered Trunk Blend2-1'=True, StaticSwitch'Winter2-1'=False"
"/Game/MSPresets/MS_Foliage_Material/MasterMaterials/MA_Foliage.MA_Foliage","49","122","366","126","1890","Compiling MA_Foliage: Platform=PCD3D_SM6, Usage=LightingModel=MSM_DefaultLit|MSM_TwoSidedFoliage, BlendMode=BLEND_Masked, SpecialEngine=0, TwoSided=0, TSNormal=1, Masked=1, Distorted=0, WritesEveryPixel=0, ModifiesMeshPosition=1, Usage={bUsedWithInstancedStaticMeshes,bUsedWithNanite}, StaticSwitch'Advanced Controls2-1'=True, StaticSwitch'Advanced Wind2-1'=True, StaticSwitch'Animate Advanced Wind Normal2-1'=False, StaticSwitch'Animate Foliage2-1'=True, StaticSwitch'Animate Level 12-1'=True, StaticSwitch'Animate Level 22-1'=True, StaticSwitch'Animate Level 32-1'=True, StaticSwitch'Animate Level 42-1'=True, StaticSwitch'Basic Controls2-1'=False, StaticSwitch'ColorVariations2-1'=False, StaticSwitch'Debug ForceField2-1'=False, StaticSwitch'Debug Mode Color Variation Noise2-1'=False, StaticSwitch'DefaultLit Trunk2-1'=False, StaticSwitch'Dither Decoration Blend2-1'=True, StaticSwitch'Impostor2-1'=False, StaticSwitch'Leaf Backside Roughness2-1'=False, StaticSwitch'Leaf Backside Specular2-1'=False, StaticSwitch'PerInstanceRandom2-1'=False, StaticSwitch'Plant2-1'=False, StaticSwitch'Seasons2-1'=False, StaticSwitch'Split Albedo Controls2-1'=False, StaticSwitch'Tint BaseColor2-1'=True, StaticSwitch'Tint Translucency2-1'=False, StaticSwitch'TwoSided Leaves2-1'=False, StaticSwitch'Use Additional Wind Animation2-1'=True, StaticSwitch'use dithered Trunk Blend2-1'=True, StaticSwitch'Winter2-1'=False"
"/Game/MSPresets/MS_Foliage_Material/MasterMaterials/MA_Foliage.MA_Foliage","49","122","244","126","1638","Compiling MA_Foliage: Platform=PCD3D_SM6, Usage=LightingModel=MSM_DefaultLit|MSM_TwoSidedFoliage, BlendMode=BLEND_Masked, SpecialEngine=0, TwoSided=1, TSNormal=1, Masked=1, Distorted=0, WritesEveryPixel=0, ModifiesMeshPosition=1, Usage={bUsedWithInstancedStaticMeshes,bUsedWithNanite}, StaticSwitch'Advanced Controls2-1'=True, StaticSwitch'Advanced Wind2-1'=True, StaticSwitch'Animate Advanced Wind Normal2-1'=False, StaticSwitch'Animate Foliage2-1'=True, StaticSwitch'Animate Level 12-1'=True, StaticSwitch'Animate Level 22-1'=True, StaticSwitch'Animate Level 32-1'=True, StaticSwitch'Animate Level 42-1'=True, StaticSwitch'Basic Controls2-1'=False, StaticSwitch'ColorVariations2-1'=False, StaticSwitch'Debug ForceField2-1'=False, StaticSwitch'Debug Mode Color Variation Noise2-1'=False, StaticSwitch'DefaultLit Trunk2-1'=False, StaticSwitch'Dither Decoration Blend2-1'=True, StaticSwitch'Impostor2-1'=False, StaticSwitch'Leaf Backside Roughness2-1'=True, StaticSwitch'Leaf Backside Specular2-1'=True, StaticSwitch'PerInstanceRandom2-1'=True, StaticSwitch'Plant2-1'=False, StaticSwitch'Seasons2-1'=True, StaticSwitch'Split Albedo Controls2-1'=True, StaticSwitch'Tint BaseColor2-1'=True, StaticSwitch'Tint Translucency2-1'=True, StaticSwitch'TwoSided Leaves2-1'=True, StaticSwitch'Use Additional Wind Animation2-1'=True, StaticSwitch'use dithered Trunk Blend2-1'=True, StaticSwitch'Winter2-1'=False"
"/Game/MSPresets/MS_Foliage_Material/MasterMaterials/MA_Foliage.MA_Foliage","49","122","122","126","504","Compiling MA_Foliage: Platform=PCD3D_SM6, Usage=LightingModel=MSM_DefaultLit|MSM_TwoSidedFoliage, BlendMode=BLEND_Masked, SpecialEngine=0, TwoSided=0, TSNormal=1, Masked=1, Distorted=0, WritesEveryPixel=0, ModifiesMeshPosition=1, Usage={bUsedWithInstancedStaticMeshes,bUsedWithNanite}, StaticSwitch'Advanced Controls2-1'=True, StaticSwitch'Advanced Wind2-1'=True, StaticSwitch'Animate Advanced Wind Normal2-1'=False, StaticSwitch'Animate Foliage2-1'=True, StaticSwitch'Animate Level 12-1'=True, StaticSwitch'Animate Level 22-1'=True, StaticSwitch'Animate Level 32-1'=True, StaticSwitch'Animate Level 42-1'=True, StaticSwitch'Basic Controls2-1'=False, StaticSwitch'ColorVariations2-1'=False, StaticSwitch'Debug ForceField2-1'=False, StaticSwitch'Debug Mode Color Variation Noise2-1'=False, StaticSwitch'DefaultLit Trunk2-1'=True, StaticSwitch'Dither Decoration Blend2-1'=True, StaticSwitch'Impostor2-1'=False, StaticSwitch'Leaf Backside Roughness2-1'=False, StaticSwitch'Leaf Backside Specular2-1'=False, StaticSwitch'PerInstanceRandom2-1'=False, StaticSwitch'Plant2-1'=False, StaticSwitch'Seasons2-1'=False, StaticSwitch'Split Albedo Controls2-1'=False, StaticSwitch'Tint BaseColor2-1'=False, StaticSwitch'Tint Translucency2-1'=False, StaticSwitch'TwoSided Leaves2-1'=True, StaticSwitch'Use Additional Wind Animation2-1'=True, StaticSwitch'use dithered Trunk Blend2-1'=True, StaticSwitch'Winter2-1'=False"
"/Game/MSPresets/MS_Foliage_Material/MasterMaterials/MA_Foliage.MA_Foliage","49","122","366","126","1134","Compiling MA_Foliage: Platform=PCD3D_SM6, Usage=LightingModel=MSM_DefaultLit|MSM_TwoSidedFoliage, BlendMode=BLEND_Masked, SpecialEngine=0, TwoSided=0, TSNormal=1, Masked=1, Distorted=0, WritesEveryPixel=0, ModifiesMeshPosition=1, Usage={bUsedWithInstancedStaticMeshes,bUsedWithNanite}, StaticSwitch'Advanced Controls2-1'=True, StaticSwitch'Advanced Wind2-1'=True, StaticSwitch'Animate Advanced Wind Normal2-1'=False, StaticSwitch'Animate Foliage2-1'=True, StaticSwitch'Animate Level 12-1'=True, StaticSwitch'Animate Level 22-1'=True, StaticSwitch'Animate Level 32-1'=True, StaticSwitch'Animate Level 42-1'=False, StaticSwitch'Basic Controls2-1'=False, StaticSwitch'ColorVariations2-1'=False, StaticSwitch'Debug ForceField2-1'=False, StaticSwitch'Debug Mode Color Variation Noise2-1'=False, StaticSwitch'DefaultLit Trunk2-1'=False, StaticSwitch'Dither Decoration Blend2-1'=True, StaticSwitch'Impostor2-1'=False, StaticSwitch'Leaf Backside Roughness2-1'=False, StaticSwitch'Leaf Backside Specular2-1'=False, StaticSwitch'PerInstanceRandom2-1'=False, StaticSwitch'Plant2-1'=False, StaticSwitch'Seasons2-1'=False, StaticSwitch'Split Albedo Controls2-1'=False, StaticSwitch'Tint BaseColor2-1'=True, StaticSwitch'Tint Translucency2-1'=False, StaticSwitch'TwoSided Leaves2-1'=False, StaticSwitch'Use Additional Wind Animation2-1'=True, StaticSwitch'use dithered Trunk Blend2-1'=True, StaticSwitch'Winter2-1'=False"
"/Interchange/gltf/M_SpecularGlossiness.M_SpecularGlossiness","49","8","0","8","8","Compiling M_SpecularGlossiness: Platform=PCD3D_SM6, Usage=LightingModel=MSM_DefaultLit, BlendMode=BLEND_Opaque, SpecialEngine=0, TwoSided=0, TSNormal=1, Masked=0, Distorted=0, WritesEveryPixel=1, ModifiesMeshPosition=0, Usage={bUsedWithSkeletalMesh}"
"/Interchange/gltf/M_SpecularGlossiness.M_SpecularGlossiness","49","26","0","26","26","Compiling M_SpecularGlossiness: Platform=PCD3D_SM6, Usage=LightingModel=MSM_DefaultLit, BlendMode=BLEND_TranslucentGreyTransmittance, SpecialEngine=0, TwoSided=1, TSNormal=1, Masked=0, Distorted=0, WritesEveryPixel=1, ModifiesMeshPosition=0, Usage={bUsedWithSkeletalMesh}"
"/Interchange/gltf/M_SpecularGlossiness.M_SpecularGlossiness","49","34","0","38","38","Compiling M_SpecularGlossiness: Platform=PCD3D_SM6, Usage=LightingModel=MSM_DefaultLit, BlendMode=BLEND_Masked, SpecialEngine=0, TwoSided=1, TSNormal=1, Masked=1, Distorted=0, WritesEveryPixel=0, ModifiesMeshPosition=0, Usage={bUsedWithSkeletalMesh}"
"/Interchange/gltf/M_SpecularGlossiness.M_SpecularGlossiness","49","14","0","16","16","Compiling M_SpecularGlossiness: Platform=PCD3D_SM6, Usage=LightingModel=MSM_DefaultLit, BlendMode=BLEND_Opaque, SpecialEngine=0, TwoSided=1, TSNormal=1, Masked=0, Distorted=0, WritesEveryPixel=1, ModifiesMeshPosition=0, Usage={bUsedWithSkeletalMesh}"
"/Interchange/gltf/M_SpecularGlossiness.M_SpecularGlossiness","49","22","0","22","22","Compiling M_SpecularGlossiness: Platform=PCD3D_SM6, Usage=LightingModel=MSM_DefaultLit, BlendMode=BLEND_TranslucentGreyTransmittance, SpecialEngine=0, TwoSided=0, TSNormal=1, Masked=0, Distorted=0, WritesEveryPixel=1, ModifiesMeshPosition=0, Usage={bUsedWithSkeletalMesh}"
"/Interchange/gltf/M_SpecularGlossiness.M_SpecularGlossiness","49","34","0","38","38","Compiling M_SpecularGlossiness: Platform=PCD3D_SM6, Usage=LightingModel=MSM_DefaultLit, BlendMode=BLEND_Masked, SpecialEngine=0, TwoSided=0, TSNormal=1, Masked=1, Distorted=0, WritesEveryPixel=0, ModifiesMeshPosition=0, Usage={bUsedWithSkeletalMesh}"
"/Interchange/gltf/M_Transmission.M_Transmission","49","22","0","22","22","Compiling M_Transmission: Platform=PCD3D_SM6, Usage=LightingModel=MSM_ThinTranslucent, BlendMode=BLEND_TranslucentColoredTransmittance, SpecialEngine=0, TwoSided=0, TSNormal=1, Masked=0, Distorted=0, WritesEveryPixel=1, ModifiesMeshPosition=0, Usage={bUsedWithSkeletalMesh}"
"/Interchange/gltf/M_Transmission.M_Transmission","49","26","0","26","26","Compiling M_Transmission: Platform=PCD3D_SM6, Usage=LightingModel=MSM_ThinTranslucent, BlendMode=BLEND_TranslucentColoredTransmittance, SpecialEngine=0, TwoSided=1, TSNormal=1, Masked=0, Distorted=0, WritesEveryPixel=1, ModifiesMeshPosition=0, Usage={bUsedWithSkeletalMesh}"
"/Interchange/gltf/M_Sheen.M_Sheen","49","8","0","8","8","Compiling M_Sheen: Platform=PCD3D_SM6, Usage=LightingModel=MSM_Cloth, BlendMode=BLEND_Opaque, SpecialEngine=0, TwoSided=0, TSNormal=1, Masked=0, Distorted=0, WritesEveryPixel=1, ModifiesMeshPosition=0, Usage={bUsedWithSkeletalMesh}"
"/Interchange/gltf/M_Sheen.M_Sheen","49","26","0","26","26","Compiling M_Sheen: Platform=PCD3D_SM6, Usage=LightingModel=MSM_Cloth, BlendMode=BLEND_TranslucentGreyTransmittance, SpecialEngine=0, TwoSided=1, TSNormal=1, Masked=0, Distorted=0, WritesEveryPixel=1, ModifiesMeshPosition=0, Usage={bUsedWithSkeletalMesh}"
"/Interchange/gltf/M_Sheen.M_Sheen","49","34","0","38","38","Compiling M_Sheen: Platform=PCD3D_SM6, Usage=LightingModel=MSM_Cloth, BlendMode=BLEND_Masked, SpecialEngine=0, TwoSided=1, TSNormal=1, Masked=1, Distorted=0, WritesEveryPixel=0, ModifiesMeshPosition=0, Usage={bUsedWithSkeletalMesh}"
"/Interchange/gltf/M_Sheen.M_Sheen","49","14","0","16","16","Compiling M_Sheen: Platform=PCD3D_SM6, Usage=LightingModel=MSM_Cloth, BlendMode=BLEND_Opaque, SpecialEngine=0, TwoSided=1, TSNormal=1, Masked=0, Distorted=0, WritesEveryPixel=1, ModifiesMeshPosition=0, Usage={bUsedWithSkeletalMesh}"
"/Interchange/gltf/M_Sheen.M_Sheen","49","22","0","22","22","Compiling M_Sheen: Platform=PCD3D_SM6, Usage=LightingModel=MSM_Cloth, BlendMode=BLEND_TranslucentGreyTransmittance, SpecialEngine=0, TwoSided=0, TSNormal=1, Masked=0, Distorted=0, WritesEveryPixel=1, ModifiesMeshPosition=0, Usage={bUsedWithSkeletalMesh}"
"/Interchange/gltf/M_Sheen.M_Sheen","49","34","0","38","38","Compiling M_Sheen: Platform=PCD3D_SM6, Usage=LightingModel=MSM_Cloth, BlendMode=BLEND_Masked, SpecialEngine=0, TwoSided=0, TSNormal=1, Masked=1, Distorted=0, WritesEveryPixel=0, ModifiesMeshPosition=0, Usage={bUsedWithSkeletalMesh}"
"/Interchange/gltf/M_ClearCoat.M_ClearCoat","49","8","0","8","8","Compiling M_ClearCoat: Platform=PCD3D_SM6, Usage=LightingModel=MSM_SubsurfaceProfile, BlendMode=BLEND_Opaque, SpecialEngine=0, TwoSided=0, TSNormal=1, Masked=0, Distorted=0, WritesEveryPixel=1, ModifiesMeshPosition=0, Usage={bUsedWithSkeletalMesh}"
"/Interchange/gltf/M_ClearCoat.M_ClearCoat","49","26","0","26","26","Compiling M_ClearCoat: Platform=PCD3D_SM6, Usage=LightingModel=MSM_SubsurfaceProfile, BlendMode=BLEND_TranslucentGreyTransmittance, SpecialEngine=0, TwoSided=1, TSNormal=1, Masked=0, Distorted=0, WritesEveryPixel=1, ModifiesMeshPosition=0, Usage={bUsedWithSkeletalMesh}"
"/Interchange/gltf/M_ClearCoat.M_ClearCoat","49","34","0","38","38","Compiling M_ClearCoat: Platform=PCD3D_SM6, Usage=LightingModel=MSM_SubsurfaceProfile, BlendMode=BLEND_Masked, SpecialEngine=0, TwoSided=1, TSNormal=1, Masked=1, Distorted=0, WritesEveryPixel=0, ModifiesMeshPosition=0, Usage={bUsedWithSkeletalMesh}"
"/Interchange/gltf/M_ClearCoat.M_ClearCoat","49","14","0","16","16","Compiling M_ClearCoat: Platform=PCD3D_SM6, Usage=LightingModel=MSM_SubsurfaceProfile, BlendMode=BLEND_Opaque, SpecialEngine=0, TwoSided=1, TSNormal=1, Masked=0, Distorted=0, WritesEveryPixel=1, ModifiesMeshPosition=0, Usage={bUsedWithSkeletalMesh}"
"/Interchange/gltf/M_ClearCoat.M_ClearCoat","49","22","0","22","22","Compiling M_ClearCoat: Platform=PCD3D_SM6, Usage=LightingModel=MSM_SubsurfaceProfile, BlendMode=BLEND_TranslucentGreyTransmittance, SpecialEngine=0, TwoSided=0, TSNormal=1, Masked=0, Distorted=0, WritesEveryPixel=1, ModifiesMeshPosition=0, Usage={bUsedWithSkeletalMesh}"
"/Interchange/gltf/M_ClearCoat.M_ClearCoat","49","34","0","38","38","Compiling M_ClearCoat: Platform=PCD3D_SM6, Usage=LightingModel=MSM_SubsurfaceProfile, BlendMode=BLEND_Masked, SpecialEngine=0, TwoSided=0, TSNormal=1, Masked=1, Distorted=0, WritesEveryPixel=0, ModifiesMeshPosition=0, Usage={bUsedWithSkeletalMesh}"
"/Interchange/gltf/M_Default.M_Default","49","8","0","8","8","Compiling M_Default: Platform=PCD3D_SM6, Usage=LightingModel=MSM_DefaultLit, BlendMode=BLEND_Opaque, SpecialEngine=0, TwoSided=0, TSNormal=1, Masked=0, Distorted=0, WritesEveryPixel=1, ModifiesMeshPosition=0, Usage={bUsedWithSkeletalMesh}"
"/Interchange/gltf/M_Default.M_Default","49","26","0","26","26","Compiling M_Default: Platform=PCD3D_SM6, Usage=LightingModel=MSM_DefaultLit, BlendMode=BLEND_TranslucentGreyTransmittance, SpecialEngine=0, TwoSided=1, TSNormal=1, Masked=0, Distorted=0, WritesEveryPixel=1, ModifiesMeshPosition=0, Usage={bUsedWithSkeletalMesh}"
"/Interchange/gltf/M_Default.M_Default","49","34","0","38","38","Compiling M_Default: Platform=PCD3D_SM6, Usage=LightingModel=MSM_DefaultLit, BlendMode=BLEND_Masked, SpecialEngine=0, TwoSided=1, TSNormal=1, Masked=1, Distorted=0, WritesEveryPixel=0, ModifiesMeshPosition=0, Usage={bUsedWithSkeletalMesh}"
"/Interchange/gltf/M_Default.M_Default","49","34","0","38","38","Compiling M_Default: Platform=PCD3D_SM6, Usage=LightingModel=MSM_DefaultLit, BlendMode=BLEND_Masked, SpecialEngine=0, TwoSided=0, TSNormal=1, Masked=1, Distorted=0, WritesEveryPixel=0, ModifiesMeshPosition=0, Usage={bUsedWithSkeletalMesh}"
"/Interchange/gltf/M_Default.M_Default","49","14","0","16","32","Compiling M_Default: Platform=PCD3D_SM6, Usage=LightingModel=MSM_DefaultLit, BlendMode=BLEND_Opaque, SpecialEngine=0, TwoSided=1, TSNormal=1, Masked=0, Distorted=0, WritesEveryPixel=1, ModifiesMeshPosition=0, Usage={bUsedWithSkeletalMesh}"
"/Interchange/gltf/M_Default.M_Default","49","22","0","22","22","Compiling M_Default: Platform=PCD3D_SM6, Usage=LightingModel=MSM_DefaultLit, BlendMode=BLEND_TranslucentGreyTransmittance, SpecialEngine=0, TwoSided=0, TSNormal=1, Masked=0, Distorted=0, WritesEveryPixel=1, ModifiesMeshPosition=0, Usage={bUsedWithSkeletalMesh}"
"/Game/MSPresets/MS_Foliage_Material/MasterMaterials/MA_Impostor_SimpleOffset_MS.MA_Impostor_SimpleOffset_MS","49","122","244","126","630","Compiling MA_Impostor_SimpleOffset_MS: Platform=PCD3D_SM6, Usage=LightingModel=MSM_TwoSidedFoliage, BlendMode=BLEND_Masked, SpecialEngine=0, TwoSided=1, TSNormal=0, Masked=1, Distorted=0, WritesEveryPixel=0, ModifiesMeshPosition=1, Usage={bUsedWithStaticLighting,bUsedWithInstancedStaticMeshes,bUsedWithNanite}, StaticSwitch'Advanced Controls2-1'=False, StaticSwitch'Animate Foliage2-1'=True, StaticSwitch'Animate Impostor2-1'=False, StaticSwitch'Basic Controls2-1'=False, StaticSwitch'ColorVariations2-1'=False, StaticSwitch'Debug Mode Color Variation Noise2-1'=False, StaticSwitch'Derive Sprite Transform2-1'=True, StaticSwitch'Impostor2-1'=False, StaticSwitch'Interpolate Ray Position2-1'=True, StaticSwitch'PerInstanceRandom2-1'=False, StaticSwitch'Plant2-1'=False, StaticSwitch'Seasons2-1'=False, StaticSwitch'Show Frame Debug Info2-1'=False, StaticSwitch'Tint BaseColor2-1'=False, StaticSwitch'Tint Translucency2-1'=False, StaticSwitch'UpperHemisphereOnlyImpostor2-1'=True, StaticSwitch'Winter2-1'=False"
"/Engine/EditorMaterials/HelpActorMaterial.HelpActorMaterial","49","47","0","53","53","Compiling HelpActorMaterial: Platform=PCD3D_SM6, Usage=LightingModel=MSM_Unlit, BlendMode=BLEND_Masked, SpecialEngine=0, TwoSided=0, TSNormal=1, Masked=1, Distorted=0, WritesEveryPixel=0, ModifiesMeshPosition=0, Usage={bUsedWithParticleSprites}"
"/Game/Characters/Mannequin_UE4/Materials/M_MannequinUE4_Body.M_MannequinUE4_Body","49","0","0","38","0","Compiling M_MannequinUE4_Body: Platform=PCD3D_SM6, Usage=LightingModel=MSM_DefaultLit, BlendMode=BLEND_Masked, SpecialEngine=0, TwoSided=0, TSNormal=1, Masked=1, Distorted=0, WritesEveryPixel=0, ModifiesMeshPosition=0, Usage={bUsedWithSkeletalMesh}, StaticSwitch'PlasticOverride2-1'=True"
"/Game/Characters/Mannequin_UE4/Materials/M_MannequinUE4_Body.M_MannequinUE4_Body","49","0","0","38","0","Compiling M_MannequinUE4_Body: Platform=PCD3D_SM6, Usage=LightingModel=MSM_DefaultLit, BlendMode=BLEND_Masked, SpecialEngine=0, TwoSided=0, TSNormal=1, Masked=1, Distorted=0, WritesEveryPixel=0, ModifiesMeshPosition=0, Usage={bUsedWithSkeletalMesh}, StaticSwitch'PlasticOverride2-1'=False"
"/Game/Fantastic_Village_Pack/materials/M_FX_windtrail.M_FX_windtrail","49","0","0","8","0","Compiling M_FX_windtrail: Platform=PCD3D_SM6, Usage=LightingModel=MSM_Unlit, BlendMode=BLEND_TranslucentGreyTransmittance, SpecialEngine=0, TwoSided=0, TSNormal=1, Masked=0, Distorted=0, WritesEveryPixel=1, ModifiesMeshPosition=0, Usage={bUsedWithBeamTrails}"
"/Engine/VREditor/SnapGrid/SnapGridMaterial.SnapGridMaterial","49","0","0","12","0","Compiling SnapGridMaterial: Platform=PCD3D_SM6, Usage=LightingModel=MSM_Unlit, BlendMode=BLEND_TranslucentGreyTransmittance, SpecialEngine=0, TwoSided=1, TSNormal=1, Masked=0, Distorted=0, WritesEveryPixel=1, ModifiesMeshPosition=0, Usage={bUsedWithStaticLighting,bUsedWithSplineMeshes}"
"/Paper2D/DefaultSpriteMaterial.DefaultSpriteMaterial","49","0","0","14","0","Compiling DefaultSpriteMaterial: Platform=PCD3D_SM6, Usage=LightingModel=MSM_Unlit, BlendMode=BLEND_Opaque, SpecialEngine=0, TwoSided=1, TSNormal=1, Masked=0, Distorted=0, WritesEveryPixel=1, ModifiesMeshPosition=0, Usage={bUsedWithNiagaraSprites}"
"/Paper2D/DefaultSpriteMaterial.DefaultSpriteMaterial","49","0","0","36","0","Compiling DefaultSpriteMaterial: Platform=PCD3D_SM6, Usage=LightingModel=MSM_Unlit, BlendMode=BLEND_Masked, SpecialEngine=0, TwoSided=1, TSNormal=1, Masked=1, Distorted=0, WritesEveryPixel=0, ModifiesMeshPosition=0, Usage={bUsedWithNiagaraSprites}"
"/Game/MVP_Resources/FPWeapon/Materials/BaseMaterial.BaseMaterial","49","0","0","13","0","Compiling BaseMaterial: Platform=PCD3D_SM6, Usage=LightingModel=MSM_DefaultLit, BlendMode=BLEND_Opaque, SpecialEngine=0, TwoSided=0, TSNormal=1, Masked=0, Distorted=0, WritesEveryPixel=1, ModifiesMeshPosition=0, Usage={bUsedWithSkeletalMesh,bUsedWithStaticLighting,bUsedWithInstancedStaticMeshes}"
"/Game/MVP_Resources/Pieces/Dark_Mat.Dark_Mat","49","0","0","10","0","Compiling Dark_Mat: Platform=PCD3D_SM6, Usage=LightingModel=MSM_DefaultLit, BlendMode=BLEND_Opaque, SpecialEngine=0, TwoSided=0, TSNormal=1, Masked=0, Distorted=0, WritesEveryPixel=1, ModifiesMeshPosition=0, Usage={bUsedWithInstancedStaticMeshes}"
"/Game/ThirdPerson/Models/yonFBX/Metal_002.Metal_002","49","0","0","5","0","Compiling Metal_002: Platform=PCD3D_SM6, Usage=LightingModel=MSM_DefaultLit, BlendMode=BLEND_Opaque, SpecialEngine=0, TwoSided=0, TSNormal=1, Masked=0, Distorted=0, WritesEveryPixel=1, ModifiesMeshPosition=0, Usage={}"
"/Game/ThirdPerson/Models/yonFBX/Black_001.Black_001","49","0","0","5","0","Compiling Black_001: Platform=PCD3D_SM6, Usage=LightingModel=MSM_DefaultLit, BlendMode=BLEND_Opaque, SpecialEngine=0, TwoSided=0, TSNormal=1, Masked=0, Distorted=0, WritesEveryPixel=1, ModifiesMeshPosition=0, Usage={}"
"/Game/ThirdPerson/Materials/grass.grass","49","13","0","5","26","Compiling grass: Platform=PCD3D_SM6, Usage=LightingModel=MSM_DefaultLit, BlendMode=BLEND_Opaque, SpecialEngine=0, TwoSided=0, TSNormal=1, Masked=0, Distorted=0, WritesEveryPixel=1, ModifiesMeshPosition=0, Usage={}"
"/Game/ThirdPerson/Models/yonFBX/Studio_Setup_Mtl_17_001.Studio_Setup_Mtl_17_001","49","0","0","5","0","Compiling Studio_Setup_Mtl_17_001: Platform=PCD3D_SM6, Usage=LightingModel=MSM_DefaultLit, BlendMode=BLEND_Opaque, SpecialEngine=0, TwoSided=0, TSNormal=1, Masked=0, Distorted=0, WritesEveryPixel=1, ModifiesMeshPosition=0, Usage={}"
"/Game/ThirdPerson/Models/yonFBX/Studio_Setup_Mtl_16_001.Studio_Setup_Mtl_16_001","49","0","0","5","0","Compiling Studio_Setup_Mtl_16_001: Platform=PCD3D_SM6, Usage=LightingModel=MSM_DefaultLit, BlendMode=BLEND_Opaque, SpecialEngine=0, TwoSided=0, TSNormal=1, Masked=0, Distorted=0, WritesEveryPixel=1, ModifiesMeshPosition=0, Usage={}"
"/Engine/EditorMaterials/Camera/CineMat.CineMat","49","0","0","8","0","Compiling CineMat: Platform=PCD3D_SM6, Usage=LightingModel=MSM_DefaultLit, BlendMode=BLEND_Opaque, SpecialEngine=0, TwoSided=0, TSNormal=1, Masked=0, Distorted=0, WritesEveryPixel=1, ModifiesMeshPosition=0, Usage={bUsedWithSplineMeshes}"
"/ControlRig/Controls/ControlRigXRayMaterial.ControlRigXRayMaterial","49","0","0","9","0","Compiling ControlRigXRayMaterial: Platform=PCD3D_SM6, Usage=LightingModel=MSM_Unlit, BlendMode=BLEND_TranslucentGreyTransmittance, SpecialEngine=0, TwoSided=0, TSNormal=1, Masked=0, Distorted=0, WritesEveryPixel=1, ModifiesMeshPosition=1, Usage={bUsedWithStaticLighting}"
"/Engine/BasicShapes/BasicShapeMaterial.BasicShapeMaterial","49","0","0","18","0","Compiling BasicShapeMaterial: Platform=PCD3D_SM6, Usage=LightingModel=MSM_DefaultLit, BlendMode=BLEND_Opaque, SpecialEngine=0, TwoSided=0, TSNormal=1, Masked=0, Distorted=0, WritesEveryPixel=1, ModifiesMeshPosition=0, Usage={bUsedWithStaticLighting,bUsedWithInstancedStaticMeshes,bUsedWithGeometryCollections,bUsedWithNanite}"
"/Engine/EngineMaterials/GizmoMaterial.GizmoMaterial","49","0","0","8","0","Compiling GizmoMaterial: Platform=PCD3D_SM6, Usage=LightingModel=MSM_Unlit, BlendMode=BLEND_Opaque, SpecialEngine=0, TwoSided=1, TSNormal=1, Masked=0, Distorted=0, WritesEveryPixel=1, ModifiesMeshPosition=0, Usage={}"
"/MovieRenderPipeline/Materials/MoviePipeline_StencilCutout.MoviePipeline_StencilCutout","49","0","0","22","0","Compiling MoviePipeline_StencilCutout: Platform=PCD3D_SM6, Usage=LightingModel=MSM_Unlit, BlendMode=BLEND_Opaque, SpecialEngine=0, TwoSided=0, TSNormal=1, Masked=0, Distorted=0, WritesEveryPixel=0, ModifiesMeshPosition=0, Usage={}"
"/Engine/EditorMaterials/Dataflow/DataflowVertexMaterial.DataflowVertexMaterial","49","0","0","8","0","Compiling DataflowVertexMaterial: Platform=PCD3D_SM6, Usage=LightingModel=MSM_DefaultLit, BlendMode=BLEND_Opaque, SpecialEngine=0, TwoSided=0, TSNormal=1, Masked=0, Distorted=0, WritesEveryPixel=1, ModifiesMeshPosition=0, Usage={bUsedWithSkeletalMesh}"
"/Avalanche/ToolboxResources/M_Toolbox_Mask.M_Toolbox_Mask","49","0","0","8","0","Compiling M_Toolbox_Mask: Platform=PCD3D_SM6, Usage=LightingModel=MSM_Unlit, BlendMode=BLEND_TranslucentGreyTransmittance, SpecialEngine=0, TwoSided=0, TSNormal=1, Masked=0, Distorted=0, WritesEveryPixel=1, ModifiesMeshPosition=0, Usage={bUsedWithNiagaraMeshParticles}"
"/Avalanche/M_SeeThrough.M_SeeThrough","49","0","0","13","0","Compiling M_SeeThrough: Platform=PCD3D_SM6, Usage=LightingModel=MSM_Unlit, BlendMode=BLEND_TranslucentGreyTransmittance, SpecialEngine=0, TwoSided=0, TSNormal=1, Masked=0, Distorted=0, WritesEveryPixel=1, ModifiesMeshPosition=0, Usage={bUsedWithStaticLighting}"
"/Engine/EditorLandscapeResources/SplineEditorMeshMat.SplineEditorMeshMat","49","0","0","17","0","Compiling SplineEditorMeshMat: Platform=PCD3D_SM6, Usage=LightingModel=MSM_Unlit, BlendMode=BLEND_Opaque, SpecialEngine=0, TwoSided=1, TSNormal=1, Masked=0, Distorted=0, WritesEveryPixel=1, ModifiesMeshPosition=0, Usage={bUsedWithSplineMeshes,bUsedWithNanite}"
"/Engine/EngineDebugMaterials/M_SimpleUnlitTranslucent.M_SimpleUnlitTranslucent","49","0","0","5","0","Compiling M_SimpleUnlitTranslucent: Platform=PCD3D_SM6, Usage=LightingModel=MSM_Unlit, BlendMode=BLEND_TranslucentGreyTransmittance, SpecialEngine=0, TwoSided=0, TSNormal=1, Masked=0, Distorted=0, WritesEveryPixel=1, ModifiesMeshPosition=0, Usage={}"
"/Engine/VREditor/TransformGizmo/Xray.Xray","49","0","0","5","0","Compiling Xray: Platform=PCD3D_SM6, Usage=LightingModel=MSM_DefaultLit, BlendMode=BLEND_Opaque, SpecialEngine=0, TwoSided=0, TSNormal=1, Masked=0, Distorted=0, WritesEveryPixel=1, ModifiesMeshPosition=0, Usage={}"
"/Engine/VREditor/TransformGizmo/Main.Main","49","0","0","5","0","Compiling Main: Platform=PCD3D_SM6, Usage=LightingModel=MSM_Unlit, BlendMode=BLEND_TranslucentGreyTransmittance, SpecialEngine=0, TwoSided=0, TSNormal=1, Masked=0, Distorted=0, WritesEveryPixel=1, ModifiesMeshPosition=0, Usage={}"
"/Engine/VREditor/TransformGizmo/TranslucentTransformGizmoMaterial.TranslucentTransformGizmoMaterial","49","0","0","5","0","Compiling TranslucentTransformGizmoMaterial: Platform=PCD3D_SM6, Usage=LightingModel=MSM_Unlit, BlendMode=BLEND_TranslucentGreyTransmittance, SpecialEngine=0, TwoSided=0, TSNormal=1, Masked=0, Distorted=0, WritesEveryPixel=1, ModifiesMeshPosition=0, Usage={}"
"/Engine/EngineMaterials/DefaultLightFunctionMaterial.DefaultLightFunctionMaterial","49","0","0","61","0","Compiling DefaultLightFunctionMaterial: Platform=PCD3D_SM6, Usage=LightingModel=MSM_Unlit, BlendMode=BLEND_Opaque, SpecialEngine=0, TwoSided=0, TSNormal=1, Masked=0, Distorted=0, WritesEveryPixel=1, ModifiesMeshPosition=0, Usage={}"
"/Game/WaterPlane/Ocean/Materials/FakedCaustics.FakedCaustics","49","0","0","5","0","Compiling FakedCaustics: Platform=PCD3D_SM6, Usage=LightingModel=MSM_DefaultLit, BlendMode=BLEND_Opaque, SpecialEngine=0, TwoSided=0, TSNormal=1, Masked=0, Distorted=0, WritesEveryPixel=1, ModifiesMeshPosition=0, Usage={}"
"/Game/ThirdPerson/Models/yonFBX/White_002.White_002","49","0","0","5","0","Compiling White_002: Platform=PCD3D_SM6, Usage=LightingModel=MSM_DefaultLit, BlendMode=BLEND_Opaque, SpecialEngine=0, TwoSided=0, TSNormal=1, Masked=0, Distorted=0, WritesEveryPixel=1, ModifiesMeshPosition=0, Usage={}"
"/Game/ThirdPerson/Models/yonFBX/Studio_Setup_Mtl_9_001.Studio_Setup_Mtl_9_001","49","0","0","5","0","Compiling Studio_Setup_Mtl_9_001: Platform=PCD3D_SM6, Usage=LightingModel=MSM_DefaultLit, BlendMode=BLEND_Opaque, SpecialEngine=0, TwoSided=0, TSNormal=1, Masked=0, Distorted=0, WritesEveryPixel=1, ModifiesMeshPosition=0, Usage={}"
"/Game/ThirdPerson/Models/yonFBX/Studio_Setup_Mtl_8_001.Studio_Setup_Mtl_8_001","49","0","0","5","0","Compiling Studio_Setup_Mtl_8_001: Platform=PCD3D_SM6, Usage=LightingModel=MSM_DefaultLit, BlendMode=BLEND_Opaque, SpecialEngine=0, TwoSided=0, TSNormal=1, Masked=0, Distorted=0, WritesEveryPixel=1, ModifiesMeshPosition=0, Usage={}"
"/Game/ThirdPerson/Models/yonFBX/Studio_Setup_Mtl_7_001.Studio_Setup_Mtl_7_001","49","0","0","5","0","Compiling Studio_Setup_Mtl_7_001: Platform=PCD3D_SM6, Usage=LightingModel=MSM_DefaultLit, BlendMode=BLEND_Opaque, SpecialEngine=0, TwoSided=0, TSNormal=1, Masked=0, Distorted=0, WritesEveryPixel=1, ModifiesMeshPosition=0, Usage={}"
"/Game/ThirdPerson/Models/yonFBX/Studio_Setup_Mtl_6_001.Studio_Setup_Mtl_6_001","49","0","0","5","0","Compiling Studio_Setup_Mtl_6_001: Platform=PCD3D_SM6, Usage=LightingModel=MSM_DefaultLit, BlendMode=BLEND_Opaque, SpecialEngine=0, TwoSided=0, TSNormal=1, Masked=0, Distorted=0, WritesEveryPixel=1, ModifiesMeshPosition=0, Usage={}"
"/Game/ThirdPerson/Models/yonFBX/Studio_Setup_Mtl_5_001.Studio_Setup_Mtl_5_001","49","0","0","5","0","Compiling Studio_Setup_Mtl_5_001: Platform=PCD3D_SM6, Usage=LightingModel=MSM_DefaultLit, BlendMode=BLEND_Opaque, SpecialEngine=0, TwoSided=0, TSNormal=1, Masked=0, Distorted=0, WritesEveryPixel=1, ModifiesMeshPosition=0, Usage={}"
"/Game/ThirdPerson/Models/yonFBX/Studio_Setup_Mtl_4_001.Studio_Setup_Mtl_4_001","49","0","0","5","0","Compiling Studio_Setup_Mtl_4_001: Platform=PCD3D_SM6, Usage=LightingModel=MSM_DefaultLit, BlendMode=BLEND_Opaque, SpecialEngine=0, TwoSided=0, TSNormal=1, Masked=0, Distorted=0, WritesEveryPixel=1, ModifiesMeshPosition=0, Usage={}"
"/Game/ThirdPerson/Models/yonFBX/Studio_Setup_Mtl_3_001.Studio_Setup_Mtl_3_001","49","0","0","5","0","Compiling Studio_Setup_Mtl_3_001: Platform=PCD3D_SM6, Usage=LightingModel=MSM_DefaultLit, BlendMode=BLEND_Opaque, SpecialEngine=0, TwoSided=0, TSNormal=1, Masked=0, Distorted=0, WritesEveryPixel=1, ModifiesMeshPosition=0, Usage={}"
"/Game/ThirdPerson/Models/yonFBX/Studio_Setup_Mtl_2_001.Studio_Setup_Mtl_2_001","49","0","0","5","0","Compiling Studio_Setup_Mtl_2_001: Platform=PCD3D_SM6, Usage=LightingModel=MSM_DefaultLit, BlendMode=BLEND_Opaque, SpecialEngine=0, TwoSided=0, TSNormal=1, Masked=0, Distorted=0, WritesEveryPixel=1, ModifiesMeshPosition=0, Usage={}"
"/Game/ThirdPerson/Models/yonFBX/Studio_Setup_Mtl_1_001.Studio_Setup_Mtl_1_001","49","0","0","5","0","Compiling Studio_Setup_Mtl_1_001: Platform=PCD3D_SM6, Usage=LightingModel=MSM_DefaultLit, BlendMode=BLEND_Opaque, SpecialEngine=0, TwoSided=0, TSNormal=1, Masked=0, Distorted=0, WritesEveryPixel=1, ModifiesMeshPosition=0, Usage={}"
"/Game/ThirdPerson/Models/yonFBX/Studio_Setup_Mtl_19_001.Studio_Setup_Mtl_19_001","49","0","0","5","0","Compiling Studio_Setup_Mtl_19_001: Platform=PCD3D_SM6, Usage=LightingModel=MSM_DefaultLit, BlendMode=BLEND_Opaque, SpecialEngine=0, TwoSided=0, TSNormal=1, Masked=0, Distorted=0, WritesEveryPixel=1, ModifiesMeshPosition=0, Usage={}"
"/Game/ThirdPerson/Models/yonFBX/Studio_Setup_Mtl_18_001.Studio_Setup_Mtl_18_001","49","0","0","5","0","Compiling Studio_Setup_Mtl_18_001: Platform=PCD3D_SM6, Usage=LightingModel=MSM_DefaultLit, BlendMode=BLEND_Opaque, SpecialEngine=0, TwoSided=0, TSNormal=1, Masked=0, Distorted=0, WritesEveryPixel=1, ModifiesMeshPosition=0, Usage={}"
"/Game/ThirdPerson/Models/yonFBX/Studio_Setup_Mtl_15_001.Studio_Setup_Mtl_15_001","49","0","0","5","0","Compiling Studio_Setup_Mtl_15_001: Platform=PCD3D_SM6, Usage=LightingModel=MSM_DefaultLit, BlendMode=BLEND_Opaque, SpecialEngine=0, TwoSided=0, TSNormal=1, Masked=0, Distorted=0, WritesEveryPixel=1, ModifiesMeshPosition=0, Usage={}"
"/Game/ThirdPerson/Models/yonFBX/Studio_Setup_Mtl_14_001.Studio_Setup_Mtl_14_001","49","0","0","5","0","Compiling Studio_Setup_Mtl_14_001: Platform=PCD3D_SM6, Usage=LightingModel=MSM_DefaultLit, BlendMode=BLEND_Opaque, SpecialEngine=0, TwoSided=0, TSNormal=1, Masked=0, Distorted=0, WritesEveryPixel=1, ModifiesMeshPosition=0, Usage={}"
"/Game/ThirdPerson/Models/yonFBX/Studio_Setup_Mtl_13_001.Studio_Setup_Mtl_13_001","49","0","0","5","0","Compiling Studio_Setup_Mtl_13_001: Platform=PCD3D_SM6, Usage=LightingModel=MSM_DefaultLit, BlendMode=BLEND_Opaque, SpecialEngine=0, TwoSided=0, TSNormal=1, Masked=0, Distorted=0, WritesEveryPixel=1, ModifiesMeshPosition=0, Usage={}"
"/Game/ThirdPerson/Models/yonFBX/Studio_Setup_Mtl_12_001.Studio_Setup_Mtl_12_001","49","0","0","5","0","Compiling Studio_Setup_Mtl_12_001: Platform=PCD3D_SM6, Usage=LightingModel=MSM_DefaultLit, BlendMode=BLEND_Opaque, SpecialEngine=0, TwoSided=0, TSNormal=1, Masked=0, Distorted=0, WritesEveryPixel=1, ModifiesMeshPosition=0, Usage={}"
"/Game/ThirdPerson/Models/yonFBX/Studio_Setup_Mtl_11_001.Studio_Setup_Mtl_11_001","49","0","0","5","0","Compiling Studio_Setup_Mtl_11_001: Platform=PCD3D_SM6, Usage=LightingModel=MSM_DefaultLit, BlendMode=BLEND_Opaque, SpecialEngine=0, TwoSided=0, TSNormal=1, Masked=0, Distorted=0, WritesEveryPixel=1, ModifiesMeshPosition=0, Usage={}"
"/Game/ThirdPerson/Models/yonFBX/Studio_Setup_Mtl_10_001.Studio_Setup_Mtl_10_001","49","0","0","5","0","Compiling Studio_Setup_Mtl_10_001: Platform=PCD3D_SM6, Usage=LightingModel=MSM_DefaultLit, BlendMode=BLEND_Opaque, SpecialEngine=0, TwoSided=0, TSNormal=1, Masked=0, Distorted=0, WritesEveryPixel=1, ModifiesMeshPosition=0, Usage={}"
"/Game/ThirdPerson/Models/yonFBX/Studio_Plastic_1.Studio_Plastic_1","49","0","0","5","0","Compiling Studio_Plastic_1: Platform=PCD3D_SM6, Usage=LightingModel=MSM_DefaultLit, BlendMode=BLEND_Opaque, SpecialEngine=0, TwoSided=0, TSNormal=1, Masked=0, Distorted=0, WritesEveryPixel=1, ModifiesMeshPosition=0, Usage={}"
"/Game/ThirdPerson/Models/yonFBX/Studio_Fabric_3.Studio_Fabric_3","49","0","0","5","0","Compiling Studio_Fabric_3: Platform=PCD3D_SM6, Usage=LightingModel=MSM_DefaultLit, BlendMode=BLEND_Opaque, SpecialEngine=0, TwoSided=0, TSNormal=1, Masked=0, Distorted=0, WritesEveryPixel=1, ModifiesMeshPosition=0, Usage={}"
"/Game/ThirdPerson/Models/yonFBX/QS_002.QS_002","49","0","0","5","0","Compiling QS_002: Platform=PCD3D_SM6, Usage=LightingModel=MSM_DefaultLit, BlendMode=BLEND_Opaque, SpecialEngine=0, TwoSided=0, TSNormal=1, Masked=0, Distorted=0, WritesEveryPixel=1, ModifiesMeshPosition=0, Usage={}"
"/Game/Stylized_PBR_Nature/Terrain/M_Water_Basic.M_Water_Basic","49","0","0","10","0","Compiling M_Water_Basic: Platform=PCD3D_SM6, Usage=LightingModel=MSM_DefaultLit, BlendMode=BLEND_Opaque, SpecialEngine=0, TwoSided=0, TSNormal=1, Masked=0, Distorted=0, WritesEveryPixel=1, ModifiesMeshPosition=0, Usage={bUsedWithStaticLighting,bUsedWithNanite}"
"/Game/MVP_Resources/double-barrel/source/Material_002.Material_002","49","0","0","8","0","Compiling Material_002: Platform=PCD3D_SM6, Usage=LightingModel=MSM_DefaultLit, BlendMode=BLEND_Opaque, SpecialEngine=0, TwoSided=0, TSNormal=1, Masked=0, Distorted=0, WritesEveryPixel=1, ModifiesMeshPosition=0, Usage={bUsedWithSkeletalMesh}"
"/Game/MVP_Resources/double-barrel/source/Material_001.Material_001","49","0","0","5","0","Compiling Material_001: Platform=PCD3D_SM6, Usage=LightingModel=MSM_DefaultLit, BlendMode=BLEND_Opaque, SpecialEngine=0, TwoSided=0, TSNormal=1, Masked=0, Distorted=0, WritesEveryPixel=1, ModifiesMeshPosition=0, Usage={}"
"/Game/MVP_Resources/opacity.opacity","49","0","0","8","0","Compiling opacity: Platform=PCD3D_SM6, Usage=LightingModel=MSM_DefaultLit, BlendMode=BLEND_Opaque, SpecialEngine=0, TwoSided=0, TSNormal=1, Masked=0, Distorted=0, WritesEveryPixel=1, ModifiesMeshPosition=0, Usage={bUsedWithSkeletalMesh}"
"/Game/MVP_Resources/mat_lunara.mat_lunara","49","0","0","8","0","Compiling mat_lunara: Platform=PCD3D_SM6, Usage=LightingModel=MSM_DefaultLit, BlendMode=BLEND_Opaque, SpecialEngine=0, TwoSided=0, TSNormal=1, Masked=0, Distorted=0, WritesEveryPixel=1, ModifiesMeshPosition=0, Usage={bUsedWithSkeletalMesh}"
"/Game/MVP_Resources/Material_002.Material_002","49","0","0","8","0","Compiling Material_002: Platform=PCD3D_SM6, Usage=LightingModel=MSM_DefaultLit, BlendMode=BLEND_Opaque, SpecialEngine=0, TwoSided=0, TSNormal=1, Masked=0, Distorted=0, WritesEveryPixel=1, ModifiesMeshPosition=0, Usage={bUsedWithSkeletalMesh}"
"/Game/MuzzleFlash/Demo/FPWeapon/Materials/BaseMaterial.BaseMaterial","49","0","0","8","0","Compiling BaseMaterial: Platform=PCD3D_SM6, Usage=LightingModel=MSM_DefaultLit, BlendMode=BLEND_Opaque, SpecialEngine=0, TwoSided=0, TSNormal=1, Masked=0, Distorted=0, WritesEveryPixel=1, ModifiesMeshPosition=0, Usage={bUsedWithSkeletalMesh,bUsedWithStaticLighting}"
"/Game/MuzzleFlash/Demo/LevelPrototyping/Materials/M_Solid.M_Solid","49","0","0","8","0","Compiling M_Solid: Platform=PCD3D_SM6, Usage=LightingModel=MSM_DefaultLit, BlendMode=BLEND_Opaque, SpecialEngine=0, TwoSided=0, TSNormal=1, Masked=0, Distorted=0, WritesEveryPixel=1, ModifiesMeshPosition=0, Usage={bUsedWithSkeletalMesh}"
"/Game/Fantastic_Village_Pack/materials/master_materials/M_Master_CLR.M_Master_CLR","49","0","0","16","0","Compiling M_Master_CLR: Platform=PCD3D_SM6, Usage=LightingModel=MSM_DefaultLit, BlendMode=BLEND_TranslucentGreyTransmittance, SpecialEngine=0, TwoSided=0, TSNormal=1, Masked=0, Distorted=0, WritesEveryPixel=1, ModifiesMeshPosition=0, Usage={bUsedWithStaticLighting,bUsedWithInstancedStaticMeshes}"
"/Game/Fantastic_Village_Pack/materials/master_materials/M_Master_CLR.M_Master_CLR","49","0","0","10","0","Compiling M_Master_CLR: Platform=PCD3D_SM6, Usage=LightingModel=MSM_DefaultLit, BlendMode=BLEND_Opaque, SpecialEngine=0, TwoSided=0, TSNormal=1, Masked=0, Distorted=0, WritesEveryPixel=1, ModifiesMeshPosition=0, Usage={bUsedWithStaticLighting,bUsedWithInstancedStaticMeshes}"
"/Engine/EngineSky/M_SimpleSkyDome.M_SimpleSkyDome","49","0","0","4","0","Compiling M_SimpleSkyDome: Platform=PCD3D_SM6, Usage=LightingModel=MSM_Unlit, BlendMode=BLEND_Opaque, SpecialEngine=0, TwoSided=0, TSNormal=1, Masked=0, Distorted=0, WritesEveryPixel=1, ModifiesMeshPosition=0, Usage={}"
"/Niagara/DefaultAssets/DefaultSpriteMaterial.DefaultSpriteMaterial","49","0","0","37","0","Compiling DefaultSpriteMaterial: Platform=PCD3D_SM6, Usage=LightingModel=MSM_Unlit, BlendMode=BLEND_Additive, SpecialEngine=0, TwoSided=1, TSNormal=1, Masked=0, Distorted=0, WritesEveryPixel=1, ModifiesMeshPosition=0, Usage={bUsedWithParticleSprites,bUsedWithNiagaraSprites,bUsedWithNiagaraRibbons}"
"/Engine/EngineMaterials/FlattenMaterial_VT.FlattenMaterial_VT","49","0","0","13","0","Compiling FlattenMaterial_VT: Platform=PCD3D_SM6, Usage=LightingModel=MSM_DefaultLit, BlendMode=BLEND_Opaque, SpecialEngine=0, TwoSided=0, TSNormal=1, Masked=0, Distorted=0, WritesEveryPixel=1, ModifiesMeshPosition=0, Usage={bUsedWithSkeletalMesh,bUsedWithStaticLighting,bUsedWithMorphTargets,bUsedWithNanite}, StaticSwitch'PackMetallic2-1'=False, StaticSwitch'PackRoughness2-1'=False, StaticSwitch'PackSpecular2-1'=False, StaticSwitch'UseAmbientOcclusion2-1'=False, StaticSwitch'UseBaseColor2-1'=False, StaticSwitch'UseCustomUV2-1'=False, StaticSwitch'UseEmissiveColor2-1'=False, StaticSwitch'UseEmissiveHDR2-1'=False, StaticSwitch'UseMetallic2-1'=False, StaticSwitch'UseOpacity2-1'=False, StaticSwitch'UseOpacityMask2-1'=False, StaticSwitch'UseRoughness2-1'=False, StaticSwitch'UseSpecular2-1'=False, StaticSwitch'UseUV12-1'=False, StaticSwitch'UseUV22-1'=False, StaticSwitch'UseUV32-1'=False, StaticSwitch'UseUV42-1'=False, StaticSwitch'UseUV52-1'=False, StaticSwitch'UseUV62-1'=False"
"/Engine/EngineMaterials/FlattenMaterial.FlattenMaterial","49","0","0","13","0","Compiling FlattenMaterial: Platform=PCD3D_SM6, Usage=LightingModel=MSM_DefaultLit, BlendMode=BLEND_Opaque, SpecialEngine=0, TwoSided=0, TSNormal=1, Masked=0, Distorted=0, WritesEveryPixel=1, ModifiesMeshPosition=0, Usage={bUsedWithSkeletalMesh,bUsedWithStaticLighting,bUsedWithMorphTargets,bUsedWithNanite}, StaticSwitch'PackMetallic2-1'=False, StaticSwitch'PackRoughness2-1'=False, StaticSwitch'PackSpecular2-1'=False, StaticSwitch'UseAmbientOcclusion2-1'=False, StaticSwitch'UseBaseColor2-1'=False, StaticSwitch'UseCustomUV2-1'=False, StaticSwitch'UseEmissiveColor2-1'=False, StaticSwitch'UseEmissiveHDR2-1'=False, StaticSwitch'UseMetallic2-1'=False, StaticSwitch'UseOpacity2-1'=False, StaticSwitch'UseOpacityMask2-1'=False, StaticSwitch'UseRoughness2-1'=False, StaticSwitch'UseSpecular2-1'=False, StaticSwitch'UseUV12-1'=False, StaticSwitch'UseUV22-1'=False, StaticSwitch'UseUV32-1'=False, StaticSwitch'UseUV42-1'=False, StaticSwitch'UseUV52-1'=False, StaticSwitch'UseUV62-1'=False"
"/Engine/EngineMaterials/M_InvalidLightmapSettings.M_InvalidLightmapSettings","49","0","0","10","0","Compiling M_InvalidLightmapSettings: Platform=PCD3D_SM6, Usage=LightingModel=MSM_DefaultLit, BlendMode=BLEND_Opaque, SpecialEngine=0, TwoSided=0, TSNormal=1, Masked=0, Distorted=0, WritesEveryPixel=1, ModifiesMeshPosition=0, Usage={bUsedWithInstancedStaticMeshes}"
"/MovieRenderPipeline/Blueprints/M_MoviePipelineRenderPreview.M_MoviePipelineRenderPreview","49","0","0","13","0","Compiling M_MoviePipelineRenderPreview: Platform=PCD3D_SM6, Usage=LightingModel=MSM_Unlit, BlendMode=BLEND_AlphaComposite, SpecialEngine=0, TwoSided=0, TSNormal=1, Masked=0, Distorted=0, WritesEveryPixel=1, ModifiesMeshPosition=0, Usage={}"
"/ControlRig/M_Manip.M_Manip","49","0","0","9","0","Compiling M_Manip: Platform=PCD3D_SM6, Usage=LightingModel=MSM_Unlit, BlendMode=BLEND_TranslucentGreyTransmittance, SpecialEngine=0, TwoSided=0, TSNormal=1, Masked=0, Distorted=0, WritesEveryPixel=1, ModifiesMeshPosition=1, Usage={}"
"/Engine/EngineDebugMaterials/M_VolumeRenderSphereTracePP.M_VolumeRenderSphereTracePP","49","0","0","5","0","Compiling M_VolumeRenderSphereTracePP: Platform=PCD3D_SM6, Usage=LightingModel=MSM_Unlit, BlendMode=BLEND_Opaque, SpecialEngine=0, TwoSided=0, TSNormal=1, Masked=0, Distorted=0, WritesEveryPixel=1, ModifiesMeshPosition=0, Usage={}"
"/MovieRenderPipeline/Materials/MovieRenderQueue_MotionVectors.MovieRenderQueue_MotionVectors","49","0","0","5","0","Compiling MovieRenderQueue_MotionVectors: Platform=PCD3D_SM6, Usage=LightingModel=MSM_Unlit, BlendMode=BLEND_Opaque, SpecialEngine=0, TwoSided=0, TSNormal=1, Masked=0, Distorted=0, WritesEveryPixel=1, ModifiesMeshPosition=0, Usage={}"
"/Engine/EngineMaterials/DefaultPostProcessMaterial.DefaultPostProcessMaterial","49","0","0","7","0","Compiling DefaultPostProcessMaterial: Platform=PCD3D_SM6, Usage=LightingModel=MSM_Unlit, BlendMode=BLEND_Opaque, SpecialEngine=0, TwoSided=0, TSNormal=1, Masked=0, Distorted=0, WritesEveryPixel=1, ModifiesMeshPosition=0, Usage={bUsedWithSkeletalMesh,bUsedWithStaticLighting}"
"/Engine/EngineMaterials/DefaultDeferredDecalMaterial.DefaultDeferredDecalMaterial","49","0","0","22","0","Compiling DefaultDeferredDecalMaterial: Platform=PCD3D_SM6, Usage=LightingModel=MSM_DefaultLit, BlendMode=BLEND_TranslucentGreyTransmittance, SpecialEngine=0, TwoSided=0, TSNormal=1, Masked=0, Distorted=0, WritesEveryPixel=1, ModifiesMeshPosition=0, Usage={bUsedWithSkeletalMesh,bUsedWithStaticLighting,bUsedWithSplineMeshes}"
"/Engine/VREditor/TransformGizmo/TransformGizmoMaterial.TransformGizmoMaterial","49","0","0","4","0","Compiling TransformGizmoMaterial: Platform=PCD3D_SM6, Usage=LightingModel=MSM_Unlit, BlendMode=BLEND_Opaque, SpecialEngine=0, TwoSided=0, TSNormal=1, Masked=0, Distorted=0, WritesEveryPixel=1, ModifiesMeshPosition=0, Usage={}"
"/MovieRenderPipeline/Materials/MovieRenderQueue_WorldDepth.MovieRenderQueue_WorldDepth","49","0","0","5","0","Compiling MovieRenderQueue_WorldDepth: Platform=PCD3D_SM6, Usage=LightingModel=MSM_Unlit, BlendMode=BLEND_Opaque, SpecialEngine=0, TwoSided=0, TSNormal=1, Masked=0, Distorted=0, WritesEveryPixel=1, ModifiesMeshPosition=0, Usage={}"
"/Engine/EngineMaterials/PhAT_JointLimitMaterial.PhAT_JointLimitMaterial","49","0","0","9","0","Compiling PhAT_JointLimitMaterial: Platform=PCD3D_SM6, Usage=LightingModel=MSM_Unlit, BlendMode=BLEND_TranslucentGreyTransmittance, SpecialEngine=0, TwoSided=1, TSNormal=1, Masked=0, Distorted=0, WritesEveryPixel=1, ModifiesMeshPosition=1, Usage={}"
"/SVGImporter/Materials/SVGTextureMaterial_Unlit.SVGTextureMaterial_Unlit","49","0","0","19","0","Compiling SVGTextureMaterial_Unlit: Platform=PCD3D_SM6, Usage=LightingModel=MSM_Unlit, BlendMode=BLEND_Masked, SpecialEngine=0, TwoSided=0, TSNormal=1, Masked=1, Distorted=0, WritesEveryPixel=0, ModifiesMeshPosition=0, Usage={}"
"/SVGImporter/Materials/SVGTextureMaterial.SVGTextureMaterial","49","0","0","20","0","Compiling SVGTextureMaterial: Platform=PCD3D_SM6, Usage=LightingModel=MSM_DefaultLit, BlendMode=BLEND_Masked, SpecialEngine=0, TwoSided=0, TSNormal=1, Masked=1, Distorted=0, WritesEveryPixel=0, ModifiesMeshPosition=0, Usage={}"
"/Engine/EngineMaterials/EmissiveMeshMaterial.EmissiveMeshMaterial","49","0","0","7","0","Compiling EmissiveMeshMaterial: Platform=PCD3D_SM6, Usage=LightingModel=MSM_Unlit, BlendMode=BLEND_Additive, SpecialEngine=0, TwoSided=1, TSNormal=1, Masked=0, Distorted=0, WritesEveryPixel=1, ModifiesMeshPosition=0, Usage={}"
"/Game/ThirdPerson/Materials/BaseCanela.BaseCanela","49","0","0","5","0","Compiling BaseCanela: Platform=PCD3D_SM6, Usage=LightingModel=MSM_DefaultLit, BlendMode=BLEND_Opaque, SpecialEngine=0, TwoSided=0, TSNormal=1, Masked=0, Distorted=0, WritesEveryPixel=1, ModifiesMeshPosition=0, Usage={}"
"/Engine/EngineMaterials/FlattenMaterial_WS_Normal_VT.FlattenMaterial_WS_Normal_VT","49","0","0","13","0","Compiling FlattenMaterial_WS_Normal_VT: Platform=PCD3D_SM6, Usage=LightingModel=MSM_DefaultLit, BlendMode=BLEND_Opaque, SpecialEngine=0, TwoSided=0, TSNormal=0, Masked=0, Distorted=0, WritesEveryPixel=1, ModifiesMeshPosition=0, Usage={bUsedWithSkeletalMesh,bUsedWithStaticLighting,bUsedWithMorphTargets,bUsedWithNanite}, StaticSwitch'PackMetallic2-1'=False, StaticSwitch'PackRoughness2-1'=False, StaticSwitch'PackSpecular2-1'=False, StaticSwitch'UseAmbientOcclusion2-1'=False, StaticSwitch'UseBaseColor2-1'=False, StaticSwitch'UseCustomUV2-1'=False, StaticSwitch'UseEmissiveColor2-1'=False, StaticSwitch'UseEmissiveHDR2-1'=False, StaticSwitch'UseMetallic2-1'=False, StaticSwitch'UseOpacity2-1'=False, StaticSwitch'UseOpacityMask2-1'=False, StaticSwitch'UseRoughness2-1'=False, StaticSwitch'UseSpecular2-1'=False, StaticSwitch'UseUV12-1'=False, StaticSwitch'UseUV22-1'=False, StaticSwitch'UseUV32-1'=False, StaticSwitch'UseUV42-1'=False, StaticSwitch'UseUV52-1'=False, StaticSwitch'UseUV62-1'=False"
"/Game/MVP_Resources/Material_001.Material_001","49","0","0","8","0","Compiling Material_001: Platform=PCD3D_SM6, Usage=LightingModel=MSM_DefaultLit, BlendMode=BLEND_Opaque, SpecialEngine=0, TwoSided=0, TSNormal=1, Masked=0, Distorted=0, WritesEveryPixel=1, ModifiesMeshPosition=0, Usage={bUsedWithSkeletalMesh}"
"/Game/MVP_Resources/FPWeapon/Materials/M_FPGun.M_FPGun","49","0","0","38","38","Compiling M_FPGun: Platform=PCD3D_SM6, Usage=LightingModel=MSM_DefaultLit, BlendMode=BLEND_Masked, SpecialEngine=0, TwoSided=0, TSNormal=1, Masked=1, Distorted=0, WritesEveryPixel=0, ModifiesMeshPosition=0, Usage={bUsedWithSkeletalMesh}"
"/SVGImporter/Materials/SVGMainMaterial.SVGMainMaterial","49","0","0","20","0","Compiling SVGMainMaterial: Platform=PCD3D_SM6, Usage=LightingModel=MSM_DefaultLit, BlendMode=BLEND_Masked, SpecialEngine=0, TwoSided=1, TSNormal=1, Masked=1, Distorted=0, WritesEveryPixel=0, ModifiesMeshPosition=0, Usage={}"
"/Game/Fantastic_Village_Pack/materials/master_materials/M_Master_transparent_plants_wind.M_Master_transparent_plants_wind","49","0","0","40","0","Compiling M_Master_transparent_plants_wind: Platform=PCD3D_SM6, Usage=LightingModel=MSM_DefaultLit, BlendMode=BLEND_Masked, SpecialEngine=0, TwoSided=1, TSNormal=1, Masked=1, Distorted=0, WritesEveryPixel=0, ModifiesMeshPosition=1, Usage={bUsedWithStaticLighting,bUsedWithInstancedStaticMeshes}"
"/SVGImporter/Materials/SVGMainMaterial_Unlit.SVGMainMaterial_Unlit","49","0","0","19","0","Compiling SVGMainMaterial_Unlit: Platform=PCD3D_SM6, Usage=LightingModel=MSM_Unlit, BlendMode=BLEND_Masked, SpecialEngine=0, TwoSided=1, TSNormal=1, Masked=1, Distorted=0, WritesEveryPixel=0, ModifiesMeshPosition=0, Usage={}"
"","49","1","8","0","0",""
"/Game/WaterPlane/Environment/Materials/M_Rock_Basalt.M_Rock_Basalt","49","0","0","13","36","Compiling M_Rock_Basalt: Platform=PCD3D_SM6, Usage=LightingModel=MSM_DefaultLit, BlendMode=BLEND_Opaque, SpecialEngine=0, TwoSided=0, TSNormal=1, Masked=0, Distorted=0, WritesEveryPixel=1, ModifiesMeshPosition=0, Usage={bUsedWithStaticLighting}"
"/Engine/EngineSky/VolumetricClouds/m_SimpleVolumetricCloud.m_SimpleVolumetricCloud","49","0","0","88","0","Compiling m_SimpleVolumetricCloud: Platform=PCD3D_SM6, Usage=LightingModel=MSM_DefaultLit, BlendMode=BLEND_Additive, SpecialEngine=0, TwoSided=0, TSNormal=1, Masked=0, Distorted=0, WritesEveryPixel=1, ModifiesMeshPosition=0, Usage={bUsedWithVolumetricCloud}"
"/Game/Fantastic_Village_Pack/materials/master_materials/M_Master_skybox_day.M_Master_skybox_day","49","0","0","8","0","Compiling M_Master_skybox_day: Platform=PCD3D_SM6, Usage=LightingModel=MSM_Unlit, BlendMode=BLEND_Opaque, SpecialEngine=0, TwoSided=1, TSNormal=1, Masked=0, Distorted=0, WritesEveryPixel=1, ModifiesMeshPosition=0, Usage={bUsedWithStaticLighting}"
"/Engine/EngineMaterials/PPM_DefaultCalibrationGrayscale.PPM_DefaultCalibrationGrayscale","49","0","0","5","0","Compiling PPM_DefaultCalibrationGrayscale: Platform=PCD3D_SM6, Usage=LightingModel=MSM_Unlit, BlendMode=BLEND_Opaque, SpecialEngine=0, TwoSided=0, TSNormal=1, Masked=0, Distorted=0, WritesEveryPixel=1, ModifiesMeshPosition=0, Usage={}"
"/Engine/EngineMaterials/PPM_DefaultCalibrationColor.PPM_DefaultCalibrationColor","49","0","0","5","0","Compiling PPM_DefaultCalibrationColor: Platform=PCD3D_SM6, Usage=LightingModel=MSM_Unlit, BlendMode=BLEND_Opaque, SpecialEngine=0, TwoSided=0, TSNormal=1, Masked=0, Distorted=0, WritesEveryPixel=1, ModifiesMeshPosition=0, Usage={}"
"/Game/Stylized_PBR_Nature/Terrain/M_Landscape.M_Landscape","49","0","0","10","0","Compiling M_Landscape: Platform=PCD3D_SM6, Usage=LightingModel=MSM_DefaultLit, BlendMode=BLEND_Opaque, SpecialEngine=0, TwoSided=0, TSNormal=1, Masked=0, Distorted=0, WritesEveryPixel=1, ModifiesMeshPosition=0, Usage={bUsedWithStaticLighting,bUsedWithNanite}"
"/Engine/EngineMaterials/DefaultMaterial.DefaultMaterial","49","0","0","28","28","Compiling DefaultMaterial: Platform=PCD3D_SM6, Usage=LightingModel=MSM_DefaultLit, BlendMode=BLEND_Opaque, SpecialEngine=0, TwoSided=0, TSNormal=1, Masked=0, Distorted=0, WritesEveryPixel=1, ModifiesMeshPosition=0, Usage={bUsedWithSkeletalMesh,bUsedWithMeshParticles,bUsedWithStaticLighting,bUsedWithSplineMeshes,bUsedWithInstancedStaticMeshes,bUsedWithNiagaraSprites,bUsedWithNiagaraRibbons,bUsedWithNiagaraMeshParticles}"
"/Game/MuzzleFlash/MuzzleFlash/Materials/M_Fire.M_Fire","49","0","0","8","8","Compiling M_Fire: Platform=PCD3D_SM6, Usage=LightingModel=MSM_Unlit, BlendMode=BLEND_TranslucentGreyTransmittance, SpecialEngine=0, TwoSided=0, TSNormal=1, Masked=0, Distorted=0, WritesEveryPixel=1, ModifiesMeshPosition=0, Usage={bUsedWithNiagaraSprites}"
"/Game/MuzzleFlash/MuzzleFlash/Materials/M_Flash.M_Flash","49","0","0","8","8","Compiling M_Flash: Platform=PCD3D_SM6, Usage=LightingModel=MSM_Unlit, BlendMode=BLEND_TranslucentGreyTransmittance, SpecialEngine=0, TwoSided=0, TSNormal=1, Masked=0, Distorted=0, WritesEveryPixel=1, ModifiesMeshPosition=0, Usage={bUsedWithNiagaraRibbons}"
"/Game/Fantastic_Village_Pack/materials/master_materials/M_Master_transparent.M_Master_transparent","49","0","0","20","20","Compiling M_Master_transparent: Platform=PCD3D_SM6, Usage=LightingModel=MSM_DefaultLit, BlendMode=BLEND_Masked, SpecialEngine=0, TwoSided=1, TSNormal=1, Masked=1, Distorted=0, WritesEveryPixel=0, ModifiesMeshPosition=0, Usage={bUsedWithStaticLighting}"
"/Game/Stylized_PBR_Nature/Rocks/Materials/M_Rock_Master.M_Rock_Master","49","0","0","10","0","Compiling M_Rock_Master: Platform=PCD3D_SM6, Usage=LightingModel=MSM_DefaultLit, BlendMode=BLEND_Opaque, SpecialEngine=0, TwoSided=0, TSNormal=1, Masked=0, Distorted=0, WritesEveryPixel=1, ModifiesMeshPosition=0, Usage={bUsedWithStaticLighting,bUsedWithNanite}"
"/Engine/EngineMaterials/DefaultTextMaterialOpaque.DefaultTextMaterialOpaque","49","0","0","20","0","Compiling DefaultTextMaterialOpaque: Platform=PCD3D_SM6, Usage=LightingModel=MSM_DefaultLit, BlendMode=BLEND_Masked, SpecialEngine=0, TwoSided=1, TSNormal=1, Masked=1, Distorted=0, WritesEveryPixel=0, ModifiesMeshPosition=0, Usage={}"
"/Game/Stylized_PBR_Nature/Foliage/Materials/M_Tree_Trunk_Master.M_Tree_Trunk_Master","49","0","0","15","0","Compiling M_Tree_Trunk_Master: Platform=PCD3D_SM6, Usage=LightingModel=MSM_DefaultLit, BlendMode=BLEND_Opaque, SpecialEngine=0, TwoSided=0, TSNormal=1, Masked=0, Distorted=0, WritesEveryPixel=1, ModifiesMeshPosition=0, Usage={bUsedWithStaticLighting,bUsedWithInstancedStaticMeshes,bUsedWithNanite}"
"/Avalanche/Text3DResources/Materials/Solid/M_DefaultText3DMaterial_Unlit.M_DefaultText3DMaterial_Unlit","49","15","0","15","15","Compiling M_DefaultText3DMaterial_Unlit: Platform=PCD3D_SM6, Usage=LightingModel=MSM_Unlit, BlendMode=BLEND_Opaque, SpecialEngine=0, TwoSided=0, TSNormal=1, Masked=0, Distorted=0, WritesEveryPixel=1, ModifiesMeshPosition=0, Usage={bUsedWithStaticLighting,bUsedWithInstancedStaticMeshes,bUsedWithGeometryCollections,bUsedWithNiagaraMeshParticles,bUsedWithNanite}"
